ISO-10303-21;
HEADER;
/****************************************************************
 * Generated by software with PDElib inside                    *
 * PDElib Version v51a, created Wed 11/30/2011                  *
 * ITI Transcendata (http://www.transcendata.com/)              *
 ****************************************************************/
FILE_DESCRIPTION((''),'2;1');
FILE_NAME('C:\\\X2\BC14D0D5\X0\ \X2\D654BA74\X0\\\JT-S1136SA2.stp','2020-01-08T16:00:14',('LOEN'),(''),'Autodesk Inventor 2013','Autodesk Inventor 2013','');
FILE_SCHEMA(('AUTOMOTIVE_DESIGN { 1 0 10303 214 1 1 1 1 }'));
ENDSEC;
DATA;
#5=APPLICATION_CONTEXT('automotive design');
#6=APPLICATION_PROTOCOL_DEFINITION('International Standard','automotive_design',2001,#5);
#7=PRODUCT_CONTEXT('',#5,'mechanical');
#8=PRODUCT('\X2\BD80D488\X0\1','\X2\BD80D488\X0\1',$,(#7));
#9=PRODUCT_RELATED_PRODUCT_CATEGORY('part',$,(#8));
#10=PRODUCT_DEFINITION_FORMATION('',$,#8);
#11=PRODUCT_DEFINITION_CONTEXT('part definition',#5,'design');
#12=PRODUCT_DEFINITION('',$,#10,#11);
#18=(NAMED_UNIT(*)PLANE_ANGLE_UNIT()SI_UNIT($,.RADIAN.));
#19=DIMENSIONAL_EXPONENTS(0.0,0.0,0.0,0.0,0.0,0.0,0.0);
#20=PLANE_ANGLE_MEASURE_WITH_UNIT(PLANE_ANGLE_MEASURE(0.0174532925),#18);
#24=(CONVERSION_BASED_UNIT('DEGREE',#20)NAMED_UNIT(#19)PLANE_ANGLE_UNIT());
#28=(NAMED_UNIT(*)SI_UNIT($,.STERADIAN.)SOLID_ANGLE_UNIT());
#32=(LENGTH_UNIT()NAMED_UNIT(*)SI_UNIT(.MILLI.,.METRE.));
#34=UNCERTAINTY_MEASURE_WITH_UNIT(LENGTH_MEASURE(0.01),#32,'DISTANCE_ACCURACY_VALUE','');
#36=(GEOMETRIC_REPRESENTATION_CONTEXT(3)GLOBAL_UNCERTAINTY_ASSIGNED_CONTEXT((#34))GLOBAL_UNIT_ASSIGNED_CONTEXT((#24,#28,#32))REPRESENTATION_CONTEXT('None','None'));
#37=AXIS2_PLACEMENT_3D('',#38,#39,#40);
#38=CARTESIAN_POINT('',(0.0,0.0,0.0));
#39=DIRECTION('',(0.0,0.0,1.0));
#40=DIRECTION('',(1.0,0.0,0.0));
#41=SHAPE_REPRESENTATION('',(#37),#36);
#42=PRODUCT_DEFINITION_SHAPE('','',#12);
#43=SHAPE_DEFINITION_REPRESENTATION(#42,#41);
#49=(NAMED_UNIT(*)PLANE_ANGLE_UNIT()SI_UNIT($,.RADIAN.));
#50=DIMENSIONAL_EXPONENTS(0.0,0.0,0.0,0.0,0.0,0.0,0.0);
#51=PLANE_ANGLE_MEASURE_WITH_UNIT(PLANE_ANGLE_MEASURE(0.0174532925),#49);
#55=(CONVERSION_BASED_UNIT('DEGREE',#51)NAMED_UNIT(#50)PLANE_ANGLE_UNIT());
#59=(NAMED_UNIT(*)SI_UNIT($,.STERADIAN.)SOLID_ANGLE_UNIT());
#63=(LENGTH_UNIT()NAMED_UNIT(*)SI_UNIT(.MILLI.,.METRE.));
#65=UNCERTAINTY_MEASURE_WITH_UNIT(LENGTH_MEASURE(0.000001),#63,'DISTANCE_ACCURACY_VALUE','');
#67=(GEOMETRIC_REPRESENTATION_CONTEXT(3)GLOBAL_UNCERTAINTY_ASSIGNED_CONTEXT((#65))GLOBAL_UNIT_ASSIGNED_CONTEXT((#55,#59,#63))REPRESENTATION_CONTEXT('','3D'));
#68=CARTESIAN_POINT('',(3.783204E-015,-5.539871E-015,3.199999999999998));
#69=DIRECTION('',(1.054315E-015,1.210622E-015,-1.0));
#70=DIRECTION('',(0.0,1.0,0.0));
#71=AXIS2_PLACEMENT_3D('',#68,#69,#70);
#72=TOROIDAL_SURFACE('',#71,1.95,0.1);
#73=CARTESIAN_POINT('',(1.850000000000004,-4.123300E-015,3.2));
#74=VERTEX_POINT('',#73);
#75=CARTESIAN_POINT('',(3.783204E-015,-5.539871E-015,3.199999999999998));
#76=DIRECTION('',(0.0,0.0,-1.0));
#77=DIRECTION('',(-1.0,0.0,0.0));
#78=AXIS2_PLACEMENT_3D('',#75,#76,#77);
#79=CIRCLE('',#78,1.85);
#80=EDGE_CURVE('',#74,#74,#79,.T.);
#81=ORIENTED_EDGE('',*,*,#80,.T.);
#82=EDGE_LOOP('',(#81));
#83=FACE_OUTER_BOUND('',#82,.T.);
#84=CARTESIAN_POINT('',(1.950000000000004,-3.690179E-015,3.3));
#85=VERTEX_POINT('',#84);
#86=CARTESIAN_POINT('',(3.726471E-015,-5.600402E-015,3.3));
#87=DIRECTION('',(0.0,0.0,-1.0));
#88=DIRECTION('',(-1.0,0.0,0.0));
#89=AXIS2_PLACEMENT_3D('',#86,#87,#88);
#90=CIRCLE('',#89,1.95);
#91=EDGE_CURVE('',#85,#85,#90,.T.);
#92=ORIENTED_EDGE('',*,*,#91,.F.);
#93=EDGE_LOOP('',(#92));
#94=FACE_BOUND('',#93,.T.);
#95=ADVANCED_FACE('',(#83,#94),#72,.T.);
#96=CARTESIAN_POINT('',(3.672221E-015,-5.660933E-015,3.299999999999999));
#97=DIRECTION('',(1.109826E-015,1.210622E-015,-1.0));
#98=DIRECTION('',(-1.0,0.0,0.0));
#99=AXIS2_PLACEMENT_3D('',#96,#97,#98);
#100=CYLINDRICAL_SURFACE('',#99,1.85);
#101=CARTESIAN_POINT('',(1.850000000000004,-3.609650E-015,3.15));
#102=VERTEX_POINT('',#101);
#103=CARTESIAN_POINT('',(3.838695E-015,-5.479340E-015,3.149999999999999));
#104=DIRECTION('',(0.0,0.0,1.0));
#105=DIRECTION('',(-1.0,0.0,0.0));
#106=AXIS2_PLACEMENT_3D('',#103,#104,#105);
#107=CIRCLE('',#106,1.85);
#108=EDGE_CURVE('',#102,#102,#107,.T.);
#109=ORIENTED_EDGE('',*,*,#108,.F.);
#110=EDGE_LOOP('',(#109));
#111=FACE_OUTER_BOUND('',#110,.T.);
#112=ORIENTED_EDGE('',*,*,#80,.F.);
#113=EDGE_LOOP('',(#112));
#114=FACE_BOUND('',#113,.T.);
#115=ADVANCED_FACE('',(#111,#114),#100,.F.);
#116=CARTESIAN_POINT('',(3.838695E-015,-5.479340E-015,3.149999999999999));
#117=DIRECTION('',(-1.054315E-015,-1.210622E-015,1.0));
#118=DIRECTION('',(0.0,-1.0,0.0));
#119=AXIS2_PLACEMENT_3D('',#116,#117,#118);
#120=TOROIDAL_SURFACE('',#119,1.8,0.05);
#121=ORIENTED_EDGE('',*,*,#108,.T.);
#122=EDGE_LOOP('',(#121));
#123=FACE_OUTER_BOUND('',#122,.T.);
#124=CARTESIAN_POINT('',(1.750000000000004,-4.139341E-015,3.15));
#125=VERTEX_POINT('',#124);
#126=CARTESIAN_POINT('',(3.838695E-015,-5.479340E-015,3.149999999999999));
#127=DIRECTION('',(0.0,0.0,-1.0));
#128=DIRECTION('',(-1.0,0.0,0.0));
#129=AXIS2_PLACEMENT_3D('',#126,#127,#128);
#130=CIRCLE('',#129,1.75);
#131=EDGE_CURVE('',#125,#125,#130,.T.);
#132=ORIENTED_EDGE('',*,*,#131,.T.);
#133=EDGE_LOOP('',(#132));
#134=FACE_BOUND('',#133,.T.);
#135=ADVANCED_FACE('',(#123,#134),#120,.F.);
#136=CARTESIAN_POINT('',(3.672221E-015,-5.660933E-015,3.299999999999999));
#137=DIRECTION('',(-1.109826E-015,-1.210622E-015,1.0));
#138=DIRECTION('',(-1.0,0.0,0.0));
#139=AXIS2_PLACEMENT_3D('',#136,#137,#138);
#140=CYLINDRICAL_SURFACE('',#139,1.75);
#141=CARTESIAN_POINT('',(1.750000000000002,-6.313552E-015,5.300000000000001));
#142=VERTEX_POINT('',#141);
#143=CARTESIAN_POINT('',(1.452569E-015,-8.082177E-015,5.299999999999998));
#144=DIRECTION('',(0.0,0.0,1.0));
#145=DIRECTION('',(-1.0,0.0,0.0));
#146=AXIS2_PLACEMENT_3D('',#143,#144,#145);
#147=CIRCLE('',#146,1.75);
#148=EDGE_CURVE('',#142,#142,#147,.T.);
#149=ORIENTED_EDGE('',*,*,#148,.F.);
#150=EDGE_LOOP('',(#149));
#151=FACE_OUTER_BOUND('',#150,.T.);
#152=ORIENTED_EDGE('',*,*,#131,.F.);
#153=EDGE_LOOP('',(#152));
#154=FACE_BOUND('',#153,.T.);
#155=ADVANCED_FACE('',(#151,#154),#140,.T.);
#156=CARTESIAN_POINT('',(1.452569E-015,-8.082177E-015,5.299999999999998));
#157=DIRECTION('',(-1.054315E-015,-1.210622E-015,1.0));
#158=DIRECTION('',(0.0,-1.0,0.0));
#159=AXIS2_PLACEMENT_3D('',#156,#157,#158);
#160=TOROIDAL_SURFACE('',#159,1.45,0.3);
#161=ORIENTED_EDGE('',*,*,#148,.T.);
#162=EDGE_LOOP('',(#161));
#163=FACE_OUTER_BOUND('',#162,.T.);
#164=CARTESIAN_POINT('',(1.450000000000001,-7.335079E-015,5.6));
#165=VERTEX_POINT('',#164);
#166=CARTESIAN_POINT('',(1.136275E-015,-8.445364E-015,5.599999999999998));
#167=DIRECTION('',(0.0,0.0,-1.0));
#168=DIRECTION('',(-1.0,0.0,0.0));
#169=AXIS2_PLACEMENT_3D('',#166,#167,#168);
#170=CIRCLE('',#169,1.45);
#171=EDGE_CURVE('',#165,#165,#170,.T.);
#172=ORIENTED_EDGE('',*,*,#171,.T.);
#173=EDGE_LOOP('',(#172));
#174=FACE_BOUND('',#173,.T.);
#175=ADVANCED_FACE('',(#163,#174),#160,.T.);
#176=CARTESIAN_POINT('',(1.017174E-015,-8.412321E-015,5.599999999999998));
#177=DIRECTION('',(0.0,0.0,-1.0));
#178=DIRECTION('',(0.0,1.0,0.0));
#179=AXIS2_PLACEMENT_3D('',#176,#177,#178);
#180=PLANE('',#179);
#181=ORIENTED_EDGE('',*,*,#171,.F.);
#182=EDGE_LOOP('',(#181));
#183=FACE_OUTER_BOUND('',#182,.T.);
#184=ADVANCED_FACE('',(#183),#180,.F.);
#185=CARTESIAN_POINT('',(3.538836E-016,0.3,3.3));
#186=DIRECTION('',(0.0,0.0,1.0));
#187=DIRECTION('',(-1.0,0.0,0.0));
#188=AXIS2_PLACEMENT_3D('',#185,#186,#187);
#189=PLANE('',#188);
#190=CARTESIAN_POINT('',(2.700000000000007,-3.000000000000004,3.299999999999997));
#191=VERTEX_POINT('',#190);
#192=CARTESIAN_POINT('',(3.000000000000007,-2.700000000000003,3.299999999999999));
#193=VERTEX_POINT('',#192);
#194=CARTESIAN_POINT('',(2.700000000000007,-2.700000000000004,3.3));
#195=DIRECTION('',(5.039799E-017,-5.039799E-017,1.0));
#196=DIRECTION('',(0.707106781186548,-0.707106781186547,-7.127352E-017));
#197=AXIS2_PLACEMENT_3D('',#194,#195,#196);
#198=CIRCLE('',#197,0.3);
#199=EDGE_CURVE('',#191,#193,#198,.T.);
#200=ORIENTED_EDGE('',*,*,#199,.T.);
#201=CARTESIAN_POINT('',(3.000000000000002,-3.0,3.3));
#202=VERTEX_POINT('',#201);
#203=CARTESIAN_POINT('',(3.000000000000001,-2.700000000000002,3.3));
#204=DIRECTION('',(0.0,-1.0,0.0));
#205=VECTOR('',#204,0.299999999999998);
#206=LINE('',#203,#205);
#207=EDGE_CURVE('',#193,#202,#206,.T.);
#208=ORIENTED_EDGE('',*,*,#207,.T.);
#209=CARTESIAN_POINT('',(3.000000000000002,-3.0,3.3));
#210=DIRECTION('',(-1.0,0.0,0.0));
#211=VECTOR('',#210,0.299999999999994);
#212=LINE('',#209,#211);
#213=EDGE_CURVE('',#202,#191,#212,.T.);
#214=ORIENTED_EDGE('',*,*,#213,.T.);
#215=EDGE_LOOP('',(#200,#208,#214));
#216=FACE_OUTER_BOUND('',#215,.T.);
#217=ADVANCED_FACE('',(#216),#189,.F.);
#218=CARTESIAN_POINT('',(3.538836E-016,0.3,3.3));
#219=DIRECTION('',(0.0,0.0,1.0));
#220=DIRECTION('',(-1.0,0.0,0.0));
#221=AXIS2_PLACEMENT_3D('',#218,#219,#220);
#222=PLANE('',#221);
#223=CARTESIAN_POINT('',(-2.999999999999995,-2.700000000000009,3.299999999999992));
#224=VERTEX_POINT('',#223);
#225=CARTESIAN_POINT('',(-2.699999999999994,-3.000000000000008,3.299999999999992));
#226=VERTEX_POINT('',#225);
#227=CARTESIAN_POINT('',(-2.699999999999995,-2.700000000000008,3.299999999999994));
#228=DIRECTION('',(-1.160224E-015,-1.160224E-015,1.0));
#229=DIRECTION('',(-0.707106781186547,-0.707106781186548,-1.640805E-015));
#230=AXIS2_PLACEMENT_3D('',#227,#228,#229);
#231=CIRCLE('',#230,0.3);
#232=EDGE_CURVE('',#224,#226,#231,.T.);
#233=ORIENTED_EDGE('',*,*,#232,.T.);
#234=CARTESIAN_POINT('',(-3.0,-3.000000000000001,3.3));
#235=VERTEX_POINT('',#234);
#236=CARTESIAN_POINT('',(-2.699999999999993,-3.000000000000001,3.3));
#237=DIRECTION('',(-1.0,0.0,0.0));
#238=VECTOR('',#237,0.300000000000006);
#239=LINE('',#236,#238);
#240=EDGE_CURVE('',#226,#235,#239,.T.);
#241=ORIENTED_EDGE('',*,*,#240,.T.);
#242=CARTESIAN_POINT('',(-3.0,-3.000000000000001,3.3));
#243=DIRECTION('',(0.0,1.0,0.0));
#244=VECTOR('',#243,0.299999999999993);
#245=LINE('',#242,#244);
#246=EDGE_CURVE('',#235,#224,#245,.T.);
#247=ORIENTED_EDGE('',*,*,#246,.T.);
#248=EDGE_LOOP('',(#233,#241,#247));
#249=FACE_OUTER_BOUND('',#248,.T.);
#250=ADVANCED_FACE('',(#249),#222,.F.);
#251=CARTESIAN_POINT('',(3.538836E-016,0.3,3.3));
#252=DIRECTION('',(0.0,0.0,1.0));
#253=DIRECTION('',(-1.0,0.0,0.0));
#254=AXIS2_PLACEMENT_3D('',#251,#252,#253);
#255=PLANE('',#254);
#256=CARTESIAN_POINT('',(-3.000000000000001,2.199999999999995,3.3));
#257=VERTEX_POINT('',#256);
#258=CARTESIAN_POINT('',(-3.0,-1.000000000000001,3.3));
#259=VERTEX_POINT('',#258);
#260=CARTESIAN_POINT('',(-2.999999999999999,2.199999999999995,3.3));
#261=DIRECTION('',(0.0,-1.0,0.0));
#262=VECTOR('',#261,3.199999999999996);
#263=LINE('',#260,#262);
#264=EDGE_CURVE('',#257,#259,#263,.T.);
#265=ORIENTED_EDGE('',*,*,#264,.T.);
#266=CARTESIAN_POINT('',(-3.150000000000001,-1.000000000000001,3.3));
#267=VERTEX_POINT('',#266);
#268=CARTESIAN_POINT('',(-3.150000000000001,-1.000000000000001,3.3));
#269=DIRECTION('',(1.0,0.0,0.0));
#270=VECTOR('',#269,0.150000000000001);
#271=LINE('',#268,#270);
#272=EDGE_CURVE('',#267,#259,#271,.T.);
#273=ORIENTED_EDGE('',*,*,#272,.F.);
#274=CARTESIAN_POINT('',(-3.150000000000002,2.199999999999995,3.3));
#275=VERTEX_POINT('',#274);
#276=CARTESIAN_POINT('',(-3.150000000000001,-1.000000000000001,3.3));
#277=DIRECTION('',(0.0,1.0,0.0));
#278=VECTOR('',#277,3.199999999999996);
#279=LINE('',#276,#278);
#280=EDGE_CURVE('',#267,#275,#279,.T.);
#281=ORIENTED_EDGE('',*,*,#280,.T.);
#282=CARTESIAN_POINT('',(-3.000000000000001,2.199999999999995,3.3));
#283=DIRECTION('',(-1.0,0.0,0.0));
#284=VECTOR('',#283,0.150000000000001);
#285=LINE('',#282,#284);
#286=EDGE_CURVE('',#257,#275,#285,.T.);
#287=ORIENTED_EDGE('',*,*,#286,.F.);
#288=EDGE_LOOP('',(#265,#273,#281,#287));
#289=FACE_OUTER_BOUND('',#288,.T.);
#290=ADVANCED_FACE('',(#289),#255,.F.);
#291=CARTESIAN_POINT('',(3.538836E-016,0.3,3.3));
#292=DIRECTION('',(0.0,0.0,1.0));
#293=DIRECTION('',(-1.0,0.0,0.0));
#294=AXIS2_PLACEMENT_3D('',#291,#292,#293);
#295=PLANE('',#294);
#296=CARTESIAN_POINT('',(3.0,-1.0,3.300000000000001));
#297=VERTEX_POINT('',#296);
#298=CARTESIAN_POINT('',(3.0,2.199999999999996,3.300000000000001));
#299=VERTEX_POINT('',#298);
#300=CARTESIAN_POINT('',(3.000000000000006,-1.0,3.3));
#301=DIRECTION('',(0.0,1.0,0.0));
#302=VECTOR('',#301,3.199999999999995);
#303=LINE('',#300,#302);
#304=EDGE_CURVE('',#297,#299,#303,.T.);
#305=ORIENTED_EDGE('',*,*,#304,.T.);
#306=CARTESIAN_POINT('',(3.15,2.199999999999996,3.300000000000001));
#307=VERTEX_POINT('',#306);
#308=CARTESIAN_POINT('',(3.0,2.199999999999996,3.3));
#309=DIRECTION('',(1.0,0.0,0.0));
#310=VECTOR('',#309,0.150000000000001);
#311=LINE('',#308,#310);
#312=EDGE_CURVE('',#299,#307,#311,.T.);
#313=ORIENTED_EDGE('',*,*,#312,.T.);
#314=CARTESIAN_POINT('',(3.150000000000001,-1.0,3.300000000000001));
#315=VERTEX_POINT('',#314);
#316=CARTESIAN_POINT('',(3.150000000000001,2.199999999999996,3.3));
#317=DIRECTION('',(0.0,-1.0,0.0));
#318=VECTOR('',#317,3.199999999999996);
#319=LINE('',#316,#318);
#320=EDGE_CURVE('',#307,#315,#319,.T.);
#321=ORIENTED_EDGE('',*,*,#320,.T.);
#322=CARTESIAN_POINT('',(3.150000000000001,-1.0,3.300000000000001));
#323=DIRECTION('',(-1.0,0.0,0.0));
#324=VECTOR('',#323,0.150000000000001);
#325=LINE('',#322,#324);
#326=EDGE_CURVE('',#315,#297,#325,.T.);
#327=ORIENTED_EDGE('',*,*,#326,.T.);
#328=EDGE_LOOP('',(#305,#313,#321,#327));
#329=FACE_OUTER_BOUND('',#328,.T.);
#330=ADVANCED_FACE('',(#329),#295,.F.);
#331=CARTESIAN_POINT('',(3.538836E-016,0.3,3.3));
#332=DIRECTION('',(0.0,0.0,1.0));
#333=DIRECTION('',(-1.0,0.0,0.0));
#334=AXIS2_PLACEMENT_3D('',#331,#332,#333);
#335=PLANE('',#334);
#336=ORIENTED_EDGE('',*,*,#91,.T.);
#337=EDGE_LOOP('',(#336));
#338=FACE_OUTER_BOUND('',#337,.T.);
#339=CARTESIAN_POINT('',(-1.825,-6.034025E-016,3.3));
#340=VERTEX_POINT('',#339);
#341=CARTESIAN_POINT('',(-5.473822E-047,0.0,3.3));
#342=DIRECTION('',(0.0,0.0,1.0));
#343=DIRECTION('',(1.0,0.0,0.0));
#344=AXIS2_PLACEMENT_3D('',#341,#342,#343);
#345=CIRCLE('',#344,1.825);
#346=EDGE_CURVE('',#340,#340,#345,.T.);
#347=ORIENTED_EDGE('',*,*,#346,.T.);
#348=EDGE_LOOP('',(#347));
#349=FACE_BOUND('',#348,.T.);
#350=ADVANCED_FACE('',(#338,#349),#335,.F.);
#351=CARTESIAN_POINT('',(3.217478E-016,0.3,3.7));
#352=DIRECTION('',(0.0,0.0,1.0));
#353=DIRECTION('',(-1.0,0.0,0.0));
#354=AXIS2_PLACEMENT_3D('',#351,#352,#353);
#355=PLANE('',#354);
#356=CARTESIAN_POINT('',(-1.000000000000001,3.799999999999999,3.7));
#357=VERTEX_POINT('',#356);
#358=CARTESIAN_POINT('',(-1.000000000000001,4.0,3.7));
#359=VERTEX_POINT('',#358);
#360=CARTESIAN_POINT('',(-1.000000000000001,3.799999999999999,3.7));
#361=DIRECTION('',(0.0,1.0,0.0));
#362=VECTOR('',#361,0.2);
#363=LINE('',#360,#362);
#364=EDGE_CURVE('',#357,#359,#363,.T.);
#365=ORIENTED_EDGE('',*,*,#364,.T.);
#366=CARTESIAN_POINT('',(-2.000000000000001,3.999999999999999,3.7));
#367=VERTEX_POINT('',#366);
#368=CARTESIAN_POINT('',(-1.000000000000001,4.0,3.7));
#369=DIRECTION('',(-1.0,0.0,0.0));
#370=VECTOR('',#369,1.0);
#371=LINE('',#368,#370);
#372=EDGE_CURVE('',#359,#367,#371,.T.);
#373=ORIENTED_EDGE('',*,*,#372,.T.);
#374=CARTESIAN_POINT('',(-2.000000000000001,3.599999999999999,3.7));
#375=VERTEX_POINT('',#374);
#376=CARTESIAN_POINT('',(-2.000000000000001,3.999999999999999,3.7));
#377=DIRECTION('',(0.0,-1.0,0.0));
#378=VECTOR('',#377,0.4);
#379=LINE('',#376,#378);
#380=EDGE_CURVE('',#367,#375,#379,.T.);
#381=ORIENTED_EDGE('',*,*,#380,.T.);
#382=CARTESIAN_POINT('',(-3.000000000000001,3.599999999999999,3.7));
#383=VERTEX_POINT('',#382);
#384=CARTESIAN_POINT('',(-3.000000000000001,3.599999999999999,3.7));
#385=DIRECTION('',(1.0,0.0,0.0));
#386=VECTOR('',#385,1.0);
#387=LINE('',#384,#386);
#388=EDGE_CURVE('',#383,#375,#387,.T.);
#389=ORIENTED_EDGE('',*,*,#388,.F.);
#390=CARTESIAN_POINT('',(-3.000000000000001,2.199999999999995,3.7));
#391=VERTEX_POINT('',#390);
#392=CARTESIAN_POINT('',(-3.000000000000001,2.199999999999995,3.7));
#393=DIRECTION('',(0.0,1.0,0.0));
#394=VECTOR('',#393,1.400000000000005);
#395=LINE('',#392,#394);
#396=EDGE_CURVE('',#391,#383,#395,.T.);
#397=ORIENTED_EDGE('',*,*,#396,.F.);
#398=CARTESIAN_POINT('',(-3.250000000000001,2.199999999999995,3.7));
#399=VERTEX_POINT('',#398);
#400=CARTESIAN_POINT('',(-3.000000000000001,2.199999999999995,3.7));
#401=DIRECTION('',(-1.0,0.0,0.0));
#402=VECTOR('',#401,0.25);
#403=LINE('',#400,#402);
#404=EDGE_CURVE('',#391,#399,#403,.T.);
#405=ORIENTED_EDGE('',*,*,#404,.T.);
#406=CARTESIAN_POINT('',(-3.250000000000001,-1.000000000000001,3.7));
#407=VERTEX_POINT('',#406);
#408=CARTESIAN_POINT('',(-3.25,-1.000000000000001,3.7));
#409=DIRECTION('',(0.0,1.0,0.0));
#410=VECTOR('',#409,3.199999999999996);
#411=LINE('',#408,#410);
#412=EDGE_CURVE('',#407,#399,#411,.T.);
#413=ORIENTED_EDGE('',*,*,#412,.F.);
#414=CARTESIAN_POINT('',(-3.0,-1.000000000000001,3.7));
#415=VERTEX_POINT('',#414);
#416=CARTESIAN_POINT('',(-3.25,-1.000000000000001,3.7));
#417=DIRECTION('',(1.0,0.0,0.0));
#418=VECTOR('',#417,0.25);
#419=LINE('',#416,#418);
#420=EDGE_CURVE('',#407,#415,#419,.T.);
#421=ORIENTED_EDGE('',*,*,#420,.T.);
#422=CARTESIAN_POINT('',(-3.0,-3.000000000000001,3.7));
#423=VERTEX_POINT('',#422);
#424=CARTESIAN_POINT('',(-3.0,-3.000000000000001,3.7));
#425=DIRECTION('',(0.0,1.0,0.0));
#426=VECTOR('',#425,2.0);
#427=LINE('',#424,#426);
#428=EDGE_CURVE('',#423,#415,#427,.T.);
#429=ORIENTED_EDGE('',*,*,#428,.F.);
#430=CARTESIAN_POINT('',(3.000000000000002,-3.0,3.700000000000001));
#431=VERTEX_POINT('',#430);
#432=CARTESIAN_POINT('',(3.000000000000002,-3.0,3.700000000000001));
#433=DIRECTION('',(-1.0,0.0,0.0));
#434=VECTOR('',#433,6.000000000000001);
#435=LINE('',#432,#434);
#436=EDGE_CURVE('',#431,#423,#435,.T.);
#437=ORIENTED_EDGE('',*,*,#436,.F.);
#438=CARTESIAN_POINT('',(3.0,-1.0,3.700000000000001));
#439=VERTEX_POINT('',#438);
#440=CARTESIAN_POINT('',(3.000000000000001,-1.0,3.700000000000001));
#441=DIRECTION('',(0.0,-1.0,0.0));
#442=VECTOR('',#441,2.000000000000001);
#443=LINE('',#440,#442);
#444=EDGE_CURVE('',#439,#431,#443,.T.);
#445=ORIENTED_EDGE('',*,*,#444,.F.);
#446=CARTESIAN_POINT('',(3.250000000000001,-1.0,3.700000000000001));
#447=VERTEX_POINT('',#446);
#448=CARTESIAN_POINT('',(3.25,-1.0,3.700000000000001));
#449=DIRECTION('',(-1.0,0.0,0.0));
#450=VECTOR('',#449,0.25);
#451=LINE('',#448,#450);
#452=EDGE_CURVE('',#447,#439,#451,.T.);
#453=ORIENTED_EDGE('',*,*,#452,.F.);
#454=CARTESIAN_POINT('',(3.25,2.199999999999996,3.700000000000001));
#455=VERTEX_POINT('',#454);
#456=CARTESIAN_POINT('',(3.250000000000001,2.199999999999996,3.700000000000001));
#457=DIRECTION('',(0.0,-1.0,0.0));
#458=VECTOR('',#457,3.199999999999995);
#459=LINE('',#456,#458);
#460=EDGE_CURVE('',#455,#447,#459,.T.);
#461=ORIENTED_EDGE('',*,*,#460,.F.);
#462=CARTESIAN_POINT('',(3.0,2.199999999999996,3.700000000000001));
#463=VERTEX_POINT('',#462);
#464=CARTESIAN_POINT('',(3.0,2.199999999999996,3.700000000000001));
#465=DIRECTION('',(1.0,0.0,0.0));
#466=VECTOR('',#465,0.25);
#467=LINE('',#464,#466);
#468=EDGE_CURVE('',#463,#455,#467,.T.);
#469=ORIENTED_EDGE('',*,*,#468,.F.);
#470=CARTESIAN_POINT('',(2.999999999999999,3.600000000000001,3.700000000000001));
#471=VERTEX_POINT('',#470);
#472=CARTESIAN_POINT('',(2.999999999999999,3.600000000000001,3.700000000000001));
#473=DIRECTION('',(0.0,-1.0,0.0));
#474=VECTOR('',#473,1.400000000000005);
#475=LINE('',#472,#474);
#476=EDGE_CURVE('',#471,#463,#475,.T.);
#477=ORIENTED_EDGE('',*,*,#476,.F.);
#478=CARTESIAN_POINT('',(1.999999999999999,3.600000000000001,3.700000000000001));
#479=VERTEX_POINT('',#478);
#480=CARTESIAN_POINT('',(1.999999999999999,3.600000000000001,3.700000000000001));
#481=DIRECTION('',(1.0,0.0,0.0));
#482=VECTOR('',#481,1.000000000000001);
#483=LINE('',#480,#482);
#484=EDGE_CURVE('',#479,#471,#483,.T.);
#485=ORIENTED_EDGE('',*,*,#484,.F.);
#486=CARTESIAN_POINT('',(1.999999999999999,4.0,3.700000000000001));
#487=VERTEX_POINT('',#486);
#488=CARTESIAN_POINT('',(1.999999999999999,3.600000000000001,3.700000000000001));
#489=DIRECTION('',(0.0,1.0,0.0));
#490=VECTOR('',#489,0.399999999999999);
#491=LINE('',#488,#490);
#492=EDGE_CURVE('',#479,#487,#491,.T.);
#493=ORIENTED_EDGE('',*,*,#492,.T.);
#494=CARTESIAN_POINT('',(0.999999999999999,4.0,3.700000000000001));
#495=VERTEX_POINT('',#494);
#496=CARTESIAN_POINT('',(1.999999999999999,4.0,3.700000000000001));
#497=DIRECTION('',(-1.0,0.0,0.0));
#498=VECTOR('',#497,1.0);
#499=LINE('',#496,#498);
#500=EDGE_CURVE('',#487,#495,#499,.T.);
#501=ORIENTED_EDGE('',*,*,#500,.T.);
#502=CARTESIAN_POINT('',(0.999999999999999,3.8,3.700000000000001));
#503=VERTEX_POINT('',#502);
#504=CARTESIAN_POINT('',(0.999999999999999,4.0,3.700000000000001));
#505=DIRECTION('',(0.0,-1.0,0.0));
#506=VECTOR('',#505,0.2);
#507=LINE('',#504,#506);
#508=EDGE_CURVE('',#495,#503,#507,.T.);
#509=ORIENTED_EDGE('',*,*,#508,.T.);
#510=CARTESIAN_POINT('',(0.599999999999999,3.8,3.700000000000001));
#511=VERTEX_POINT('',#510);
#512=CARTESIAN_POINT('',(0.799999999999999,3.8,3.700000000000001));
#513=DIRECTION('',(-4.016969E-017,-4.016969E-017,1.0));
#514=DIRECTION('',(-0.707106781186547,-0.707106781186548,-5.680852E-017));
#515=AXIS2_PLACEMENT_3D('',#512,#513,#514);
#516=CIRCLE('',#515,0.2);
#517=EDGE_CURVE('',#511,#503,#516,.T.);
#518=ORIENTED_EDGE('',*,*,#517,.F.);
#519=CARTESIAN_POINT('',(0.599999999999998,4.699999999999999,3.700000000000001));
#520=VERTEX_POINT('',#519);
#521=CARTESIAN_POINT('',(0.599999999999999,3.8,3.700000000000001));
#522=DIRECTION('',(0.0,1.0,0.0));
#523=VECTOR('',#522,0.9);
#524=LINE('',#521,#523);
#525=EDGE_CURVE('',#511,#520,#524,.T.);
#526=ORIENTED_EDGE('',*,*,#525,.T.);
#527=CARTESIAN_POINT('',(0.299999999999998,5.0,3.7));
#528=VERTEX_POINT('',#527);
#529=CARTESIAN_POINT('',(0.299999999999997,5.0,3.700000000000001));
#530=DIRECTION('',(0.707106781186548,-0.707106781186547,0.0));
#531=VECTOR('',#530,0.424264068711929);
#532=LINE('',#529,#531);
#533=EDGE_CURVE('',#528,#520,#532,.T.);
#534=ORIENTED_EDGE('',*,*,#533,.F.);
#535=CARTESIAN_POINT('',(-0.300000000000001,5.0,3.7));
#536=VERTEX_POINT('',#535);
#537=CARTESIAN_POINT('',(0.299999999999998,5.0,3.700000000000001));
#538=DIRECTION('',(-1.0,0.0,0.0));
#539=VECTOR('',#538,0.6);
#540=LINE('',#537,#539);
#541=EDGE_CURVE('',#528,#536,#540,.T.);
#542=ORIENTED_EDGE('',*,*,#541,.T.);
#543=CARTESIAN_POINT('',(-0.600000000000001,4.699999999999999,3.7));
#544=VERTEX_POINT('',#543);
#545=CARTESIAN_POINT('',(-0.600000000000001,4.699999999999999,3.7));
#546=DIRECTION('',(0.707106781186547,0.707106781186548,0.0));
#547=VECTOR('',#546,0.424264068711929);
#548=LINE('',#545,#547);
#549=EDGE_CURVE('',#544,#536,#548,.T.);
#550=ORIENTED_EDGE('',*,*,#549,.F.);
#551=CARTESIAN_POINT('',(-0.600000000000001,3.8,3.7));
#552=VERTEX_POINT('',#551);
#553=CARTESIAN_POINT('',(-0.600000000000001,3.8,3.7));
#554=DIRECTION('',(0.0,1.0,0.0));
#555=VECTOR('',#554,0.899999999999999);
#556=LINE('',#553,#555);
#557=EDGE_CURVE('',#552,#544,#556,.T.);
#558=ORIENTED_EDGE('',*,*,#557,.F.);
#559=CARTESIAN_POINT('',(-0.800000000000001,3.799999999999999,3.7));
#560=DIRECTION('',(-4.016969E-017,-4.016969E-017,1.0));
#561=DIRECTION('',(-0.707106781186547,-0.707106781186548,-5.680852E-017));
#562=AXIS2_PLACEMENT_3D('',#559,#560,#561);
#563=CIRCLE('',#562,0.2);
#564=EDGE_CURVE('',#357,#552,#563,.T.);
#565=ORIENTED_EDGE('',*,*,#564,.F.);
#566=EDGE_LOOP('',(#365,#373,#381,#389,#397,#405,#413,#421,#429,#437,#445,#453,#461,#469,#477,#485,#493,#501,#509,#518,#526,#534,#542,#550,#558,#565));
#567=FACE_OUTER_BOUND('',#566,.T.);
#568=CARTESIAN_POINT('',(2.508991842914098,-2.593095460432386,3.7));
#569=VERTEX_POINT('',#568);
#570=CARTESIAN_POINT('',(2.200000000000001,-2.2,3.700000000000001));
#571=DIRECTION('',(-5.670749E-016,7.214254E-016,-1.0));
#572=DIRECTION('',(0.617983685828195,-0.786190920864773,-9.176211E-016));
#573=AXIS2_PLACEMENT_3D('',#570,#571,#572);
#574=CIRCLE('',#573,0.5);
#575=EDGE_CURVE('',#569,#569,#574,.T.);
#576=ORIENTED_EDGE('',*,*,#575,.T.);
#577=EDGE_LOOP('',(#576));
#578=FACE_BOUND('',#577,.T.);
#579=CARTESIAN_POINT('',(-2.593095460432385,-2.508991842914099,3.699999999999999));
#580=VERTEX_POINT('',#579);
#581=CARTESIAN_POINT('',(-2.199999999999998,-2.200000000000001,3.7));
#582=DIRECTION('',(7.214254E-016,5.670749E-016,-1.0));
#583=DIRECTION('',(-0.786190920864773,-0.617983685828195,-9.176211E-016));
#584=AXIS2_PLACEMENT_3D('',#581,#582,#583);
#585=CIRCLE('',#584,0.5);
#586=EDGE_CURVE('',#580,#580,#585,.T.);
#587=ORIENTED_EDGE('',*,*,#586,.T.);
#588=EDGE_LOOP('',(#587));
#589=FACE_BOUND('',#588,.T.);
#590=CARTESIAN_POINT('',(-2.508991842914099,2.593095460432386,3.699999999999999));
#591=VERTEX_POINT('',#590);
#592=CARTESIAN_POINT('',(-2.200000000000001,2.199999999999999,3.7));
#593=DIRECTION('',(5.670749E-016,-7.214254E-016,-1.0));
#594=DIRECTION('',(-0.617983685828195,0.786190920864773,-9.176211E-016));
#595=AXIS2_PLACEMENT_3D('',#592,#593,#594);
#596=CIRCLE('',#595,0.5);
#597=EDGE_CURVE('',#591,#591,#596,.T.);
#598=ORIENTED_EDGE('',*,*,#597,.T.);
#599=EDGE_LOOP('',(#598));
#600=FACE_BOUND('',#599,.T.);
#601=CARTESIAN_POINT('',(2.593095460432386,2.508991842914099,3.699999999999999));
#602=VERTEX_POINT('',#601);
#603=CARTESIAN_POINT('',(2.2,2.200000000000002,3.7));
#604=DIRECTION('',(-7.214254E-016,-5.670749E-016,-1.0));
#605=DIRECTION('',(0.786190920864773,0.617983685828195,-9.176211E-016));
#606=AXIS2_PLACEMENT_3D('',#603,#604,#605);
#607=CIRCLE('',#606,0.5);
#608=EDGE_CURVE('',#602,#602,#607,.T.);
#609=ORIENTED_EDGE('',*,*,#608,.T.);
#610=EDGE_LOOP('',(#609));
#611=FACE_BOUND('',#610,.T.);
#612=CARTESIAN_POINT('',(-1.825,-6.034025E-016,3.7));
#613=VERTEX_POINT('',#612);
#614=CARTESIAN_POINT('',(-3.213575E-017,-2.229866E-034,3.7));
#615=DIRECTION('',(0.0,0.0,-1.0));
#616=DIRECTION('',(1.0,0.0,0.0));
#617=AXIS2_PLACEMENT_3D('',#614,#615,#616);
#618=CIRCLE('',#617,1.825);
#619=EDGE_CURVE('',#613,#613,#618,.T.);
#620=ORIENTED_EDGE('',*,*,#619,.T.);
#621=EDGE_LOOP('',(#620));
#622=FACE_BOUND('',#621,.T.);
#623=ADVANCED_FACE('',(#567,#578,#589,#600,#611,#622),#355,.T.);
#624=CARTESIAN_POINT('',(-0.800000000000001,3.8,3.7));
#625=DIRECTION('',(8.033937E-017,5.574664E-034,-1.0));
#626=DIRECTION('',(0.707106781186547,-0.707106781186548,5.680852E-017));
#627=AXIS2_PLACEMENT_3D('',#624,#625,#626);
#628=CYLINDRICAL_SURFACE('',#627,0.2);
#629=ORIENTED_EDGE('',*,*,#564,.T.);
#630=CARTESIAN_POINT('',(-0.600000000000001,3.8,3.3));
#631=VERTEX_POINT('',#630);
#632=CARTESIAN_POINT('',(-0.600000000000001,3.8,3.7));
#633=DIRECTION('',(0.0,0.0,-1.0));
#634=VECTOR('',#633,0.4);
#635=LINE('',#632,#634);
#636=EDGE_CURVE('',#552,#631,#635,.T.);
#637=ORIENTED_EDGE('',*,*,#636,.T.);
#638=CARTESIAN_POINT('',(-1.000000000000001,3.799999999999999,3.3));
#639=VERTEX_POINT('',#638);
#640=CARTESIAN_POINT('',(-0.800000000000001,3.8,3.3));
#641=DIRECTION('',(4.016969E-017,-4.016969E-017,-1.0));
#642=DIRECTION('',(0.707106781186547,-0.707106781186548,5.680852E-017));
#643=AXIS2_PLACEMENT_3D('',#640,#641,#642);
#644=CIRCLE('',#643,0.2);
#645=EDGE_CURVE('',#631,#639,#644,.T.);
#646=ORIENTED_EDGE('',*,*,#645,.T.);
#647=CARTESIAN_POINT('',(-1.000000000000001,3.799999999999999,3.3));
#648=DIRECTION('',(0.0,0.0,1.0));
#649=VECTOR('',#648,0.4);
#650=LINE('',#647,#649);
#651=EDGE_CURVE('',#639,#357,#650,.T.);
#652=ORIENTED_EDGE('',*,*,#651,.T.);
#653=EDGE_LOOP('',(#629,#637,#646,#652));
#654=FACE_OUTER_BOUND('',#653,.T.);
#655=ADVANCED_FACE('',(#654),#628,.F.);
#656=CARTESIAN_POINT('',(-0.600000000000001,4.0,3.7));
#657=DIRECTION('',(-1.0,0.0,0.0));
#658=DIRECTION('',(0.0,0.0,-1.0));
#659=AXIS2_PLACEMENT_3D('',#656,#657,#658);
#660=PLANE('',#659);
#661=ORIENTED_EDGE('',*,*,#636,.F.);
#662=ORIENTED_EDGE('',*,*,#557,.T.);
#663=CARTESIAN_POINT('',(-0.600000000000001,4.699999999999999,3.3));
#664=VERTEX_POINT('',#663);
#665=CARTESIAN_POINT('',(-0.600000000000001,4.699999999999999,3.3));
#666=DIRECTION('',(0.0,0.0,1.0));
#667=VECTOR('',#666,0.4);
#668=LINE('',#665,#667);
#669=EDGE_CURVE('',#664,#544,#668,.T.);
#670=ORIENTED_EDGE('',*,*,#669,.F.);
#671=CARTESIAN_POINT('',(-0.600000000000001,4.699999999999999,3.3));
#672=DIRECTION('',(0.0,-1.0,0.0));
#673=VECTOR('',#672,0.899999999999999);
#674=LINE('',#671,#673);
#675=EDGE_CURVE('',#664,#631,#674,.T.);
#676=ORIENTED_EDGE('',*,*,#675,.T.);
#677=EDGE_LOOP('',(#661,#662,#670,#676));
#678=FACE_OUTER_BOUND('',#677,.T.);
#679=ADVANCED_FACE('',(#678),#660,.T.);
#680=CARTESIAN_POINT('',(0.799999999999999,3.8,3.700000000000001));
#681=DIRECTION('',(8.033937E-017,5.574664E-034,-1.0));
#682=DIRECTION('',(0.707106781186547,-0.707106781186548,5.680852E-017));
#683=AXIS2_PLACEMENT_3D('',#680,#681,#682);
#684=CYLINDRICAL_SURFACE('',#683,0.2);
#685=ORIENTED_EDGE('',*,*,#517,.T.);
#686=CARTESIAN_POINT('',(0.999999999999999,3.8,3.3));
#687=VERTEX_POINT('',#686);
#688=CARTESIAN_POINT('',(0.999999999999999,3.8,3.700000000000001));
#689=DIRECTION('',(0.0,0.0,-1.0));
#690=VECTOR('',#689,0.4);
#691=LINE('',#688,#690);
#692=EDGE_CURVE('',#503,#687,#691,.T.);
#693=ORIENTED_EDGE('',*,*,#692,.T.);
#694=CARTESIAN_POINT('',(0.599999999999999,3.8,3.3));
#695=VERTEX_POINT('',#694);
#696=CARTESIAN_POINT('',(0.799999999999999,3.8,3.3));
#697=DIRECTION('',(4.016969E-017,-4.016969E-017,-1.0));
#698=DIRECTION('',(0.707106781186547,-0.707106781186548,5.680852E-017));
#699=AXIS2_PLACEMENT_3D('',#696,#697,#698);
#700=CIRCLE('',#699,0.2);
#701=EDGE_CURVE('',#687,#695,#700,.T.);
#702=ORIENTED_EDGE('',*,*,#701,.T.);
#703=CARTESIAN_POINT('',(0.599999999999999,3.8,3.300000000000001));
#704=DIRECTION('',(0.0,0.0,1.0));
#705=VECTOR('',#704,0.4);
#706=LINE('',#703,#705);
#707=EDGE_CURVE('',#695,#511,#706,.T.);
#708=ORIENTED_EDGE('',*,*,#707,.T.);
#709=EDGE_LOOP('',(#685,#693,#702,#708));
#710=FACE_OUTER_BOUND('',#709,.T.);
#711=ADVANCED_FACE('',(#710),#684,.F.);
#712=CARTESIAN_POINT('',(0.999999999999999,4.0,3.700000000000001));
#713=DIRECTION('',(1.0,0.0,0.0));
#714=DIRECTION('',(0.0,-1.0,0.0));
#715=AXIS2_PLACEMENT_3D('',#712,#713,#714);
#716=PLANE('',#715);
#717=ORIENTED_EDGE('',*,*,#692,.F.);
#718=ORIENTED_EDGE('',*,*,#508,.F.);
#719=CARTESIAN_POINT('',(0.999999999999999,4.0,3.3));
#720=VERTEX_POINT('',#719);
#721=CARTESIAN_POINT('',(0.999999999999999,4.0,3.300000000000001));
#722=DIRECTION('',(0.0,0.0,1.0));
#723=VECTOR('',#722,0.4);
#724=LINE('',#721,#723);
#725=EDGE_CURVE('',#720,#495,#724,.T.);
#726=ORIENTED_EDGE('',*,*,#725,.F.);
#727=CARTESIAN_POINT('',(0.999999999999999,3.8,3.3));
#728=DIRECTION('',(0.0,1.0,0.0));
#729=VECTOR('',#728,0.2);
#730=LINE('',#727,#729);
#731=EDGE_CURVE('',#687,#720,#730,.T.);
#732=ORIENTED_EDGE('',*,*,#731,.F.);
#733=EDGE_LOOP('',(#717,#718,#726,#732));
#734=FACE_OUTER_BOUND('',#733,.T.);
#735=ADVANCED_FACE('',(#734),#716,.F.);
#736=CARTESIAN_POINT('',(-1.000000000000001,3.599999999999999,3.7));
#737=DIRECTION('',(-1.0,0.0,0.0));
#738=DIRECTION('',(0.0,1.0,0.0));
#739=AXIS2_PLACEMENT_3D('',#736,#737,#738);
#740=PLANE('',#739);
#741=ORIENTED_EDGE('',*,*,#651,.F.);
#742=CARTESIAN_POINT('',(-1.000000000000001,4.0,3.3));
#743=VERTEX_POINT('',#742);
#744=CARTESIAN_POINT('',(-1.000000000000001,4.0,3.3));
#745=DIRECTION('',(0.0,-1.0,0.0));
#746=VECTOR('',#745,0.2);
#747=LINE('',#744,#746);
#748=EDGE_CURVE('',#743,#639,#747,.T.);
#749=ORIENTED_EDGE('',*,*,#748,.F.);
#750=CARTESIAN_POINT('',(-1.000000000000001,4.0,3.7));
#751=DIRECTION('',(0.0,0.0,-1.0));
#752=VECTOR('',#751,0.4);
#753=LINE('',#750,#752);
#754=EDGE_CURVE('',#359,#743,#753,.T.);
#755=ORIENTED_EDGE('',*,*,#754,.F.);
#756=ORIENTED_EDGE('',*,*,#364,.F.);
#757=EDGE_LOOP('',(#741,#749,#755,#756));
#758=FACE_OUTER_BOUND('',#757,.T.);
#759=ADVANCED_FACE('',(#758),#740,.F.);
#760=CARTESIAN_POINT('',(3.538836E-016,0.3,3.3));
#761=DIRECTION('',(0.0,0.0,1.0));
#762=DIRECTION('',(-1.0,0.0,0.0));
#763=AXIS2_PLACEMENT_3D('',#760,#761,#762);
#764=PLANE('',#763);
#765=CARTESIAN_POINT('',(-2.7,2.999999999999993,3.299999999999999));
#766=VERTEX_POINT('',#765);
#767=CARTESIAN_POINT('',(-2.999999999999999,2.699999999999992,3.299999999999998));
#768=VERTEX_POINT('',#767);
#769=CARTESIAN_POINT('',(-2.699999999999999,2.699999999999992,3.3));
#770=DIRECTION('',(5.039799E-017,-5.039799E-017,1.0));
#771=DIRECTION('',(-0.707106781186548,0.707106781186547,7.127352E-017));
#772=AXIS2_PLACEMENT_3D('',#769,#770,#771);
#773=CIRCLE('',#772,0.3);
#774=EDGE_CURVE('',#766,#768,#773,.T.);
#775=ORIENTED_EDGE('',*,*,#774,.T.);
#776=CARTESIAN_POINT('',(-3.000000000000001,3.599999999999999,3.3));
#777=VERTEX_POINT('',#776);
#778=CARTESIAN_POINT('',(-3.000000000000001,2.699999999999992,3.3));
#779=DIRECTION('',(0.0,1.0,0.0));
#780=VECTOR('',#779,0.900000000000007);
#781=LINE('',#778,#780);
#782=EDGE_CURVE('',#768,#777,#781,.T.);
#783=ORIENTED_EDGE('',*,*,#782,.T.);
#784=CARTESIAN_POINT('',(-2.000000000000001,3.599999999999999,3.3));
#785=VERTEX_POINT('',#784);
#786=CARTESIAN_POINT('',(-3.000000000000001,3.599999999999999,3.3));
#787=DIRECTION('',(1.0,0.0,0.0));
#788=VECTOR('',#787,1.0);
#789=LINE('',#786,#788);
#790=EDGE_CURVE('',#777,#785,#789,.T.);
#791=ORIENTED_EDGE('',*,*,#790,.T.);
#792=CARTESIAN_POINT('',(-2.000000000000001,3.999999999999999,3.3));
#793=VERTEX_POINT('',#792);
#794=CARTESIAN_POINT('',(-2.000000000000001,3.599999999999999,3.3));
#795=DIRECTION('',(0.0,1.0,0.0));
#796=VECTOR('',#795,0.4);
#797=LINE('',#794,#796);
#798=EDGE_CURVE('',#785,#793,#797,.T.);
#799=ORIENTED_EDGE('',*,*,#798,.T.);
#800=CARTESIAN_POINT('',(-2.000000000000001,4.0,3.3));
#801=DIRECTION('',(1.0,0.0,0.0));
#802=VECTOR('',#801,1.0);
#803=LINE('',#800,#802);
#804=EDGE_CURVE('',#793,#743,#803,.T.);
#805=ORIENTED_EDGE('',*,*,#804,.T.);
#806=ORIENTED_EDGE('',*,*,#748,.T.);
#807=ORIENTED_EDGE('',*,*,#645,.F.);
#808=ORIENTED_EDGE('',*,*,#675,.F.);
#809=CARTESIAN_POINT('',(-0.300000000000001,5.0,3.3));
#810=VERTEX_POINT('',#809);
#811=CARTESIAN_POINT('',(-0.300000000000001,5.0,3.3));
#812=DIRECTION('',(-0.707106781186547,-0.707106781186548,0.0));
#813=VECTOR('',#812,0.424264068711929);
#814=LINE('',#811,#813);
#815=EDGE_CURVE('',#810,#664,#814,.T.);
#816=ORIENTED_EDGE('',*,*,#815,.F.);
#817=CARTESIAN_POINT('',(0.299999999999998,5.0,3.3));
#818=VERTEX_POINT('',#817);
#819=CARTESIAN_POINT('',(-0.300000000000001,5.0,3.3));
#820=DIRECTION('',(1.0,0.0,0.0));
#821=VECTOR('',#820,0.6);
#822=LINE('',#819,#821);
#823=EDGE_CURVE('',#810,#818,#822,.T.);
#824=ORIENTED_EDGE('',*,*,#823,.T.);
#825=CARTESIAN_POINT('',(0.599999999999998,4.699999999999999,3.3));
#826=VERTEX_POINT('',#825);
#827=CARTESIAN_POINT('',(0.599999999999998,4.7,3.3));
#828=DIRECTION('',(-0.707106781186548,0.707106781186547,0.0));
#829=VECTOR('',#828,0.424264068711929);
#830=LINE('',#827,#829);
#831=EDGE_CURVE('',#826,#818,#830,.T.);
#832=ORIENTED_EDGE('',*,*,#831,.F.);
#833=CARTESIAN_POINT('',(0.599999999999998,4.699999999999999,3.3));
#834=DIRECTION('',(0.0,-1.0,0.0));
#835=VECTOR('',#834,0.899999999999999);
#836=LINE('',#833,#835);
#837=EDGE_CURVE('',#826,#695,#836,.T.);
#838=ORIENTED_EDGE('',*,*,#837,.T.);
#839=ORIENTED_EDGE('',*,*,#701,.F.);
#840=ORIENTED_EDGE('',*,*,#731,.T.);
#841=CARTESIAN_POINT('',(1.999999999999999,4.0,3.3));
#842=VERTEX_POINT('',#841);
#843=CARTESIAN_POINT('',(0.999999999999999,4.0,3.3));
#844=DIRECTION('',(1.0,0.0,0.0));
#845=VECTOR('',#844,1.0);
#846=LINE('',#843,#845);
#847=EDGE_CURVE('',#720,#842,#846,.T.);
#848=ORIENTED_EDGE('',*,*,#847,.T.);
#849=CARTESIAN_POINT('',(1.999999999999999,3.600000000000001,3.3));
#850=VERTEX_POINT('',#849);
#851=CARTESIAN_POINT('',(1.999999999999999,4.0,3.3));
#852=DIRECTION('',(0.0,-1.0,0.0));
#853=VECTOR('',#852,0.399999999999999);
#854=LINE('',#851,#853);
#855=EDGE_CURVE('',#842,#850,#854,.T.);
#856=ORIENTED_EDGE('',*,*,#855,.T.);
#857=CARTESIAN_POINT('',(2.999999999999999,3.600000000000001,3.3));
#858=VERTEX_POINT('',#857);
#859=CARTESIAN_POINT('',(1.999999999999999,3.600000000000001,3.300000000000001));
#860=DIRECTION('',(1.0,0.0,0.0));
#861=VECTOR('',#860,1.000000000000001);
#862=LINE('',#859,#861);
#863=EDGE_CURVE('',#850,#858,#862,.T.);
#864=ORIENTED_EDGE('',*,*,#863,.T.);
#865=CARTESIAN_POINT('',(3.000000000000002,2.699999999999998,3.300000000000005));
#866=VERTEX_POINT('',#865);
#867=CARTESIAN_POINT('',(2.999999999999999,3.600000000000001,3.3));
#868=DIRECTION('',(0.0,-1.0,0.0));
#869=VECTOR('',#868,0.900000000000003);
#870=LINE('',#867,#869);
#871=EDGE_CURVE('',#858,#866,#870,.T.);
#872=ORIENTED_EDGE('',*,*,#871,.T.);
#873=CARTESIAN_POINT('',(2.700000000000002,2.999999999999998,3.300000000000005));
#874=VERTEX_POINT('',#873);
#875=CARTESIAN_POINT('',(2.700000000000002,2.699999999999998,3.300000000000006));
#876=DIRECTION('',(-1.160224E-015,-1.160224E-015,1.0));
#877=DIRECTION('',(0.707106781186547,0.707106781186548,1.640805E-015));
#878=AXIS2_PLACEMENT_3D('',#875,#876,#877);
#879=CIRCLE('',#878,0.3);
#880=EDGE_CURVE('',#866,#874,#879,.T.);
#881=ORIENTED_EDGE('',*,*,#880,.T.);
#882=CARTESIAN_POINT('',(2.700000000000002,2.999999999999999,3.3));
#883=DIRECTION('',(-1.0,0.0,0.0));
#884=VECTOR('',#883,5.400000000000002);
#885=LINE('',#882,#884);
#886=EDGE_CURVE('',#874,#766,#885,.T.);
#887=ORIENTED_EDGE('',*,*,#886,.T.);
#888=EDGE_LOOP('',(#775,#783,#791,#799,#805,#806,#807,#808,#816,#824,#832,#838,#839,#840,#848,#856,#864,#872,#881,#887));
#889=FACE_OUTER_BOUND('',#888,.T.);
#890=ADVANCED_FACE('',(#889),#764,.F.);
#891=CARTESIAN_POINT('',(-2.000000000000001,3.999999999999999,3.7));
#892=DIRECTION('',(0.0,1.0,0.0));
#893=DIRECTION('',(1.0,0.0,0.0));
#894=AXIS2_PLACEMENT_3D('',#891,#892,#893);
#895=PLANE('',#894);
#896=ORIENTED_EDGE('',*,*,#754,.T.);
#897=ORIENTED_EDGE('',*,*,#804,.F.);
#898=CARTESIAN_POINT('',(-2.000000000000001,3.999999999999999,3.7));
#899=DIRECTION('',(0.0,0.0,-1.0));
#900=VECTOR('',#899,0.4);
#901=LINE('',#898,#900);
#902=EDGE_CURVE('',#367,#793,#901,.T.);
#903=ORIENTED_EDGE('',*,*,#902,.F.);
#904=ORIENTED_EDGE('',*,*,#372,.F.);
#905=EDGE_LOOP('',(#896,#897,#903,#904));
#906=FACE_OUTER_BOUND('',#905,.T.);
#907=ADVANCED_FACE('',(#906),#895,.T.);
#908=CARTESIAN_POINT('',(-2.000000000000001,3.999999999999999,3.7));
#909=DIRECTION('',(0.0,1.0,0.0));
#910=DIRECTION('',(1.0,0.0,0.0));
#911=AXIS2_PLACEMENT_3D('',#908,#909,#910);
#912=PLANE('',#911);
#913=ORIENTED_EDGE('',*,*,#725,.T.);
#914=ORIENTED_EDGE('',*,*,#500,.F.);
#915=CARTESIAN_POINT('',(1.999999999999999,4.0,3.700000000000001));
#916=DIRECTION('',(0.0,0.0,-1.0));
#917=VECTOR('',#916,0.4);
#918=LINE('',#915,#917);
#919=EDGE_CURVE('',#487,#842,#918,.T.);
#920=ORIENTED_EDGE('',*,*,#919,.T.);
#921=ORIENTED_EDGE('',*,*,#847,.F.);
#922=EDGE_LOOP('',(#913,#914,#920,#921));
#923=FACE_OUTER_BOUND('',#922,.T.);
#924=ADVANCED_FACE('',(#923),#912,.T.);
#925=CARTESIAN_POINT('',(1.999999999999999,4.0,3.700000000000001));
#926=DIRECTION('',(1.0,0.0,0.0));
#927=DIRECTION('',(0.0,-1.0,0.0));
#928=AXIS2_PLACEMENT_3D('',#925,#926,#927);
#929=PLANE('',#928);
#930=ORIENTED_EDGE('',*,*,#855,.F.);
#931=ORIENTED_EDGE('',*,*,#919,.F.);
#932=ORIENTED_EDGE('',*,*,#492,.F.);
#933=CARTESIAN_POINT('',(1.999999999999999,3.600000000000001,3.3));
#934=DIRECTION('',(0.0,0.0,1.0));
#935=VECTOR('',#934,0.4);
#936=LINE('',#933,#935);
#937=EDGE_CURVE('',#850,#479,#936,.T.);
#938=ORIENTED_EDGE('',*,*,#937,.F.);
#939=EDGE_LOOP('',(#930,#931,#932,#938));
#940=FACE_OUTER_BOUND('',#939,.T.);
#941=ADVANCED_FACE('',(#940),#929,.T.);
#942=CARTESIAN_POINT('',(-2.000000000000001,3.599999999999999,3.7));
#943=DIRECTION('',(-1.0,0.0,0.0));
#944=DIRECTION('',(0.0,1.0,0.0));
#945=AXIS2_PLACEMENT_3D('',#942,#943,#944);
#946=PLANE('',#945);
#947=ORIENTED_EDGE('',*,*,#798,.F.);
#948=CARTESIAN_POINT('',(-2.000000000000001,3.599999999999999,3.7));
#949=DIRECTION('',(0.0,0.0,-1.0));
#950=VECTOR('',#949,0.4);
#951=LINE('',#948,#950);
#952=EDGE_CURVE('',#375,#785,#951,.T.);
#953=ORIENTED_EDGE('',*,*,#952,.F.);
#954=ORIENTED_EDGE('',*,*,#380,.F.);
#955=ORIENTED_EDGE('',*,*,#902,.T.);
#956=EDGE_LOOP('',(#947,#953,#954,#955));
#957=FACE_OUTER_BOUND('',#956,.T.);
#958=ADVANCED_FACE('',(#957),#946,.T.);
#959=CARTESIAN_POINT('',(-3.000000000000001,3.599999999999999,3.3));
#960=DIRECTION('',(0.0,1.0,0.0));
#961=DIRECTION('',(0.0,0.0,-1.0));
#962=AXIS2_PLACEMENT_3D('',#959,#960,#961);
#963=PLANE('',#962);
#964=ORIENTED_EDGE('',*,*,#937,.T.);
#965=ORIENTED_EDGE('',*,*,#484,.T.);
#966=CARTESIAN_POINT('',(2.999999999999999,3.600000000000001,3.3));
#967=DIRECTION('',(0.0,0.0,1.0));
#968=VECTOR('',#967,0.4);
#969=LINE('',#966,#968);
#970=EDGE_CURVE('',#858,#471,#969,.T.);
#971=ORIENTED_EDGE('',*,*,#970,.F.);
#972=ORIENTED_EDGE('',*,*,#863,.F.);
#973=EDGE_LOOP('',(#964,#965,#971,#972));
#974=FACE_OUTER_BOUND('',#973,.T.);
#975=ADVANCED_FACE('',(#974),#963,.T.);
#976=CARTESIAN_POINT('',(-3.000000000000001,3.599999999999999,3.3));
#977=DIRECTION('',(0.0,1.0,0.0));
#978=DIRECTION('',(0.0,0.0,-1.0));
#979=AXIS2_PLACEMENT_3D('',#976,#977,#978);
#980=PLANE('',#979);
#981=ORIENTED_EDGE('',*,*,#952,.T.);
#982=ORIENTED_EDGE('',*,*,#790,.F.);
#983=CARTESIAN_POINT('',(-3.000000000000001,3.599999999999999,3.3));
#984=DIRECTION('',(0.0,0.0,1.0));
#985=VECTOR('',#984,0.4);
#986=LINE('',#983,#985);
#987=EDGE_CURVE('',#777,#383,#986,.T.);
#988=ORIENTED_EDGE('',*,*,#987,.T.);
#989=ORIENTED_EDGE('',*,*,#388,.T.);
#990=EDGE_LOOP('',(#981,#982,#988,#989));
#991=FACE_OUTER_BOUND('',#990,.T.);
#992=ADVANCED_FACE('',(#991),#980,.T.);
#993=CARTESIAN_POINT('',(-0.450000000000001,4.85,3.7));
#994=DIRECTION('',(-0.707106781186548,0.707106781186547,-5.680852E-017));
#995=DIRECTION('',(0.0,0.0,-1.0));
#996=AXIS2_PLACEMENT_3D('',#993,#994,#995);
#997=PLANE('',#996);
#998=ORIENTED_EDGE('',*,*,#815,.T.);
#999=ORIENTED_EDGE('',*,*,#669,.T.);
#1000=ORIENTED_EDGE('',*,*,#549,.T.);
#1001=CARTESIAN_POINT('',(-0.300000000000001,5.0,3.7));
#1002=DIRECTION('',(0.0,0.0,-1.0));
#1003=VECTOR('',#1002,0.4);
#1004=LINE('',#1001,#1003);
#1005=EDGE_CURVE('',#536,#810,#1004,.T.);
#1006=ORIENTED_EDGE('',*,*,#1005,.T.);
#1007=EDGE_LOOP('',(#998,#999,#1000,#1006));
#1008=FACE_OUTER_BOUND('',#1007,.T.);
#1009=ADVANCED_FACE('',(#1008),#997,.T.);
#1010=CARTESIAN_POINT('',(0.449999999999998,4.85,3.700000000000001));
#1011=DIRECTION('',(0.707106781186548,0.707106781186547,5.680852E-017));
#1012=DIRECTION('',(0.0,0.0,1.0));
#1013=AXIS2_PLACEMENT_3D('',#1010,#1011,#1012);
#1014=PLANE('',#1013);
#1015=ORIENTED_EDGE('',*,*,#831,.T.);
#1016=CARTESIAN_POINT('',(0.299999999999998,5.0,3.3));
#1017=DIRECTION('',(0.0,0.0,1.0));
#1018=VECTOR('',#1017,0.4);
#1019=LINE('',#1016,#1018);
#1020=EDGE_CURVE('',#818,#528,#1019,.T.);
#1021=ORIENTED_EDGE('',*,*,#1020,.T.);
#1022=ORIENTED_EDGE('',*,*,#533,.T.);
#1023=CARTESIAN_POINT('',(0.599999999999998,4.699999999999999,3.700000000000001));
#1024=DIRECTION('',(0.0,0.0,-1.0));
#1025=VECTOR('',#1024,0.4);
#1026=LINE('',#1023,#1025);
#1027=EDGE_CURVE('',#520,#826,#1026,.T.);
#1028=ORIENTED_EDGE('',*,*,#1027,.T.);
#1029=EDGE_LOOP('',(#1015,#1021,#1022,#1028));
#1030=FACE_OUTER_BOUND('',#1029,.T.);
#1031=ADVANCED_FACE('',(#1030),#1014,.T.);
#1032=CARTESIAN_POINT('',(0.599999999999999,3.6,3.700000000000001));
#1033=DIRECTION('',(1.0,0.0,0.0));
#1034=DIRECTION('',(0.0,0.0,1.0));
#1035=AXIS2_PLACEMENT_3D('',#1032,#1033,#1034);
#1036=PLANE('',#1035);
#1037=ORIENTED_EDGE('',*,*,#707,.F.);
#1038=ORIENTED_EDGE('',*,*,#837,.F.);
#1039=ORIENTED_EDGE('',*,*,#1027,.F.);
#1040=ORIENTED_EDGE('',*,*,#525,.F.);
#1041=EDGE_LOOP('',(#1037,#1038,#1039,#1040));
#1042=FACE_OUTER_BOUND('',#1041,.T.);
#1043=ADVANCED_FACE('',(#1042),#1036,.T.);
#1044=CARTESIAN_POINT('',(-0.600000000000001,5.0,3.7));
#1045=DIRECTION('',(0.0,1.0,0.0));
#1046=DIRECTION('',(1.0,0.0,0.0));
#1047=AXIS2_PLACEMENT_3D('',#1044,#1045,#1046);
#1048=PLANE('',#1047);
#1049=ORIENTED_EDGE('',*,*,#1005,.F.);
#1050=ORIENTED_EDGE('',*,*,#541,.F.);
#1051=ORIENTED_EDGE('',*,*,#1020,.F.);
#1052=ORIENTED_EDGE('',*,*,#823,.F.);
#1053=EDGE_LOOP('',(#1049,#1050,#1051,#1052));
#1054=FACE_OUTER_BOUND('',#1053,.T.);
#1055=ADVANCED_FACE('',(#1054),#1048,.T.);
#1056=CARTESIAN_POINT('',(3.55,2.199999999999996,3.700000000000001));
#1057=DIRECTION('',(-1.0,0.0,0.0));
#1058=DIRECTION('',(0.0,0.0,-1.0));
#1059=AXIS2_PLACEMENT_3D('',#1056,#1057,#1058);
#1060=PLANE('',#1059);
#1061=CARTESIAN_POINT('',(3.55,2.999999999999996,-1.299999999999999));
#1062=VERTEX_POINT('',#1061);
#1063=CARTESIAN_POINT('',(3.55,2.999999999999996,1.1));
#1064=VERTEX_POINT('',#1063);
#1065=CARTESIAN_POINT('',(3.55,2.999999999999996,-1.3));
#1066=DIRECTION('',(0.0,0.0,1.0));
#1067=VECTOR('',#1066,2.4);
#1068=LINE('',#1065,#1067);
#1069=EDGE_CURVE('',#1062,#1064,#1068,.T.);
#1070=ORIENTED_EDGE('',*,*,#1069,.T.);
#1071=CARTESIAN_POINT('',(3.55,3.499999999999996,1.1));
#1072=VERTEX_POINT('',#1071);
#1073=CARTESIAN_POINT('',(3.55,2.999999999999996,1.1));
#1074=DIRECTION('',(0.0,1.0,0.0));
#1075=VECTOR('',#1074,0.5);
#1076=LINE('',#1073,#1075);
#1077=EDGE_CURVE('',#1064,#1072,#1076,.T.);
#1078=ORIENTED_EDGE('',*,*,#1077,.T.);
#1079=CARTESIAN_POINT('',(3.55,3.499999999999996,1.7));
#1080=VERTEX_POINT('',#1079);
#1081=CARTESIAN_POINT('',(3.55,3.499999999999995,1.1));
#1082=DIRECTION('',(0.0,0.0,1.0));
#1083=VECTOR('',#1082,0.6);
#1084=LINE('',#1081,#1083);
#1085=EDGE_CURVE('',#1072,#1080,#1084,.T.);
#1086=ORIENTED_EDGE('',*,*,#1085,.T.);
#1087=CARTESIAN_POINT('',(3.55,3.600000000000001,1.7));
#1088=VERTEX_POINT('',#1087);
#1089=CARTESIAN_POINT('',(3.55,3.499999999999996,1.7));
#1090=DIRECTION('',(0.0,1.0,0.0));
#1091=VECTOR('',#1090,0.100000000000006);
#1092=LINE('',#1089,#1091);
#1093=EDGE_CURVE('',#1080,#1088,#1092,.T.);
#1094=ORIENTED_EDGE('',*,*,#1093,.T.);
#1095=CARTESIAN_POINT('',(3.55,3.600000000000004,2.7));
#1096=VERTEX_POINT('',#1095);
#1097=CARTESIAN_POINT('',(3.55,3.600000000000001,1.7));
#1098=DIRECTION('',(0.0,0.0,1.0));
#1099=VECTOR('',#1098,1.0);
#1100=LINE('',#1097,#1099);
#1101=EDGE_CURVE('',#1088,#1096,#1100,.T.);
#1102=ORIENTED_EDGE('',*,*,#1101,.T.);
#1103=CARTESIAN_POINT('',(3.55,3.199999999999996,2.7));
#1104=VERTEX_POINT('',#1103);
#1105=CARTESIAN_POINT('',(3.55,3.199999999999996,2.7));
#1106=DIRECTION('',(0.0,1.0,0.0));
#1107=VECTOR('',#1106,0.400000000000009);
#1108=LINE('',#1105,#1107);
#1109=EDGE_CURVE('',#1104,#1096,#1108,.T.);
#1110=ORIENTED_EDGE('',*,*,#1109,.F.);
#1111=CARTESIAN_POINT('',(3.55,2.799999999999996,1.800000000000001));
#1112=VERTEX_POINT('',#1111);
#1113=CARTESIAN_POINT('',(3.55,2.799999999999996,1.800000000000001));
#1114=DIRECTION('',(0.0,0.406138466053448,0.913811548620257));
#1115=VECTOR('',#1114,0.98488578017961);
#1116=LINE('',#1113,#1115);
#1117=EDGE_CURVE('',#1112,#1104,#1116,.T.);
#1118=ORIENTED_EDGE('',*,*,#1117,.F.);
#1119=CARTESIAN_POINT('',(3.55,2.199999999999996,1.800000000000001));
#1120=VERTEX_POINT('',#1119);
#1121=CARTESIAN_POINT('',(3.55,2.199999999999996,1.800000000000001));
#1122=DIRECTION('',(0.0,1.0,0.0));
#1123=VECTOR('',#1122,0.6);
#1124=LINE('',#1121,#1123);
#1125=EDGE_CURVE('',#1120,#1112,#1124,.T.);
#1126=ORIENTED_EDGE('',*,*,#1125,.F.);
#1127=CARTESIAN_POINT('',(3.55,2.199999999999996,3.400000000000001));
#1128=VERTEX_POINT('',#1127);
#1129=CARTESIAN_POINT('',(3.55,2.199999999999996,3.400000000000001));
#1130=DIRECTION('',(0.0,0.0,-1.0));
#1131=VECTOR('',#1130,1.6);
#1132=LINE('',#1129,#1131);
#1133=EDGE_CURVE('',#1128,#1120,#1132,.T.);
#1134=ORIENTED_EDGE('',*,*,#1133,.F.);
#1135=CARTESIAN_POINT('',(3.55,-1.0,3.400000000000001));
#1136=VERTEX_POINT('',#1135);
#1137=CARTESIAN_POINT('',(3.550000000000001,-1.0,3.400000000000001));
#1138=DIRECTION('',(0.0,1.0,0.0));
#1139=VECTOR('',#1138,3.199999999999995);
#1140=LINE('',#1137,#1139);
#1141=EDGE_CURVE('',#1136,#1128,#1140,.T.);
#1142=ORIENTED_EDGE('',*,*,#1141,.F.);
#1143=CARTESIAN_POINT('',(3.55,-1.0,0.25));
#1144=VERTEX_POINT('',#1143);
#1145=CARTESIAN_POINT('',(3.55,-1.0,3.400000000000001));
#1146=DIRECTION('',(0.0,0.0,-1.0));
#1147=VECTOR('',#1146,3.150000000000001);
#1148=LINE('',#1145,#1147);
#1149=EDGE_CURVE('',#1136,#1144,#1148,.T.);
#1150=ORIENTED_EDGE('',*,*,#1149,.T.);
#1151=CARTESIAN_POINT('',(3.55,-0.19749371855331,0.25));
#1152=VERTEX_POINT('',#1151);
#1153=CARTESIAN_POINT('',(3.55,-0.19749371855331,0.25));
#1154=DIRECTION('',(0.0,-1.0,0.0));
#1155=VECTOR('',#1154,0.802506281446689);
#1156=LINE('',#1153,#1155);
#1157=EDGE_CURVE('',#1152,#1144,#1156,.T.);
#1158=ORIENTED_EDGE('',*,*,#1157,.F.);
#1159=CARTESIAN_POINT('',(3.55,0.8,0.2));
#1160=VERTEX_POINT('',#1159);
#1161=CARTESIAN_POINT('',(3.55,0.3,0.2));
#1162=DIRECTION('',(1.0,0.0,0.0));
#1163=DIRECTION('',(0.0,1.0,0.0));
#1164=AXIS2_PLACEMENT_3D('',#1161,#1162,#1163);
#1165=CIRCLE('',#1164,0.5);
#1166=EDGE_CURVE('',#1160,#1152,#1165,.T.);
#1167=ORIENTED_EDGE('',*,*,#1166,.F.);
#1168=CARTESIAN_POINT('',(3.550000000000001,0.799999999999998,-1.9));
#1169=VERTEX_POINT('',#1168);
#1170=CARTESIAN_POINT('',(3.550000000000001,0.799999999999998,-1.9));
#1171=DIRECTION('',(0.0,0.0,1.0));
#1172=VECTOR('',#1171,2.1);
#1173=LINE('',#1170,#1172);
#1174=EDGE_CURVE('',#1169,#1160,#1173,.T.);
#1175=ORIENTED_EDGE('',*,*,#1174,.F.);
#1176=CARTESIAN_POINT('',(3.55,1.799999999999998,-2.899999999999999));
#1177=VERTEX_POINT('',#1176);
#1178=CARTESIAN_POINT('',(3.55,1.799999999999998,-2.899999999999998));
#1179=DIRECTION('',(3.140185E-016,-0.707106781186548,0.707106781186547));
#1180=VECTOR('',#1179,1.414213562373093);
#1181=LINE('',#1178,#1180);
#1182=EDGE_CURVE('',#1177,#1169,#1181,.T.);
#1183=ORIENTED_EDGE('',*,*,#1182,.F.);
#1184=CARTESIAN_POINT('',(3.55,3.6,-2.899999999999999));
#1185=VERTEX_POINT('',#1184);
#1186=CARTESIAN_POINT('',(3.55,3.6,-2.9));
#1187=DIRECTION('',(0.0,-1.0,0.0));
#1188=VECTOR('',#1187,1.800000000000003);
#1189=LINE('',#1186,#1188);
#1190=EDGE_CURVE('',#1185,#1177,#1189,.T.);
#1191=ORIENTED_EDGE('',*,*,#1190,.F.);
#1192=CARTESIAN_POINT('',(3.55,3.600000000000001,-1.9));
#1193=VERTEX_POINT('',#1192);
#1194=CARTESIAN_POINT('',(3.55,3.6,-2.899999999999998));
#1195=DIRECTION('',(0.0,0.0,1.0));
#1196=VECTOR('',#1195,0.999999999999999);
#1197=LINE('',#1194,#1196);
#1198=EDGE_CURVE('',#1185,#1193,#1197,.T.);
#1199=ORIENTED_EDGE('',*,*,#1198,.T.);
#1200=CARTESIAN_POINT('',(3.55,3.499999999999996,-1.9));
#1201=VERTEX_POINT('',#1200);
#1202=CARTESIAN_POINT('',(3.55,3.600000000000001,-1.9));
#1203=DIRECTION('',(0.0,-1.0,0.0));
#1204=VECTOR('',#1203,0.100000000000005);
#1205=LINE('',#1202,#1204);
#1206=EDGE_CURVE('',#1193,#1201,#1205,.T.);
#1207=ORIENTED_EDGE('',*,*,#1206,.T.);
#1208=CARTESIAN_POINT('',(3.55,3.499999999999996,-1.299999999999999));
#1209=VERTEX_POINT('',#1208);
#1210=CARTESIAN_POINT('',(3.55,3.499999999999995,-1.9));
#1211=DIRECTION('',(0.0,0.0,1.0));
#1212=VECTOR('',#1211,0.6);
#1213=LINE('',#1210,#1212);
#1214=EDGE_CURVE('',#1201,#1209,#1213,.T.);
#1215=ORIENTED_EDGE('',*,*,#1214,.T.);
#1216=CARTESIAN_POINT('',(3.55,3.499999999999996,-1.299999999999999));
#1217=DIRECTION('',(0.0,-1.0,0.0));
#1218=VECTOR('',#1217,0.5);
#1219=LINE('',#1216,#1218);
#1220=EDGE_CURVE('',#1209,#1062,#1219,.T.);
#1221=ORIENTED_EDGE('',*,*,#1220,.T.);
#1222=EDGE_LOOP('',(#1070,#1078,#1086,#1094,#1102,#1110,#1118,#1126,#1134,#1142,#1150,#1158,#1167,#1175,#1183,#1191,#1199,#1207,#1215,#1221));
#1223=FACE_OUTER_BOUND('',#1222,.T.);
#1224=ADVANCED_FACE('',(#1223),#1060,.F.);
#1225=CARTESIAN_POINT('',(-3.150000000000002,1.514762906190944,0.544692039497466));
#1226=DIRECTION('',(-1.0,0.0,0.0));
#1227=DIRECTION('',(0.0,0.0,-1.0));
#1228=AXIS2_PLACEMENT_3D('',#1225,#1226,#1227);
#1229=PLANE('',#1228);
#1230=CARTESIAN_POINT('',(-3.150000000000001,2.999999999999994,-1.3));
#1231=VERTEX_POINT('',#1230);
#1232=CARTESIAN_POINT('',(-3.150000000000002,2.999999999999994,1.1));
#1233=VERTEX_POINT('',#1232);
#1234=CARTESIAN_POINT('',(-3.150000000000001,2.999999999999994,-1.3));
#1235=DIRECTION('',(0.0,0.0,1.0));
#1236=VECTOR('',#1235,2.4);
#1237=LINE('',#1234,#1236);
#1238=EDGE_CURVE('',#1231,#1233,#1237,.T.);
#1239=ORIENTED_EDGE('',*,*,#1238,.T.);
#1240=CARTESIAN_POINT('',(-3.150000000000002,3.499999999999995,1.1));
#1241=VERTEX_POINT('',#1240);
#1242=CARTESIAN_POINT('',(-3.150000000000002,2.999999999999994,1.1));
#1243=DIRECTION('',(0.0,1.0,0.0));
#1244=VECTOR('',#1243,0.5);
#1245=LINE('',#1242,#1244);
#1246=EDGE_CURVE('',#1233,#1241,#1245,.T.);
#1247=ORIENTED_EDGE('',*,*,#1246,.T.);
#1248=CARTESIAN_POINT('',(-3.150000000000001,3.499999999999994,1.7));
#1249=VERTEX_POINT('',#1248);
#1250=CARTESIAN_POINT('',(-3.150000000000001,3.499999999999994,1.1));
#1251=DIRECTION('',(0.0,0.0,1.0));
#1252=VECTOR('',#1251,0.6);
#1253=LINE('',#1250,#1252);
#1254=EDGE_CURVE('',#1241,#1249,#1253,.T.);
#1255=ORIENTED_EDGE('',*,*,#1254,.T.);
#1256=CARTESIAN_POINT('',(-3.150000000000002,3.699999999999995,1.699999999999999));
#1257=VERTEX_POINT('',#1256);
#1258=CARTESIAN_POINT('',(-3.150000000000002,3.499999999999995,1.7));
#1259=DIRECTION('',(0.0,1.0,0.0));
#1260=VECTOR('',#1259,0.200000000000001);
#1261=LINE('',#1258,#1260);
#1262=EDGE_CURVE('',#1249,#1257,#1261,.T.);
#1263=ORIENTED_EDGE('',*,*,#1262,.T.);
#1264=CARTESIAN_POINT('',(-3.150000000000001,3.699999999999995,2.7));
#1265=VERTEX_POINT('',#1264);
#1266=CARTESIAN_POINT('',(-3.150000000000002,3.699999999999995,2.7));
#1267=DIRECTION('',(0.0,0.0,-1.0));
#1268=VECTOR('',#1267,1.000000000000001);
#1269=LINE('',#1266,#1268);
#1270=EDGE_CURVE('',#1265,#1257,#1269,.T.);
#1271=ORIENTED_EDGE('',*,*,#1270,.F.);
#1272=CARTESIAN_POINT('',(-3.150000000000002,3.199999999999994,2.7));
#1273=VERTEX_POINT('',#1272);
#1274=CARTESIAN_POINT('',(-3.150000000000001,3.199999999999994,2.7));
#1275=DIRECTION('',(0.0,1.0,0.0));
#1276=VECTOR('',#1275,0.5);
#1277=LINE('',#1274,#1276);
#1278=EDGE_CURVE('',#1273,#1265,#1277,.T.);
#1279=ORIENTED_EDGE('',*,*,#1278,.F.);
#1280=CARTESIAN_POINT('',(-3.150000000000002,2.799999999999995,1.8));
#1281=VERTEX_POINT('',#1280);
#1282=CARTESIAN_POINT('',(-3.150000000000001,2.799999999999995,1.8));
#1283=DIRECTION('',(0.0,0.406138466053448,0.913811548620257));
#1284=VECTOR('',#1283,0.98488578017961);
#1285=LINE('',#1282,#1284);
#1286=EDGE_CURVE('',#1281,#1273,#1285,.T.);
#1287=ORIENTED_EDGE('',*,*,#1286,.F.);
#1288=CARTESIAN_POINT('',(-3.150000000000002,2.199999999999995,1.8));
#1289=VERTEX_POINT('',#1288);
#1290=CARTESIAN_POINT('',(-3.150000000000001,2.199999999999995,1.8));
#1291=DIRECTION('',(0.0,1.0,0.0));
#1292=VECTOR('',#1291,0.6);
#1293=LINE('',#1290,#1292);
#1294=EDGE_CURVE('',#1289,#1281,#1293,.T.);
#1295=ORIENTED_EDGE('',*,*,#1294,.F.);
#1296=CARTESIAN_POINT('',(-3.150000000000001,2.199999999999995,3.3));
#1297=DIRECTION('',(0.0,0.0,-1.0));
#1298=VECTOR('',#1297,1.5);
#1299=LINE('',#1296,#1298);
#1300=EDGE_CURVE('',#275,#1289,#1299,.T.);
#1301=ORIENTED_EDGE('',*,*,#1300,.F.);
#1302=ORIENTED_EDGE('',*,*,#280,.F.);
#1303=CARTESIAN_POINT('',(-3.150000000000001,-1.000000000000001,0.25));
#1304=VERTEX_POINT('',#1303);
#1305=CARTESIAN_POINT('',(-3.15,-1.000000000000001,0.25));
#1306=DIRECTION('',(0.0,0.0,1.0));
#1307=VECTOR('',#1306,3.050000000000001);
#1308=LINE('',#1305,#1307);
#1309=EDGE_CURVE('',#1304,#267,#1308,.T.);
#1310=ORIENTED_EDGE('',*,*,#1309,.F.);
#1311=CARTESIAN_POINT('',(-3.150000000000001,-0.200000000000001,0.25));
#1312=VERTEX_POINT('',#1311);
#1313=CARTESIAN_POINT('',(-3.150000000000001,-1.000000000000001,0.25));
#1314=DIRECTION('',(0.0,1.0,0.0));
#1315=VECTOR('',#1314,0.799999999999999);
#1316=LINE('',#1313,#1315);
#1317=EDGE_CURVE('',#1304,#1312,#1316,.T.);
#1318=ORIENTED_EDGE('',*,*,#1317,.T.);
#1319=CARTESIAN_POINT('',(-3.150000000000001,-0.200000000000002,0.2));
#1320=VERTEX_POINT('',#1319);
#1321=CARTESIAN_POINT('',(-3.150000000000001,-0.200000000000001,0.25));
#1322=DIRECTION('',(0.0,0.0,-1.0));
#1323=VECTOR('',#1322,0.05);
#1324=LINE('',#1321,#1323);
#1325=EDGE_CURVE('',#1312,#1320,#1324,.T.);
#1326=ORIENTED_EDGE('',*,*,#1325,.T.);
#1327=CARTESIAN_POINT('',(-3.150000000000001,0.799999999999998,0.2));
#1328=VERTEX_POINT('',#1327);
#1329=CARTESIAN_POINT('',(-3.15,0.299999999999998,0.2));
#1330=DIRECTION('',(1.0,0.0,0.0));
#1331=DIRECTION('',(0.0,1.0,0.0));
#1332=AXIS2_PLACEMENT_3D('',#1329,#1330,#1331);
#1333=CIRCLE('',#1332,0.5);
#1334=EDGE_CURVE('',#1328,#1320,#1333,.T.);
#1335=ORIENTED_EDGE('',*,*,#1334,.F.);
#1336=CARTESIAN_POINT('',(-3.15,0.799999999999997,-1.899999999999999));
#1337=VERTEX_POINT('',#1336);
#1338=CARTESIAN_POINT('',(-3.15,0.799999999999997,-1.899999999999999));
#1339=DIRECTION('',(0.0,0.0,1.0));
#1340=VECTOR('',#1339,2.099999999999999);
#1341=LINE('',#1338,#1340);
#1342=EDGE_CURVE('',#1337,#1328,#1341,.T.);
#1343=ORIENTED_EDGE('',*,*,#1342,.F.);
#1344=CARTESIAN_POINT('',(-3.15,1.799999999999996,-2.899999999999999));
#1345=VERTEX_POINT('',#1344);
#1346=CARTESIAN_POINT('',(-3.15,1.799999999999996,-2.899999999999999));
#1347=DIRECTION('',(0.0,-0.707106781186547,0.707106781186548));
#1348=VECTOR('',#1347,1.414213562373094);
#1349=LINE('',#1346,#1348);
#1350=EDGE_CURVE('',#1345,#1337,#1349,.T.);
#1351=ORIENTED_EDGE('',*,*,#1350,.F.);
#1352=CARTESIAN_POINT('',(-3.15,3.699999999999995,-2.9));
#1353=VERTEX_POINT('',#1352);
#1354=CARTESIAN_POINT('',(-3.150000000000001,3.699999999999995,-2.9));
#1355=DIRECTION('',(0.0,-1.0,0.0));
#1356=VECTOR('',#1355,1.899999999999999);
#1357=LINE('',#1354,#1356);
#1358=EDGE_CURVE('',#1353,#1345,#1357,.T.);
#1359=ORIENTED_EDGE('',*,*,#1358,.F.);
#1360=CARTESIAN_POINT('',(-3.150000000000001,3.699999999999995,-1.9));
#1361=VERTEX_POINT('',#1360);
#1362=CARTESIAN_POINT('',(-3.150000000000001,3.699999999999995,-1.9));
#1363=DIRECTION('',(0.0,0.0,-1.0));
#1364=VECTOR('',#1363,1.0);
#1365=LINE('',#1362,#1364);
#1366=EDGE_CURVE('',#1361,#1353,#1365,.T.);
#1367=ORIENTED_EDGE('',*,*,#1366,.F.);
#1368=CARTESIAN_POINT('',(-3.15,3.499999999999994,-1.9));
#1369=VERTEX_POINT('',#1368);
#1370=CARTESIAN_POINT('',(-3.150000000000001,3.699999999999995,-1.9));
#1371=DIRECTION('',(0.0,-1.0,0.0));
#1372=VECTOR('',#1371,0.200000000000001);
#1373=LINE('',#1370,#1372);
#1374=EDGE_CURVE('',#1361,#1369,#1373,.T.);
#1375=ORIENTED_EDGE('',*,*,#1374,.T.);
#1376=CARTESIAN_POINT('',(-3.150000000000001,3.499999999999995,-1.3));
#1377=VERTEX_POINT('',#1376);
#1378=CARTESIAN_POINT('',(-3.150000000000001,3.499999999999994,-1.9));
#1379=DIRECTION('',(0.0,0.0,1.0));
#1380=VECTOR('',#1379,0.6);
#1381=LINE('',#1378,#1380);
#1382=EDGE_CURVE('',#1369,#1377,#1381,.T.);
#1383=ORIENTED_EDGE('',*,*,#1382,.T.);
#1384=CARTESIAN_POINT('',(-3.150000000000001,3.499999999999995,-1.300000000000001));
#1385=DIRECTION('',(0.0,-1.0,0.0));
#1386=VECTOR('',#1385,0.5);
#1387=LINE('',#1384,#1386);
#1388=EDGE_CURVE('',#1377,#1231,#1387,.T.);
#1389=ORIENTED_EDGE('',*,*,#1388,.T.);
#1390=EDGE_LOOP('',(#1239,#1247,#1255,#1263,#1271,#1279,#1287,#1295,#1301,#1302,#1310,#1318,#1326,#1335,#1343,#1351,#1359,#1367,#1375,#1383,#1389));
#1391=FACE_OUTER_BOUND('',#1390,.T.);
#1392=ADVANCED_FACE('',(#1391),#1229,.F.);
#1393=CARTESIAN_POINT('',(-3.55,1.299999999999996,-2.399999999999998));
#1394=DIRECTION('',(2.040047E-016,-0.707106781186548,-0.707106781186547));
#1395=DIRECTION('',(1.0,0.0,0.0));
#1396=AXIS2_PLACEMENT_3D('',#1393,#1394,#1395);
#1397=PLANE('',#1396);
#1398=ORIENTED_EDGE('',*,*,#1350,.T.);
#1399=CARTESIAN_POINT('',(-3.55,0.799999999999997,-1.899999999999999));
#1400=VERTEX_POINT('',#1399);
#1401=CARTESIAN_POINT('',(-3.15,0.799999999999997,-1.899999999999999));
#1402=DIRECTION('',(-1.0,0.0,0.0));
#1403=VECTOR('',#1402,0.4);
#1404=LINE('',#1401,#1403);
#1405=EDGE_CURVE('',#1337,#1400,#1404,.T.);
#1406=ORIENTED_EDGE('',*,*,#1405,.T.);
#1407=CARTESIAN_POINT('',(-3.55,1.799999999999996,-2.899999999999999));
#1408=VERTEX_POINT('',#1407);
#1409=CARTESIAN_POINT('',(-3.55,0.799999999999997,-1.9));
#1410=DIRECTION('',(-3.140185E-016,0.707106781186547,-0.707106781186548));
#1411=VECTOR('',#1410,1.414213562373095);
#1412=LINE('',#1409,#1411);
#1413=EDGE_CURVE('',#1400,#1408,#1412,.T.);
#1414=ORIENTED_EDGE('',*,*,#1413,.T.);
#1415=CARTESIAN_POINT('',(-3.55,1.799999999999996,-2.899999999999999));
#1416=DIRECTION('',(1.0,0.0,0.0));
#1417=VECTOR('',#1416,0.4);
#1418=LINE('',#1415,#1417);
#1419=EDGE_CURVE('',#1408,#1345,#1418,.T.);
#1420=ORIENTED_EDGE('',*,*,#1419,.T.);
#1421=EDGE_LOOP('',(#1398,#1406,#1414,#1420));
#1422=FACE_OUTER_BOUND('',#1421,.T.);
#1423=ADVANCED_FACE('',(#1422),#1397,.T.);
#1424=CARTESIAN_POINT('',(-3.55,0.799999999999996,-2.899999999999999));
#1425=DIRECTION('',(0.0,-1.0,0.0));
#1426=DIRECTION('',(0.0,0.0,1.0));
#1427=AXIS2_PLACEMENT_3D('',#1424,#1425,#1426);
#1428=PLANE('',#1427);
#1429=ORIENTED_EDGE('',*,*,#1405,.F.);
#1430=ORIENTED_EDGE('',*,*,#1342,.T.);
#1431=CARTESIAN_POINT('',(-3.55,0.799999999999998,0.199999999999999));
#1432=VERTEX_POINT('',#1431);
#1433=CARTESIAN_POINT('',(-3.55,0.799999999999998,0.199999999999999));
#1434=DIRECTION('',(1.0,0.0,0.0));
#1435=VECTOR('',#1434,0.399999999999999);
#1436=LINE('',#1433,#1435);
#1437=EDGE_CURVE('',#1432,#1328,#1436,.T.);
#1438=ORIENTED_EDGE('',*,*,#1437,.F.);
#1439=CARTESIAN_POINT('',(-3.55,0.799999999999997,-1.899999999999999));
#1440=DIRECTION('',(0.0,0.0,1.0));
#1441=VECTOR('',#1440,2.099999999999999);
#1442=LINE('',#1439,#1441);
#1443=EDGE_CURVE('',#1400,#1432,#1442,.T.);
#1444=ORIENTED_EDGE('',*,*,#1443,.F.);
#1445=EDGE_LOOP('',(#1429,#1430,#1438,#1444));
#1446=FACE_OUTER_BOUND('',#1445,.T.);
#1447=ADVANCED_FACE('',(#1446),#1428,.T.);
#1448=CARTESIAN_POINT('',(3.550000000000001,1.299999999999998,-2.4));
#1449=DIRECTION('',(2.040047E-016,-0.707106781186547,-0.707106781186548));
#1450=DIRECTION('',(1.0,0.0,0.0));
#1451=AXIS2_PLACEMENT_3D('',#1448,#1449,#1450);
#1452=PLANE('',#1451);
#1453=CARTESIAN_POINT('',(3.150000000000001,0.799999999999998,-1.9));
#1454=VERTEX_POINT('',#1453);
#1455=CARTESIAN_POINT('',(3.15,1.799999999999997,-2.899999999999999));
#1456=VERTEX_POINT('',#1455);
#1457=CARTESIAN_POINT('',(3.150000000000002,0.799999999999998,-1.9));
#1458=DIRECTION('',(0.0,0.707106781186548,-0.707106781186547));
#1459=VECTOR('',#1458,1.414213562373094);
#1460=LINE('',#1457,#1459);
#1461=EDGE_CURVE('',#1454,#1456,#1460,.T.);
#1462=ORIENTED_EDGE('',*,*,#1461,.T.);
#1463=CARTESIAN_POINT('',(3.15,1.799999999999998,-2.899999999999999));
#1464=DIRECTION('',(1.0,0.0,0.0));
#1465=VECTOR('',#1464,0.4);
#1466=LINE('',#1463,#1465);
#1467=EDGE_CURVE('',#1456,#1177,#1466,.T.);
#1468=ORIENTED_EDGE('',*,*,#1467,.T.);
#1469=ORIENTED_EDGE('',*,*,#1182,.T.);
#1470=CARTESIAN_POINT('',(3.550000000000001,0.799999999999998,-1.9));
#1471=DIRECTION('',(-1.0,0.0,0.0));
#1472=VECTOR('',#1471,0.4);
#1473=LINE('',#1470,#1472);
#1474=EDGE_CURVE('',#1169,#1454,#1473,.T.);
#1475=ORIENTED_EDGE('',*,*,#1474,.T.);
#1476=EDGE_LOOP('',(#1462,#1468,#1469,#1475));
#1477=FACE_OUTER_BOUND('',#1476,.T.);
#1478=ADVANCED_FACE('',(#1477),#1452,.T.);
#1479=CARTESIAN_POINT('',(3.55,3.999999999999996,-2.9));
#1480=DIRECTION('',(0.0,0.0,1.0));
#1481=DIRECTION('',(-1.0,0.0,0.0));
#1482=AXIS2_PLACEMENT_3D('',#1479,#1480,#1481);
#1483=PLANE('',#1482);
#1484=ORIENTED_EDGE('',*,*,#1467,.F.);
#1485=CARTESIAN_POINT('',(3.15,3.699999999999996,-2.9));
#1486=VERTEX_POINT('',#1485);
#1487=CARTESIAN_POINT('',(3.15,3.699999999999996,-2.9));
#1488=DIRECTION('',(0.0,-1.0,0.0));
#1489=VECTOR('',#1488,1.899999999999999);
#1490=LINE('',#1487,#1489);
#1491=EDGE_CURVE('',#1486,#1456,#1490,.T.);
#1492=ORIENTED_EDGE('',*,*,#1491,.F.);
#1493=CARTESIAN_POINT('',(3.45,3.999999999999996,-2.9));
#1494=VERTEX_POINT('',#1493);
#1495=CARTESIAN_POINT('',(3.450000000000001,3.699999999999996,-2.9));
#1496=DIRECTION('',(-4.016969E-017,4.016969E-017,1.0));
#1497=DIRECTION('',(-0.707106781186548,0.707106781186547,-5.680852E-017));
#1498=AXIS2_PLACEMENT_3D('',#1495,#1496,#1497);
#1499=CIRCLE('',#1498,0.3);
#1500=EDGE_CURVE('',#1494,#1486,#1499,.T.);
#1501=ORIENTED_EDGE('',*,*,#1500,.F.);
#1502=CARTESIAN_POINT('',(4.75,4.0,-2.899999999999999));
#1503=VERTEX_POINT('',#1502);
#1504=CARTESIAN_POINT('',(4.75,3.999999999999996,-2.9));
#1505=DIRECTION('',(-1.0,0.0,0.0));
#1506=VECTOR('',#1505,1.3);
#1507=LINE('',#1504,#1506);
#1508=EDGE_CURVE('',#1503,#1494,#1507,.T.);
#1509=ORIENTED_EDGE('',*,*,#1508,.F.);
#1510=CARTESIAN_POINT('',(4.75,3.600000000000001,-2.899999999999999));
#1511=VERTEX_POINT('',#1510);
#1512=CARTESIAN_POINT('',(4.75,3.600000000000001,-2.899999999999999));
#1513=DIRECTION('',(0.0,1.0,0.0));
#1514=VECTOR('',#1513,0.399999999999999);
#1515=LINE('',#1512,#1514);
#1516=EDGE_CURVE('',#1511,#1503,#1515,.T.);
#1517=ORIENTED_EDGE('',*,*,#1516,.F.);
#1518=CARTESIAN_POINT('',(3.55,3.6,-2.899999999999999));
#1519=DIRECTION('',(1.0,0.0,0.0));
#1520=VECTOR('',#1519,1.2);
#1521=LINE('',#1518,#1520);
#1522=EDGE_CURVE('',#1185,#1511,#1521,.T.);
#1523=ORIENTED_EDGE('',*,*,#1522,.F.);
#1524=ORIENTED_EDGE('',*,*,#1190,.T.);
#1525=EDGE_LOOP('',(#1484,#1492,#1501,#1509,#1517,#1523,#1524));
#1526=FACE_OUTER_BOUND('',#1525,.T.);
#1527=ADVANCED_FACE('',(#1526),#1483,.F.);
#1528=CARTESIAN_POINT('',(3.15,1.514762906190945,0.544692039497466));
#1529=DIRECTION('',(-1.0,0.0,0.0));
#1530=DIRECTION('',(0.0,0.0,-1.0));
#1531=AXIS2_PLACEMENT_3D('',#1528,#1529,#1530);
#1532=PLANE('',#1531);
#1533=CARTESIAN_POINT('',(3.15,2.999999999999996,1.1));
#1534=VERTEX_POINT('',#1533);
#1535=CARTESIAN_POINT('',(3.150000000000001,2.999999999999996,-1.3));
#1536=VERTEX_POINT('',#1535);
#1537=CARTESIAN_POINT('',(3.150000000000001,2.999999999999996,1.1));
#1538=DIRECTION('',(0.0,0.0,-1.0));
#1539=VECTOR('',#1538,2.4);
#1540=LINE('',#1537,#1539);
#1541=EDGE_CURVE('',#1534,#1536,#1540,.T.);
#1542=ORIENTED_EDGE('',*,*,#1541,.T.);
#1543=CARTESIAN_POINT('',(3.150000000000001,3.499999999999996,-1.3));
#1544=VERTEX_POINT('',#1543);
#1545=CARTESIAN_POINT('',(3.150000000000001,2.999999999999996,-1.300000000000001));
#1546=DIRECTION('',(0.0,1.0,0.0));
#1547=VECTOR('',#1546,0.5);
#1548=LINE('',#1545,#1547);
#1549=EDGE_CURVE('',#1536,#1544,#1548,.T.);
#1550=ORIENTED_EDGE('',*,*,#1549,.T.);
#1551=CARTESIAN_POINT('',(3.15,3.499999999999996,-1.9));
#1552=VERTEX_POINT('',#1551);
#1553=CARTESIAN_POINT('',(3.150000000000001,3.499999999999996,-1.3));
#1554=DIRECTION('',(0.0,0.0,-1.0));
#1555=VECTOR('',#1554,0.6);
#1556=LINE('',#1553,#1555);
#1557=EDGE_CURVE('',#1544,#1552,#1556,.T.);
#1558=ORIENTED_EDGE('',*,*,#1557,.T.);
#1559=CARTESIAN_POINT('',(3.150000000000001,3.699999999999996,-1.9));
#1560=VERTEX_POINT('',#1559);
#1561=CARTESIAN_POINT('',(3.150000000000001,3.499999999999996,-1.9));
#1562=DIRECTION('',(0.0,1.0,0.0));
#1563=VECTOR('',#1562,0.200000000000001);
#1564=LINE('',#1561,#1563);
#1565=EDGE_CURVE('',#1552,#1560,#1564,.T.);
#1566=ORIENTED_EDGE('',*,*,#1565,.T.);
#1567=CARTESIAN_POINT('',(3.150000000000001,3.699999999999996,-2.9));
#1568=DIRECTION('',(0.0,0.0,1.0));
#1569=VECTOR('',#1568,1.0);
#1570=LINE('',#1567,#1569);
#1571=EDGE_CURVE('',#1486,#1560,#1570,.T.);
#1572=ORIENTED_EDGE('',*,*,#1571,.F.);
#1573=ORIENTED_EDGE('',*,*,#1491,.T.);
#1574=ORIENTED_EDGE('',*,*,#1461,.F.);
#1575=CARTESIAN_POINT('',(3.150000000000001,0.8,0.2));
#1576=VERTEX_POINT('',#1575);
#1577=CARTESIAN_POINT('',(3.150000000000001,0.799999999999998,-1.9));
#1578=DIRECTION('',(0.0,0.0,1.0));
#1579=VECTOR('',#1578,2.1);
#1580=LINE('',#1577,#1579);
#1581=EDGE_CURVE('',#1454,#1576,#1580,.T.);
#1582=ORIENTED_EDGE('',*,*,#1581,.T.);
#1583=CARTESIAN_POINT('',(3.150000000000001,-0.2,0.2));
#1584=VERTEX_POINT('',#1583);
#1585=CARTESIAN_POINT('',(3.15,0.3,0.2));
#1586=DIRECTION('',(1.0,0.0,0.0));
#1587=DIRECTION('',(0.0,1.0,0.0));
#1588=AXIS2_PLACEMENT_3D('',#1585,#1586,#1587);
#1589=CIRCLE('',#1588,0.5);
#1590=EDGE_CURVE('',#1576,#1584,#1589,.T.);
#1591=ORIENTED_EDGE('',*,*,#1590,.T.);
#1592=CARTESIAN_POINT('',(3.150000000000001,-0.2,0.25));
#1593=VERTEX_POINT('',#1592);
#1594=CARTESIAN_POINT('',(3.150000000000001,-0.2,0.2));
#1595=DIRECTION('',(0.0,0.0,1.0));
#1596=VECTOR('',#1595,0.05);
#1597=LINE('',#1594,#1596);
#1598=EDGE_CURVE('',#1584,#1593,#1597,.T.);
#1599=ORIENTED_EDGE('',*,*,#1598,.T.);
#1600=CARTESIAN_POINT('',(3.150000000000001,-1.0,0.25));
#1601=VERTEX_POINT('',#1600);
#1602=CARTESIAN_POINT('',(3.150000000000001,-0.2,0.25));
#1603=DIRECTION('',(0.0,-1.0,0.0));
#1604=VECTOR('',#1603,0.8);
#1605=LINE('',#1602,#1604);
#1606=EDGE_CURVE('',#1593,#1601,#1605,.T.);
#1607=ORIENTED_EDGE('',*,*,#1606,.T.);
#1608=CARTESIAN_POINT('',(3.150000000000001,-1.0,0.25));
#1609=DIRECTION('',(0.0,0.0,1.0));
#1610=VECTOR('',#1609,3.050000000000001);
#1611=LINE('',#1608,#1610);
#1612=EDGE_CURVE('',#1601,#315,#1611,.T.);
#1613=ORIENTED_EDGE('',*,*,#1612,.T.);
#1614=ORIENTED_EDGE('',*,*,#320,.F.);
#1615=CARTESIAN_POINT('',(3.15,2.199999999999996,1.800000000000001));
#1616=VERTEX_POINT('',#1615);
#1617=CARTESIAN_POINT('',(3.15,2.199999999999996,3.300000000000001));
#1618=DIRECTION('',(0.0,0.0,-1.0));
#1619=VECTOR('',#1618,1.5);
#1620=LINE('',#1617,#1619);
#1621=EDGE_CURVE('',#307,#1616,#1620,.T.);
#1622=ORIENTED_EDGE('',*,*,#1621,.T.);
#1623=CARTESIAN_POINT('',(3.15,2.799999999999996,1.800000000000001));
#1624=VERTEX_POINT('',#1623);
#1625=CARTESIAN_POINT('',(3.15,2.199999999999996,1.800000000000001));
#1626=DIRECTION('',(0.0,1.0,0.0));
#1627=VECTOR('',#1626,0.6);
#1628=LINE('',#1625,#1627);
#1629=EDGE_CURVE('',#1616,#1624,#1628,.T.);
#1630=ORIENTED_EDGE('',*,*,#1629,.T.);
#1631=CARTESIAN_POINT('',(3.15,3.199999999999996,2.7));
#1632=VERTEX_POINT('',#1631);
#1633=CARTESIAN_POINT('',(3.15,2.799999999999996,1.800000000000001));
#1634=DIRECTION('',(0.0,0.406138466053448,0.913811548620257));
#1635=VECTOR('',#1634,0.98488578017961);
#1636=LINE('',#1633,#1635);
#1637=EDGE_CURVE('',#1624,#1632,#1636,.T.);
#1638=ORIENTED_EDGE('',*,*,#1637,.T.);
#1639=CARTESIAN_POINT('',(3.15,3.699999999999996,2.7));
#1640=VERTEX_POINT('',#1639);
#1641=CARTESIAN_POINT('',(3.15,3.199999999999996,2.7));
#1642=DIRECTION('',(0.0,1.0,0.0));
#1643=VECTOR('',#1642,0.5);
#1644=LINE('',#1641,#1643);
#1645=EDGE_CURVE('',#1632,#1640,#1644,.T.);
#1646=ORIENTED_EDGE('',*,*,#1645,.T.);
#1647=CARTESIAN_POINT('',(3.15,3.699999999999996,1.7));
#1648=VERTEX_POINT('',#1647);
#1649=CARTESIAN_POINT('',(3.15,3.699999999999996,1.7));
#1650=DIRECTION('',(0.0,0.0,1.0));
#1651=VECTOR('',#1650,1.000000000000001);
#1652=LINE('',#1649,#1651);
#1653=EDGE_CURVE('',#1648,#1640,#1652,.T.);
#1654=ORIENTED_EDGE('',*,*,#1653,.F.);
#1655=CARTESIAN_POINT('',(3.15,3.499999999999996,1.7));
#1656=VERTEX_POINT('',#1655);
#1657=CARTESIAN_POINT('',(3.15,3.699999999999996,1.7));
#1658=DIRECTION('',(0.0,-1.0,0.0));
#1659=VECTOR('',#1658,0.200000000000001);
#1660=LINE('',#1657,#1659);
#1661=EDGE_CURVE('',#1648,#1656,#1660,.T.);
#1662=ORIENTED_EDGE('',*,*,#1661,.T.);
#1663=CARTESIAN_POINT('',(3.15,3.499999999999996,1.1));
#1664=VERTEX_POINT('',#1663);
#1665=CARTESIAN_POINT('',(3.150000000000001,3.499999999999996,1.7));
#1666=DIRECTION('',(0.0,0.0,-1.0));
#1667=VECTOR('',#1666,0.6);
#1668=LINE('',#1665,#1667);
#1669=EDGE_CURVE('',#1656,#1664,#1668,.T.);
#1670=ORIENTED_EDGE('',*,*,#1669,.T.);
#1671=CARTESIAN_POINT('',(3.15,3.499999999999996,1.1));
#1672=DIRECTION('',(0.0,-1.0,0.0));
#1673=VECTOR('',#1672,0.5);
#1674=LINE('',#1671,#1673);
#1675=EDGE_CURVE('',#1664,#1534,#1674,.T.);
#1676=ORIENTED_EDGE('',*,*,#1675,.T.);
#1677=EDGE_LOOP('',(#1542,#1550,#1558,#1566,#1572,#1573,#1574,#1582,#1591,#1599,#1607,#1613,#1614,#1622,#1630,#1638,#1646,#1654,#1662,#1670,#1676));
#1678=FACE_OUTER_BOUND('',#1677,.T.);
#1679=ADVANCED_FACE('',(#1678),#1532,.T.);
#1680=CARTESIAN_POINT('',(3.15,0.799999999999998,0.25));
#1681=DIRECTION('',(-2.081668E-016,1.0,-1.616653E-032));
#1682=DIRECTION('',(0.707106781186548,1.471962E-016,-0.707106781186547));
#1683=AXIS2_PLACEMENT_3D('',#1680,#1681,#1682);
#1684=CYLINDRICAL_SURFACE('',#1683,0.4);
#1685=CARTESIAN_POINT('',(3.15,-1.0,-0.150000000000001));
#1686=VERTEX_POINT('',#1685);
#1687=CARTESIAN_POINT('',(3.15,-1.0,0.25));
#1688=DIRECTION('',(-1.040834E-016,1.0,1.040834E-016));
#1689=DIRECTION('',(0.707106781186548,1.471962E-016,-0.707106781186547));
#1690=AXIS2_PLACEMENT_3D('',#1687,#1688,#1689);
#1691=CIRCLE('',#1690,0.4);
#1692=EDGE_CURVE('',#1144,#1686,#1691,.T.);
#1693=ORIENTED_EDGE('',*,*,#1692,.T.);
#1694=CARTESIAN_POINT('',(3.15,-0.2,-0.150000000000001));
#1695=VERTEX_POINT('',#1694);
#1696=CARTESIAN_POINT('',(3.150000000000001,-1.0,-0.150000000000001));
#1697=DIRECTION('',(0.0,1.0,0.0));
#1698=VECTOR('',#1697,0.799999999999999);
#1699=LINE('',#1696,#1698);
#1700=EDGE_CURVE('',#1686,#1695,#1699,.T.);
#1701=ORIENTED_EDGE('',*,*,#1700,.T.);
#1702=CARTESIAN_POINT('',(3.54686269665969,-0.2,0.2));
#1703=VERTEX_POINT('',#1702);
#1704=CARTESIAN_POINT('',(3.15,-0.2,0.25));
#1705=DIRECTION('',(1.040834E-016,-1.0,-1.040834E-016));
#1706=DIRECTION('',(0.707106781186548,1.471962E-016,-0.707106781186547));
#1707=AXIS2_PLACEMENT_3D('',#1704,#1705,#1706);
#1708=CIRCLE('',#1707,0.4);
#1709=EDGE_CURVE('',#1695,#1703,#1708,.T.);
#1710=ORIENTED_EDGE('',*,*,#1709,.T.);
#1711=CARTESIAN_POINT('',(3.54686269665969,-0.2,0.2));
#1712=CARTESIAN_POINT('',(3.548977638372583,-0.2,0.216786829429141));
#1713=CARTESIAN_POINT('',(3.550000000000001,-0.199147366080131,0.233546414854107));
#1714=CARTESIAN_POINT('',(3.550000000000001,-0.19749371855331,0.249999999999999));
#1715=B_SPLINE_CURVE_WITH_KNOTS('',3,(#1711,#1712,#1713,#1714),.UNSPECIFIED.,.F.,.U.,(4,4),(-0.073061200583483,-0.06810025800302),.UNSPECIFIED.);
#1716=EDGE_CURVE('',#1703,#1152,#1715,.T.);
#1717=ORIENTED_EDGE('',*,*,#1716,.T.);
#1718=ORIENTED_EDGE('',*,*,#1157,.T.);
#1719=EDGE_LOOP('',(#1693,#1701,#1710,#1717,#1718));
#1720=FACE_OUTER_BOUND('',#1719,.T.);
#1721=ADVANCED_FACE('',(#1720),#1684,.T.);
#1722=CARTESIAN_POINT('',(3.35,-0.6,-0.150000000000001));
#1723=DIRECTION('',(0.0,0.0,-1.0));
#1724=DIRECTION('',(1.0,0.0,0.0));
#1725=AXIS2_PLACEMENT_3D('',#1722,#1723,#1724);
#1726=PLANE('',#1725);
#1727=ORIENTED_EDGE('',*,*,#1700,.F.);
#1728=CARTESIAN_POINT('',(2.350000000000001,-1.0,-0.150000000000001));
#1729=VERTEX_POINT('',#1728);
#1730=CARTESIAN_POINT('',(2.350000000000001,-1.0,-0.150000000000001));
#1731=DIRECTION('',(1.0,0.0,0.0));
#1732=VECTOR('',#1731,0.799999999999999);
#1733=LINE('',#1730,#1732);
#1734=EDGE_CURVE('',#1729,#1686,#1733,.T.);
#1735=ORIENTED_EDGE('',*,*,#1734,.F.);
#1736=CARTESIAN_POINT('',(2.350000000000001,-0.2,-0.150000000000001));
#1737=VERTEX_POINT('',#1736);
#1738=CARTESIAN_POINT('',(2.350000000000001,-1.0,-0.150000000000001));
#1739=DIRECTION('',(0.0,1.0,0.0));
#1740=VECTOR('',#1739,0.8);
#1741=LINE('',#1738,#1740);
#1742=EDGE_CURVE('',#1729,#1737,#1741,.T.);
#1743=ORIENTED_EDGE('',*,*,#1742,.T.);
#1744=CARTESIAN_POINT('',(3.15,-0.2,-0.150000000000001));
#1745=DIRECTION('',(-1.0,0.0,0.0));
#1746=VECTOR('',#1745,0.799999999999999);
#1747=LINE('',#1744,#1746);
#1748=EDGE_CURVE('',#1695,#1737,#1747,.T.);
#1749=ORIENTED_EDGE('',*,*,#1748,.F.);
#1750=EDGE_LOOP('',(#1727,#1735,#1743,#1749));
#1751=FACE_OUTER_BOUND('',#1750,.T.);
#1752=ADVANCED_FACE('',(#1751),#1726,.T.);
#1753=CARTESIAN_POINT('',(3.55,-1.0,3.700000000000001));
#1754=DIRECTION('',(0.0,1.0,0.0));
#1755=DIRECTION('',(0.0,0.0,1.0));
#1756=AXIS2_PLACEMENT_3D('',#1753,#1754,#1755);
#1757=PLANE('',#1756);
#1758=ORIENTED_EDGE('',*,*,#1692,.F.);
#1759=ORIENTED_EDGE('',*,*,#1149,.F.);
#1760=CARTESIAN_POINT('',(3.250000000000001,-1.0,3.4));
#1761=DIRECTION('',(-1.040834E-016,1.0,-1.040834E-016));
#1762=DIRECTION('',(0.707106781186548,1.471962E-016,0.707106781186547));
#1763=AXIS2_PLACEMENT_3D('',#1760,#1761,#1762);
#1764=CIRCLE('',#1763,0.3);
#1765=EDGE_CURVE('',#447,#1136,#1764,.T.);
#1766=ORIENTED_EDGE('',*,*,#1765,.F.);
#1767=ORIENTED_EDGE('',*,*,#452,.T.);
#1768=CARTESIAN_POINT('',(3.0,-1.0,3.300000000000001));
#1769=DIRECTION('',(0.0,0.0,1.0));
#1770=VECTOR('',#1769,0.4);
#1771=LINE('',#1768,#1770);
#1772=EDGE_CURVE('',#297,#439,#1771,.T.);
#1773=ORIENTED_EDGE('',*,*,#1772,.F.);
#1774=ORIENTED_EDGE('',*,*,#326,.F.);
#1775=ORIENTED_EDGE('',*,*,#1612,.F.);
#1776=CARTESIAN_POINT('',(2.350000000000001,-1.0,0.25));
#1777=VERTEX_POINT('',#1776);
#1778=CARTESIAN_POINT('',(2.350000000000001,-1.0,0.25));
#1779=DIRECTION('',(1.0,0.0,0.0));
#1780=VECTOR('',#1779,0.8);
#1781=LINE('',#1778,#1780);
#1782=EDGE_CURVE('',#1777,#1601,#1781,.T.);
#1783=ORIENTED_EDGE('',*,*,#1782,.F.);
#1784=CARTESIAN_POINT('',(2.350000000000001,-1.0,-0.150000000000001));
#1785=DIRECTION('',(0.0,0.0,1.0));
#1786=VECTOR('',#1785,0.4);
#1787=LINE('',#1784,#1786);
#1788=EDGE_CURVE('',#1729,#1777,#1787,.T.);
#1789=ORIENTED_EDGE('',*,*,#1788,.F.);
#1790=ORIENTED_EDGE('',*,*,#1734,.T.);
#1791=EDGE_LOOP('',(#1758,#1759,#1766,#1767,#1773,#1774,#1775,#1783,#1789,#1790));
#1792=FACE_OUTER_BOUND('',#1791,.T.);
#1793=ADVANCED_FACE('',(#1792),#1757,.F.);
#1794=CARTESIAN_POINT('',(2.350000000000001,-1.0,-0.150000000000001));
#1795=DIRECTION('',(1.0,0.0,0.0));
#1796=DIRECTION('',(0.0,0.0,1.0));
#1797=AXIS2_PLACEMENT_3D('',#1794,#1795,#1796);
#1798=PLANE('',#1797);
#1799=CARTESIAN_POINT('',(2.350000000000001,-0.2,0.25));
#1800=VERTEX_POINT('',#1799);
#1801=CARTESIAN_POINT('',(2.350000000000001,-0.2,-0.150000000000001));
#1802=DIRECTION('',(0.0,0.0,1.0));
#1803=VECTOR('',#1802,0.4);
#1804=LINE('',#1801,#1803);
#1805=EDGE_CURVE('',#1737,#1800,#1804,.T.);
#1806=ORIENTED_EDGE('',*,*,#1805,.F.);
#1807=ORIENTED_EDGE('',*,*,#1742,.F.);
#1808=ORIENTED_EDGE('',*,*,#1788,.T.);
#1809=CARTESIAN_POINT('',(2.350000000000001,-1.0,0.25));
#1810=DIRECTION('',(0.0,1.0,0.0));
#1811=VECTOR('',#1810,0.8);
#1812=LINE('',#1809,#1811);
#1813=EDGE_CURVE('',#1777,#1800,#1812,.T.);
#1814=ORIENTED_EDGE('',*,*,#1813,.T.);
#1815=EDGE_LOOP('',(#1806,#1807,#1808,#1814));
#1816=FACE_OUTER_BOUND('',#1815,.T.);
#1817=ADVANCED_FACE('',(#1816),#1798,.F.);
#1818=CARTESIAN_POINT('',(2.350000000000001,-1.0,0.25));
#1819=DIRECTION('',(0.0,0.0,-1.0));
#1820=DIRECTION('',(1.0,0.0,0.0));
#1821=AXIS2_PLACEMENT_3D('',#1818,#1819,#1820);
#1822=PLANE('',#1821);
#1823=CARTESIAN_POINT('',(2.350000000000001,-0.2,0.25));
#1824=DIRECTION('',(1.0,0.0,0.0));
#1825=VECTOR('',#1824,0.8);
#1826=LINE('',#1823,#1825);
#1827=EDGE_CURVE('',#1800,#1593,#1826,.T.);
#1828=ORIENTED_EDGE('',*,*,#1827,.F.);
#1829=ORIENTED_EDGE('',*,*,#1813,.F.);
#1830=ORIENTED_EDGE('',*,*,#1782,.T.);
#1831=ORIENTED_EDGE('',*,*,#1606,.F.);
#1832=EDGE_LOOP('',(#1828,#1829,#1830,#1831));
#1833=FACE_OUTER_BOUND('',#1832,.T.);
#1834=ADVANCED_FACE('',(#1833),#1822,.F.);
#1835=CARTESIAN_POINT('',(3.55,-0.2,0.2));
#1836=DIRECTION('',(0.0,-1.0,0.0));
#1837=DIRECTION('',(0.0,0.0,-1.0));
#1838=AXIS2_PLACEMENT_3D('',#1835,#1836,#1837);
#1839=PLANE('',#1838);
#1840=ORIENTED_EDGE('',*,*,#1709,.F.);
#1841=ORIENTED_EDGE('',*,*,#1748,.T.);
#1842=ORIENTED_EDGE('',*,*,#1805,.T.);
#1843=ORIENTED_EDGE('',*,*,#1827,.T.);
#1844=ORIENTED_EDGE('',*,*,#1598,.F.);
#1845=CARTESIAN_POINT('',(3.54686269665969,-0.2,0.2));
#1846=DIRECTION('',(-1.0,0.0,0.0));
#1847=VECTOR('',#1846,0.396862696659688);
#1848=LINE('',#1845,#1847);
#1849=EDGE_CURVE('',#1703,#1584,#1848,.T.);
#1850=ORIENTED_EDGE('',*,*,#1849,.F.);
#1851=EDGE_LOOP('',(#1840,#1841,#1842,#1843,#1844,#1850));
#1852=FACE_OUTER_BOUND('',#1851,.T.);
#1853=ADVANCED_FACE('',(#1852),#1839,.F.);
#1854=CARTESIAN_POINT('',(-3.15,0.799999999999997,0.25));
#1855=DIRECTION('',(2.081668E-016,-1.0,1.616653E-032));
#1856=DIRECTION('',(-0.707106781186547,-1.471962E-016,-0.707106781186548));
#1857=AXIS2_PLACEMENT_3D('',#1854,#1855,#1856);
#1858=CYLINDRICAL_SURFACE('',#1857,0.4);
#1859=CARTESIAN_POINT('',(-3.15,-1.000000000000001,-0.150000000000001));
#1860=VERTEX_POINT('',#1859);
#1861=CARTESIAN_POINT('',(-3.55,-1.000000000000001,0.249999999999999));
#1862=VERTEX_POINT('',#1861);
#1863=CARTESIAN_POINT('',(-3.15,-1.000000000000001,0.25));
#1864=DIRECTION('',(-1.040834E-016,1.0,-1.040834E-016));
#1865=DIRECTION('',(-0.707106781186547,-1.471962E-016,-0.707106781186548));
#1866=AXIS2_PLACEMENT_3D('',#1863,#1864,#1865);
#1867=CIRCLE('',#1866,0.4);
#1868=EDGE_CURVE('',#1860,#1862,#1867,.T.);
#1869=ORIENTED_EDGE('',*,*,#1868,.T.);
#1870=CARTESIAN_POINT('',(-3.55,-0.197493718553312,0.249999999999999));
#1871=VERTEX_POINT('',#1870);
#1872=CARTESIAN_POINT('',(-3.55,-1.000000000000001,0.249999999999999));
#1873=DIRECTION('',(0.0,1.0,0.0));
#1874=VECTOR('',#1873,0.802506281446689);
#1875=LINE('',#1872,#1874);
#1876=EDGE_CURVE('',#1862,#1871,#1875,.T.);
#1877=ORIENTED_EDGE('',*,*,#1876,.T.);
#1878=CARTESIAN_POINT('',(-3.54686269665969,-0.200000000000002,0.199999999999999));
#1879=VERTEX_POINT('',#1878);
#1880=CARTESIAN_POINT('',(-3.550000000000001,-0.197493718553312,0.249999999999999));
#1881=CARTESIAN_POINT('',(-3.550000000000001,-0.199147366062981,0.233546415024767));
#1882=CARTESIAN_POINT('',(-3.548977638384025,-0.200000000000002,0.216786829519954));
#1883=CARTESIAN_POINT('',(-3.54686269665969,-0.200000000000002,0.199999999999999));
#1884=B_SPLINE_CURVE_WITH_KNOTS('',3,(#1880,#1881,#1882,#1883),.UNSPECIFIED.,.F.,.U.,(4,4),(0.1990152442225,0.203976186751507),.UNSPECIFIED.);
#1885=EDGE_CURVE('',#1871,#1879,#1884,.T.);
#1886=ORIENTED_EDGE('',*,*,#1885,.T.);
#1887=CARTESIAN_POINT('',(-3.15,-0.200000000000001,-0.150000000000001));
#1888=VERTEX_POINT('',#1887);
#1889=CARTESIAN_POINT('',(-3.15,-0.200000000000002,0.25));
#1890=DIRECTION('',(1.040834E-016,-1.0,1.040834E-016));
#1891=DIRECTION('',(-0.707106781186547,-1.471962E-016,-0.707106781186548));
#1892=AXIS2_PLACEMENT_3D('',#1889,#1890,#1891);
#1893=CIRCLE('',#1892,0.4);
#1894=EDGE_CURVE('',#1879,#1888,#1893,.T.);
#1895=ORIENTED_EDGE('',*,*,#1894,.T.);
#1896=CARTESIAN_POINT('',(-3.15,-0.200000000000001,-0.150000000000001));
#1897=DIRECTION('',(0.0,-1.0,0.0));
#1898=VECTOR('',#1897,0.8);
#1899=LINE('',#1896,#1898);
#1900=EDGE_CURVE('',#1888,#1860,#1899,.T.);
#1901=ORIENTED_EDGE('',*,*,#1900,.T.);
#1902=EDGE_LOOP('',(#1869,#1877,#1886,#1895,#1901));
#1903=FACE_OUTER_BOUND('',#1902,.T.);
#1904=ADVANCED_FACE('',(#1903),#1858,.T.);
#1905=CARTESIAN_POINT('',(-3.550000000000001,2.199999999999994,3.7));
#1906=DIRECTION('',(-1.0,0.0,0.0));
#1907=DIRECTION('',(0.0,0.0,-1.0));
#1908=AXIS2_PLACEMENT_3D('',#1905,#1906,#1907);
#1909=PLANE('',#1908);
#1910=CARTESIAN_POINT('',(-3.550000000000001,2.999999999999994,1.1));
#1911=VERTEX_POINT('',#1910);
#1912=CARTESIAN_POINT('',(-3.55,2.999999999999994,-1.300000000000001));
#1913=VERTEX_POINT('',#1912);
#1914=CARTESIAN_POINT('',(-3.550000000000001,2.999999999999994,1.1));
#1915=DIRECTION('',(0.0,0.0,-1.0));
#1916=VECTOR('',#1915,2.4);
#1917=LINE('',#1914,#1916);
#1918=EDGE_CURVE('',#1911,#1913,#1917,.T.);
#1919=ORIENTED_EDGE('',*,*,#1918,.T.);
#1920=CARTESIAN_POINT('',(-3.55,3.499999999999995,-1.300000000000001));
#1921=VERTEX_POINT('',#1920);
#1922=CARTESIAN_POINT('',(-3.55,2.999999999999994,-1.300000000000001));
#1923=DIRECTION('',(0.0,1.0,0.0));
#1924=VECTOR('',#1923,0.5);
#1925=LINE('',#1922,#1924);
#1926=EDGE_CURVE('',#1913,#1921,#1925,.T.);
#1927=ORIENTED_EDGE('',*,*,#1926,.T.);
#1928=CARTESIAN_POINT('',(-3.55,3.499999999999994,-1.9));
#1929=VERTEX_POINT('',#1928);
#1930=CARTESIAN_POINT('',(-3.550000000000001,3.499999999999994,-1.3));
#1931=DIRECTION('',(0.0,0.0,-1.0));
#1932=VECTOR('',#1931,0.6);
#1933=LINE('',#1930,#1932);
#1934=EDGE_CURVE('',#1921,#1929,#1933,.T.);
#1935=ORIENTED_EDGE('',*,*,#1934,.T.);
#1936=CARTESIAN_POINT('',(-3.55,3.599999999999999,-1.9));
#1937=VERTEX_POINT('',#1936);
#1938=CARTESIAN_POINT('',(-3.55,3.499999999999994,-1.9));
#1939=DIRECTION('',(0.0,1.0,0.0));
#1940=VECTOR('',#1939,0.100000000000005);
#1941=LINE('',#1938,#1940);
#1942=EDGE_CURVE('',#1929,#1937,#1941,.T.);
#1943=ORIENTED_EDGE('',*,*,#1942,.T.);
#1944=CARTESIAN_POINT('',(-3.55,3.599999999999999,-2.899999999999999));
#1945=VERTEX_POINT('',#1944);
#1946=CARTESIAN_POINT('',(-3.550000000000001,3.599999999999999,-1.9));
#1947=DIRECTION('',(0.0,0.0,-1.0));
#1948=VECTOR('',#1947,0.999999999999999);
#1949=LINE('',#1946,#1948);
#1950=EDGE_CURVE('',#1937,#1945,#1949,.T.);
#1951=ORIENTED_EDGE('',*,*,#1950,.T.);
#1952=CARTESIAN_POINT('',(-3.550000000000001,3.599999999999999,-2.9));
#1953=DIRECTION('',(0.0,-1.0,0.0));
#1954=VECTOR('',#1953,1.800000000000003);
#1955=LINE('',#1952,#1954);
#1956=EDGE_CURVE('',#1945,#1408,#1955,.T.);
#1957=ORIENTED_EDGE('',*,*,#1956,.T.);
#1958=ORIENTED_EDGE('',*,*,#1413,.F.);
#1959=ORIENTED_EDGE('',*,*,#1443,.T.);
#1960=CARTESIAN_POINT('',(-3.55,0.299999999999998,0.199999999999999));
#1961=DIRECTION('',(1.0,0.0,0.0));
#1962=DIRECTION('',(0.0,1.0,0.0));
#1963=AXIS2_PLACEMENT_3D('',#1960,#1961,#1962);
#1964=CIRCLE('',#1963,0.5);
#1965=EDGE_CURVE('',#1432,#1871,#1964,.T.);
#1966=ORIENTED_EDGE('',*,*,#1965,.T.);
#1967=ORIENTED_EDGE('',*,*,#1876,.F.);
#1968=CARTESIAN_POINT('',(-3.55,-1.000000000000001,3.4));
#1969=VERTEX_POINT('',#1968);
#1970=CARTESIAN_POINT('',(-3.55,-1.000000000000001,3.4));
#1971=DIRECTION('',(0.0,0.0,-1.0));
#1972=VECTOR('',#1971,3.150000000000001);
#1973=LINE('',#1970,#1972);
#1974=EDGE_CURVE('',#1969,#1862,#1973,.T.);
#1975=ORIENTED_EDGE('',*,*,#1974,.F.);
#1976=CARTESIAN_POINT('',(-3.550000000000001,2.199999999999994,3.4));
#1977=VERTEX_POINT('',#1976);
#1978=CARTESIAN_POINT('',(-3.55,2.199999999999995,3.4));
#1979=DIRECTION('',(0.0,-1.0,0.0));
#1980=VECTOR('',#1979,3.199999999999996);
#1981=LINE('',#1978,#1980);
#1982=EDGE_CURVE('',#1977,#1969,#1981,.T.);
#1983=ORIENTED_EDGE('',*,*,#1982,.F.);
#1984=CARTESIAN_POINT('',(-3.550000000000001,2.199999999999994,1.8));
#1985=VERTEX_POINT('',#1984);
#1986=CARTESIAN_POINT('',(-3.550000000000001,2.199999999999994,3.4));
#1987=DIRECTION('',(0.0,0.0,-1.0));
#1988=VECTOR('',#1987,1.6);
#1989=LINE('',#1986,#1988);
#1990=EDGE_CURVE('',#1977,#1985,#1989,.T.);
#1991=ORIENTED_EDGE('',*,*,#1990,.T.);
#1992=CARTESIAN_POINT('',(-3.550000000000001,2.799999999999995,1.8));
#1993=VERTEX_POINT('',#1992);
#1994=CARTESIAN_POINT('',(-3.550000000000001,2.199999999999994,1.8));
#1995=DIRECTION('',(0.0,1.0,0.0));
#1996=VECTOR('',#1995,0.6);
#1997=LINE('',#1994,#1996);
#1998=EDGE_CURVE('',#1985,#1993,#1997,.T.);
#1999=ORIENTED_EDGE('',*,*,#1998,.T.);
#2000=CARTESIAN_POINT('',(-3.550000000000001,3.199999999999994,2.7));
#2001=VERTEX_POINT('',#2000);
#2002=CARTESIAN_POINT('',(-3.550000000000001,2.799999999999995,1.8));
#2003=DIRECTION('',(0.0,0.406138466053448,0.913811548620257));
#2004=VECTOR('',#2003,0.98488578017961);
#2005=LINE('',#2002,#2004);
#2006=EDGE_CURVE('',#1993,#2001,#2005,.T.);
#2007=ORIENTED_EDGE('',*,*,#2006,.T.);
#2008=CARTESIAN_POINT('',(-3.550000000000001,3.600000000000003,2.699999999999999));
#2009=VERTEX_POINT('',#2008);
#2010=CARTESIAN_POINT('',(-3.550000000000001,3.199999999999994,2.7));
#2011=DIRECTION('',(0.0,1.0,0.0));
#2012=VECTOR('',#2011,0.400000000000009);
#2013=LINE('',#2010,#2012);
#2014=EDGE_CURVE('',#2001,#2009,#2013,.T.);
#2015=ORIENTED_EDGE('',*,*,#2014,.T.);
#2016=CARTESIAN_POINT('',(-3.550000000000001,3.600000000000001,1.7));
#2017=VERTEX_POINT('',#2016);
#2018=CARTESIAN_POINT('',(-3.550000000000001,3.600000000000003,2.699999999999999));
#2019=DIRECTION('',(0.0,0.0,-1.0));
#2020=VECTOR('',#2019,1.0);
#2021=LINE('',#2018,#2020);
#2022=EDGE_CURVE('',#2009,#2017,#2021,.T.);
#2023=ORIENTED_EDGE('',*,*,#2022,.T.);
#2024=CARTESIAN_POINT('',(-3.550000000000001,3.499999999999994,1.7));
#2025=VERTEX_POINT('',#2024);
#2026=CARTESIAN_POINT('',(-3.550000000000001,3.600000000000001,1.699999999999999));
#2027=DIRECTION('',(0.0,-1.0,0.0));
#2028=VECTOR('',#2027,0.100000000000006);
#2029=LINE('',#2026,#2028);
#2030=EDGE_CURVE('',#2017,#2025,#2029,.T.);
#2031=ORIENTED_EDGE('',*,*,#2030,.T.);
#2032=CARTESIAN_POINT('',(-3.550000000000001,3.499999999999995,1.1));
#2033=VERTEX_POINT('',#2032);
#2034=CARTESIAN_POINT('',(-3.550000000000001,3.499999999999994,1.7));
#2035=DIRECTION('',(0.0,0.0,-1.0));
#2036=VECTOR('',#2035,0.6);
#2037=LINE('',#2034,#2036);
#2038=EDGE_CURVE('',#2025,#2033,#2037,.T.);
#2039=ORIENTED_EDGE('',*,*,#2038,.T.);
#2040=CARTESIAN_POINT('',(-3.550000000000001,3.499999999999995,1.1));
#2041=DIRECTION('',(0.0,-1.0,0.0));
#2042=VECTOR('',#2041,0.5);
#2043=LINE('',#2040,#2042);
#2044=EDGE_CURVE('',#2033,#1911,#2043,.T.);
#2045=ORIENTED_EDGE('',*,*,#2044,.T.);
#2046=EDGE_LOOP('',(#1919,#1927,#1935,#1943,#1951,#1957,#1958,#1959,#1966,#1967,#1975,#1983,#1991,#1999,#2007,#2015,#2023,#2031,#2039,#2045));
#2047=FACE_OUTER_BOUND('',#2046,.T.);
#2048=ADVANCED_FACE('',(#2047),#1909,.T.);
#2049=CARTESIAN_POINT('',(-3.55,-1.000000000000001,3.7));
#2050=DIRECTION('',(0.0,-1.0,0.0));
#2051=DIRECTION('',(0.0,0.0,1.0));
#2052=AXIS2_PLACEMENT_3D('',#2049,#2050,#2051);
#2053=PLANE('',#2052);
#2054=ORIENTED_EDGE('',*,*,#1868,.F.);
#2055=CARTESIAN_POINT('',(-2.350000000000001,-1.000000000000001,-0.150000000000001));
#2056=VERTEX_POINT('',#2055);
#2057=CARTESIAN_POINT('',(-3.150000000000001,-1.000000000000001,-0.150000000000001));
#2058=DIRECTION('',(1.0,0.0,0.0));
#2059=VECTOR('',#2058,0.8);
#2060=LINE('',#2057,#2059);
#2061=EDGE_CURVE('',#1860,#2056,#2060,.T.);
#2062=ORIENTED_EDGE('',*,*,#2061,.T.);
#2063=CARTESIAN_POINT('',(-2.350000000000001,-1.000000000000001,0.25));
#2064=VERTEX_POINT('',#2063);
#2065=CARTESIAN_POINT('',(-2.350000000000001,-1.000000000000001,-0.150000000000001));
#2066=DIRECTION('',(0.0,0.0,1.0));
#2067=VECTOR('',#2066,0.4);
#2068=LINE('',#2065,#2067);
#2069=EDGE_CURVE('',#2056,#2064,#2068,.T.);
#2070=ORIENTED_EDGE('',*,*,#2069,.T.);
#2071=CARTESIAN_POINT('',(-2.350000000000001,-1.000000000000001,0.25));
#2072=DIRECTION('',(-1.0,0.0,0.0));
#2073=VECTOR('',#2072,0.8);
#2074=LINE('',#2071,#2073);
#2075=EDGE_CURVE('',#2064,#1304,#2074,.T.);
#2076=ORIENTED_EDGE('',*,*,#2075,.T.);
#2077=ORIENTED_EDGE('',*,*,#1309,.T.);
#2078=ORIENTED_EDGE('',*,*,#272,.T.);
#2079=CARTESIAN_POINT('',(-3.0,-1.000000000000001,3.7));
#2080=DIRECTION('',(0.0,0.0,-1.0));
#2081=VECTOR('',#2080,0.4);
#2082=LINE('',#2079,#2081);
#2083=EDGE_CURVE('',#415,#259,#2082,.T.);
#2084=ORIENTED_EDGE('',*,*,#2083,.F.);
#2085=ORIENTED_EDGE('',*,*,#420,.F.);
#2086=CARTESIAN_POINT('',(-3.250000000000001,-1.000000000000001,3.4));
#2087=DIRECTION('',(-1.040834E-016,1.0,1.040834E-016));
#2088=DIRECTION('',(-0.707106781186548,-1.471962E-016,0.707106781186547));
#2089=AXIS2_PLACEMENT_3D('',#2086,#2087,#2088);
#2090=CIRCLE('',#2089,0.3);
#2091=EDGE_CURVE('',#1969,#407,#2090,.T.);
#2092=ORIENTED_EDGE('',*,*,#2091,.F.);
#2093=ORIENTED_EDGE('',*,*,#1974,.T.);
#2094=EDGE_LOOP('',(#2054,#2062,#2070,#2076,#2077,#2078,#2084,#2085,#2092,#2093));
#2095=FACE_OUTER_BOUND('',#2094,.T.);
#2096=ADVANCED_FACE('',(#2095),#2053,.T.);
#2097=CARTESIAN_POINT('',(-3.35,-0.600000000000001,-0.150000000000001));
#2098=DIRECTION('',(0.0,0.0,1.0));
#2099=DIRECTION('',(-1.0,0.0,0.0));
#2100=AXIS2_PLACEMENT_3D('',#2097,#2098,#2099);
#2101=PLANE('',#2100);
#2102=ORIENTED_EDGE('',*,*,#1900,.F.);
#2103=CARTESIAN_POINT('',(-2.350000000000001,-0.200000000000001,-0.150000000000001));
#2104=VERTEX_POINT('',#2103);
#2105=CARTESIAN_POINT('',(-3.150000000000001,-0.200000000000001,-0.150000000000001));
#2106=DIRECTION('',(1.0,0.0,0.0));
#2107=VECTOR('',#2106,0.8);
#2108=LINE('',#2105,#2107);
#2109=EDGE_CURVE('',#1888,#2104,#2108,.T.);
#2110=ORIENTED_EDGE('',*,*,#2109,.T.);
#2111=CARTESIAN_POINT('',(-2.350000000000001,-1.000000000000001,-0.150000000000001));
#2112=DIRECTION('',(0.0,1.0,0.0));
#2113=VECTOR('',#2112,0.8);
#2114=LINE('',#2111,#2113);
#2115=EDGE_CURVE('',#2056,#2104,#2114,.T.);
#2116=ORIENTED_EDGE('',*,*,#2115,.F.);
#2117=ORIENTED_EDGE('',*,*,#2061,.F.);
#2118=EDGE_LOOP('',(#2102,#2110,#2116,#2117));
#2119=FACE_OUTER_BOUND('',#2118,.T.);
#2120=ADVANCED_FACE('',(#2119),#2101,.F.);
#2121=CARTESIAN_POINT('',(-2.350000000000001,-1.000000000000001,-0.150000000000001));
#2122=DIRECTION('',(1.0,0.0,0.0));
#2123=DIRECTION('',(0.0,0.0,1.0));
#2124=AXIS2_PLACEMENT_3D('',#2121,#2122,#2123);
#2125=PLANE('',#2124);
#2126=CARTESIAN_POINT('',(-2.350000000000001,-0.200000000000001,0.25));
#2127=VERTEX_POINT('',#2126);
#2128=CARTESIAN_POINT('',(-2.350000000000001,-0.200000000000001,-0.150000000000001));
#2129=DIRECTION('',(0.0,0.0,1.0));
#2130=VECTOR('',#2129,0.4);
#2131=LINE('',#2128,#2130);
#2132=EDGE_CURVE('',#2104,#2127,#2131,.T.);
#2133=ORIENTED_EDGE('',*,*,#2132,.T.);
#2134=CARTESIAN_POINT('',(-2.350000000000001,-1.000000000000001,0.25));
#2135=DIRECTION('',(0.0,1.0,0.0));
#2136=VECTOR('',#2135,0.8);
#2137=LINE('',#2134,#2136);
#2138=EDGE_CURVE('',#2064,#2127,#2137,.T.);
#2139=ORIENTED_EDGE('',*,*,#2138,.F.);
#2140=ORIENTED_EDGE('',*,*,#2069,.F.);
#2141=ORIENTED_EDGE('',*,*,#2115,.T.);
#2142=EDGE_LOOP('',(#2133,#2139,#2140,#2141));
#2143=FACE_OUTER_BOUND('',#2142,.T.);
#2144=ADVANCED_FACE('',(#2143),#2125,.T.);
#2145=CARTESIAN_POINT('',(-2.350000000000001,-1.000000000000001,0.25));
#2146=DIRECTION('',(0.0,0.0,1.0));
#2147=DIRECTION('',(-1.0,0.0,0.0));
#2148=AXIS2_PLACEMENT_3D('',#2145,#2146,#2147);
#2149=PLANE('',#2148);
#2150=CARTESIAN_POINT('',(-2.350000000000001,-0.200000000000001,0.25));
#2151=DIRECTION('',(-1.0,0.0,0.0));
#2152=VECTOR('',#2151,0.8);
#2153=LINE('',#2150,#2152);
#2154=EDGE_CURVE('',#2127,#1312,#2153,.T.);
#2155=ORIENTED_EDGE('',*,*,#2154,.T.);
#2156=ORIENTED_EDGE('',*,*,#1317,.F.);
#2157=ORIENTED_EDGE('',*,*,#2075,.F.);
#2158=ORIENTED_EDGE('',*,*,#2138,.T.);
#2159=EDGE_LOOP('',(#2155,#2156,#2157,#2158));
#2160=FACE_OUTER_BOUND('',#2159,.T.);
#2161=ADVANCED_FACE('',(#2160),#2149,.T.);
#2162=CARTESIAN_POINT('',(3.55,3.499999999999996,-1.299999999999999));
#2163=DIRECTION('',(0.0,0.0,1.0));
#2164=DIRECTION('',(-1.0,0.0,0.0));
#2165=AXIS2_PLACEMENT_3D('',#2162,#2163,#2164);
#2166=PLANE('',#2165);
#2167=ORIENTED_EDGE('',*,*,#1549,.F.);
#2168=CARTESIAN_POINT('',(3.55,2.999999999999996,-1.299999999999999));
#2169=DIRECTION('',(-1.0,0.0,0.0));
#2170=VECTOR('',#2169,0.399999999999999);
#2171=LINE('',#2168,#2170);
#2172=EDGE_CURVE('',#1062,#1536,#2171,.T.);
#2173=ORIENTED_EDGE('',*,*,#2172,.F.);
#2174=ORIENTED_EDGE('',*,*,#1220,.F.);
#2175=CARTESIAN_POINT('',(3.150000000000001,3.499999999999996,-1.299999999999999));
#2176=DIRECTION('',(1.0,0.0,0.0));
#2177=VECTOR('',#2176,0.399999999999999);
#2178=LINE('',#2175,#2177);
#2179=EDGE_CURVE('',#1544,#1209,#2178,.T.);
#2180=ORIENTED_EDGE('',*,*,#2179,.F.);
#2181=EDGE_LOOP('',(#2167,#2173,#2174,#2180));
#2182=FACE_OUTER_BOUND('',#2181,.T.);
#2183=ADVANCED_FACE('',(#2182),#2166,.T.);
#2184=CARTESIAN_POINT('',(3.55,2.999999999999996,-1.299999999999999));
#2185=DIRECTION('',(0.0,1.0,0.0));
#2186=DIRECTION('',(0.0,0.0,1.0));
#2187=AXIS2_PLACEMENT_3D('',#2184,#2185,#2186);
#2188=PLANE('',#2187);
#2189=ORIENTED_EDGE('',*,*,#1541,.F.);
#2190=CARTESIAN_POINT('',(3.55,2.999999999999996,1.1));
#2191=DIRECTION('',(-1.0,0.0,0.0));
#2192=VECTOR('',#2191,0.399999999999999);
#2193=LINE('',#2190,#2192);
#2194=EDGE_CURVE('',#1064,#1534,#2193,.T.);
#2195=ORIENTED_EDGE('',*,*,#2194,.F.);
#2196=ORIENTED_EDGE('',*,*,#1069,.F.);
#2197=ORIENTED_EDGE('',*,*,#2172,.T.);
#2198=EDGE_LOOP('',(#2189,#2195,#2196,#2197));
#2199=FACE_OUTER_BOUND('',#2198,.T.);
#2200=ADVANCED_FACE('',(#2199),#2188,.T.);
#2201=CARTESIAN_POINT('',(3.55,2.999999999999996,1.1));
#2202=DIRECTION('',(0.0,0.0,-1.0));
#2203=DIRECTION('',(1.0,0.0,0.0));
#2204=AXIS2_PLACEMENT_3D('',#2201,#2202,#2203);
#2205=PLANE('',#2204);
#2206=ORIENTED_EDGE('',*,*,#1675,.F.);
#2207=CARTESIAN_POINT('',(3.55,3.499999999999996,1.100000000000001));
#2208=DIRECTION('',(-1.0,0.0,0.0));
#2209=VECTOR('',#2208,0.399999999999999);
#2210=LINE('',#2207,#2209);
#2211=EDGE_CURVE('',#1072,#1664,#2210,.T.);
#2212=ORIENTED_EDGE('',*,*,#2211,.F.);
#2213=ORIENTED_EDGE('',*,*,#1077,.F.);
#2214=ORIENTED_EDGE('',*,*,#2194,.T.);
#2215=EDGE_LOOP('',(#2206,#2212,#2213,#2214));
#2216=FACE_OUTER_BOUND('',#2215,.T.);
#2217=ADVANCED_FACE('',(#2216),#2205,.T.);
#2218=CARTESIAN_POINT('',(3.55,3.499999999999996,-1.9));
#2219=DIRECTION('',(0.0,1.0,0.0));
#2220=DIRECTION('',(0.0,0.0,1.0));
#2221=AXIS2_PLACEMENT_3D('',#2218,#2219,#2220);
#2222=PLANE('',#2221);
#2223=ORIENTED_EDGE('',*,*,#2211,.T.);
#2224=ORIENTED_EDGE('',*,*,#1669,.F.);
#2225=CARTESIAN_POINT('',(3.55,3.499999999999996,1.7));
#2226=DIRECTION('',(-1.0,0.0,0.0));
#2227=VECTOR('',#2226,0.4);
#2228=LINE('',#2225,#2227);
#2229=EDGE_CURVE('',#1080,#1656,#2228,.T.);
#2230=ORIENTED_EDGE('',*,*,#2229,.F.);
#2231=ORIENTED_EDGE('',*,*,#1085,.F.);
#2232=EDGE_LOOP('',(#2223,#2224,#2230,#2231));
#2233=FACE_OUTER_BOUND('',#2232,.T.);
#2234=ADVANCED_FACE('',(#2233),#2222,.T.);
#2235=CARTESIAN_POINT('',(3.55,3.499999999999996,-1.9));
#2236=DIRECTION('',(0.0,1.0,0.0));
#2237=DIRECTION('',(0.0,0.0,1.0));
#2238=AXIS2_PLACEMENT_3D('',#2235,#2236,#2237);
#2239=PLANE('',#2238);
#2240=ORIENTED_EDGE('',*,*,#2179,.T.);
#2241=ORIENTED_EDGE('',*,*,#1214,.F.);
#2242=CARTESIAN_POINT('',(3.55,3.499999999999996,-1.9));
#2243=DIRECTION('',(-1.0,0.0,0.0));
#2244=VECTOR('',#2243,0.4);
#2245=LINE('',#2242,#2244);
#2246=EDGE_CURVE('',#1201,#1552,#2245,.T.);
#2247=ORIENTED_EDGE('',*,*,#2246,.T.);
#2248=ORIENTED_EDGE('',*,*,#1557,.F.);
#2249=EDGE_LOOP('',(#2240,#2241,#2247,#2248));
#2250=FACE_OUTER_BOUND('',#2249,.T.);
#2251=ADVANCED_FACE('',(#2250),#2239,.T.);
#2252=CARTESIAN_POINT('',(-3.55,3.499999999999995,-1.300000000000001));
#2253=DIRECTION('',(0.0,0.0,-1.0));
#2254=DIRECTION('',(1.0,0.0,0.0));
#2255=AXIS2_PLACEMENT_3D('',#2252,#2253,#2254);
#2256=PLANE('',#2255);
#2257=ORIENTED_EDGE('',*,*,#1388,.F.);
#2258=CARTESIAN_POINT('',(-3.55,3.499999999999994,-1.3));
#2259=DIRECTION('',(1.0,0.0,0.0));
#2260=VECTOR('',#2259,0.399999999999999);
#2261=LINE('',#2258,#2260);
#2262=EDGE_CURVE('',#1921,#1377,#2261,.T.);
#2263=ORIENTED_EDGE('',*,*,#2262,.F.);
#2264=ORIENTED_EDGE('',*,*,#1926,.F.);
#2265=CARTESIAN_POINT('',(-3.55,2.999999999999994,-1.300000000000001));
#2266=DIRECTION('',(1.0,0.0,0.0));
#2267=VECTOR('',#2266,0.399999999999999);
#2268=LINE('',#2265,#2267);
#2269=EDGE_CURVE('',#1913,#1231,#2268,.T.);
#2270=ORIENTED_EDGE('',*,*,#2269,.T.);
#2271=EDGE_LOOP('',(#2257,#2263,#2264,#2270));
#2272=FACE_OUTER_BOUND('',#2271,.T.);
#2273=ADVANCED_FACE('',(#2272),#2256,.F.);
#2274=CARTESIAN_POINT('',(-3.55,2.999999999999994,-1.300000000000001));
#2275=DIRECTION('',(0.0,-1.0,0.0));
#2276=DIRECTION('',(0.0,0.0,1.0));
#2277=AXIS2_PLACEMENT_3D('',#2274,#2275,#2276);
#2278=PLANE('',#2277);
#2279=ORIENTED_EDGE('',*,*,#1238,.F.);
#2280=ORIENTED_EDGE('',*,*,#2269,.F.);
#2281=ORIENTED_EDGE('',*,*,#1918,.F.);
#2282=CARTESIAN_POINT('',(-3.550000000000001,2.999999999999994,1.1));
#2283=DIRECTION('',(1.0,0.0,0.0));
#2284=VECTOR('',#2283,0.399999999999999);
#2285=LINE('',#2282,#2284);
#2286=EDGE_CURVE('',#1911,#1233,#2285,.T.);
#2287=ORIENTED_EDGE('',*,*,#2286,.T.);
#2288=EDGE_LOOP('',(#2279,#2280,#2281,#2287));
#2289=FACE_OUTER_BOUND('',#2288,.T.);
#2290=ADVANCED_FACE('',(#2289),#2278,.F.);
#2291=CARTESIAN_POINT('',(-3.550000000000001,2.999999999999994,1.1));
#2292=DIRECTION('',(0.0,0.0,1.0));
#2293=DIRECTION('',(-1.0,0.0,0.0));
#2294=AXIS2_PLACEMENT_3D('',#2291,#2292,#2293);
#2295=PLANE('',#2294);
#2296=ORIENTED_EDGE('',*,*,#1246,.F.);
#2297=ORIENTED_EDGE('',*,*,#2286,.F.);
#2298=ORIENTED_EDGE('',*,*,#2044,.F.);
#2299=CARTESIAN_POINT('',(-3.150000000000001,3.499999999999994,1.1));
#2300=DIRECTION('',(-1.0,0.0,0.0));
#2301=VECTOR('',#2300,0.399999999999999);
#2302=LINE('',#2299,#2301);
#2303=EDGE_CURVE('',#1241,#2033,#2302,.T.);
#2304=ORIENTED_EDGE('',*,*,#2303,.F.);
#2305=EDGE_LOOP('',(#2296,#2297,#2298,#2304));
#2306=FACE_OUTER_BOUND('',#2305,.T.);
#2307=ADVANCED_FACE('',(#2306),#2295,.F.);
#2308=CARTESIAN_POINT('',(-3.55,3.499999999999994,-1.9));
#2309=DIRECTION('',(0.0,-1.0,0.0));
#2310=DIRECTION('',(0.0,0.0,1.0));
#2311=AXIS2_PLACEMENT_3D('',#2308,#2309,#2310);
#2312=PLANE('',#2311);
#2313=ORIENTED_EDGE('',*,*,#2303,.T.);
#2314=ORIENTED_EDGE('',*,*,#2038,.F.);
#2315=CARTESIAN_POINT('',(-3.550000000000001,3.499999999999994,1.7));
#2316=DIRECTION('',(1.0,0.0,0.0));
#2317=VECTOR('',#2316,0.4);
#2318=LINE('',#2315,#2317);
#2319=EDGE_CURVE('',#2025,#1249,#2318,.T.);
#2320=ORIENTED_EDGE('',*,*,#2319,.T.);
#2321=ORIENTED_EDGE('',*,*,#1254,.F.);
#2322=EDGE_LOOP('',(#2313,#2314,#2320,#2321));
#2323=FACE_OUTER_BOUND('',#2322,.T.);
#2324=ADVANCED_FACE('',(#2323),#2312,.F.);
#2325=CARTESIAN_POINT('',(3.45,3.699999999999996,1.622346019748733));
#2326=DIRECTION('',(8.033937E-017,-4.956353E-017,-1.0));
#2327=DIRECTION('',(-0.707106781186548,0.707106781186547,-5.680852E-017));
#2328=AXIS2_PLACEMENT_3D('',#2325,#2326,#2327);
#2329=CYLINDRICAL_SURFACE('',#2328,0.3);
#2330=CARTESIAN_POINT('',(3.45,3.999999999999996,2.7));
#2331=VERTEX_POINT('',#2330);
#2332=CARTESIAN_POINT('',(3.45,3.699999999999996,2.7));
#2333=DIRECTION('',(4.016969E-017,-4.016969E-017,-1.0));
#2334=DIRECTION('',(-0.707106781186548,0.707106781186547,-5.680852E-017));
#2335=AXIS2_PLACEMENT_3D('',#2332,#2333,#2334);
#2336=CIRCLE('',#2335,0.3);
#2337=EDGE_CURVE('',#1640,#2331,#2336,.T.);
#2338=ORIENTED_EDGE('',*,*,#2337,.T.);
#2339=CARTESIAN_POINT('',(3.45,3.999999999999996,1.699999999999999));
#2340=VERTEX_POINT('',#2339);
#2341=CARTESIAN_POINT('',(3.45,3.999999999999996,2.7));
#2342=DIRECTION('',(0.0,0.0,-1.0));
#2343=VECTOR('',#2342,1.000000000000001);
#2344=LINE('',#2341,#2343);
#2345=EDGE_CURVE('',#2331,#2340,#2344,.T.);
#2346=ORIENTED_EDGE('',*,*,#2345,.T.);
#2347=CARTESIAN_POINT('',(3.45,3.699999999999996,1.7));
#2348=DIRECTION('',(-4.016969E-017,4.016969E-017,1.0));
#2349=DIRECTION('',(-0.707106781186548,0.707106781186547,-5.680852E-017));
#2350=AXIS2_PLACEMENT_3D('',#2347,#2348,#2349);
#2351=CIRCLE('',#2350,0.3);
#2352=EDGE_CURVE('',#2340,#1648,#2351,.T.);
#2353=ORIENTED_EDGE('',*,*,#2352,.T.);
#2354=ORIENTED_EDGE('',*,*,#1653,.T.);
#2355=EDGE_LOOP('',(#2338,#2346,#2353,#2354));
#2356=FACE_OUTER_BOUND('',#2355,.T.);
#2357=ADVANCED_FACE('',(#2356),#2329,.T.);
#2358=CARTESIAN_POINT('',(3.55,3.499999999999996,1.7));
#2359=DIRECTION('',(0.0,0.0,-1.0));
#2360=DIRECTION('',(1.0,0.0,0.0));
#2361=AXIS2_PLACEMENT_3D('',#2358,#2359,#2360);
#2362=PLANE('',#2361);
#2363=ORIENTED_EDGE('',*,*,#2352,.F.);
#2364=CARTESIAN_POINT('',(4.749999999999999,4.000000000000002,1.699999999999999));
#2365=VERTEX_POINT('',#2364);
#2366=CARTESIAN_POINT('',(4.749999999999999,3.999999999999997,1.699999999999999));
#2367=DIRECTION('',(-1.0,0.0,0.0));
#2368=VECTOR('',#2367,1.299999999999999);
#2369=LINE('',#2366,#2368);
#2370=EDGE_CURVE('',#2365,#2340,#2369,.T.);
#2371=ORIENTED_EDGE('',*,*,#2370,.F.);
#2372=CARTESIAN_POINT('',(4.75,3.600000000000002,1.7));
#2373=VERTEX_POINT('',#2372);
#2374=CARTESIAN_POINT('',(4.75,3.600000000000002,1.7));
#2375=DIRECTION('',(0.0,1.0,0.0));
#2376=VECTOR('',#2375,0.399999999999999);
#2377=LINE('',#2374,#2376);
#2378=EDGE_CURVE('',#2373,#2365,#2377,.T.);
#2379=ORIENTED_EDGE('',*,*,#2378,.F.);
#2380=CARTESIAN_POINT('',(3.55,3.600000000000001,1.7));
#2381=DIRECTION('',(1.0,0.0,0.0));
#2382=VECTOR('',#2381,1.2);
#2383=LINE('',#2380,#2382);
#2384=EDGE_CURVE('',#1088,#2373,#2383,.T.);
#2385=ORIENTED_EDGE('',*,*,#2384,.F.);
#2386=ORIENTED_EDGE('',*,*,#1093,.F.);
#2387=ORIENTED_EDGE('',*,*,#2229,.T.);
#2388=ORIENTED_EDGE('',*,*,#1661,.F.);
#2389=EDGE_LOOP('',(#2363,#2371,#2379,#2385,#2386,#2387,#2388));
#2390=FACE_OUTER_BOUND('',#2389,.T.);
#2391=ADVANCED_FACE('',(#2390),#2362,.T.);
#2392=CARTESIAN_POINT('',(3.45,3.699999999999996,1.622346019748733));
#2393=DIRECTION('',(8.033937E-017,-4.956353E-017,-1.0));
#2394=DIRECTION('',(-0.707106781186548,0.707106781186547,-5.680852E-017));
#2395=AXIS2_PLACEMENT_3D('',#2392,#2393,#2394);
#2396=CYLINDRICAL_SURFACE('',#2395,0.3);
#2397=ORIENTED_EDGE('',*,*,#1500,.T.);
#2398=ORIENTED_EDGE('',*,*,#1571,.T.);
#2399=CARTESIAN_POINT('',(3.45,3.999999999999997,-1.899999999999999));
#2400=VERTEX_POINT('',#2399);
#2401=CARTESIAN_POINT('',(3.450000000000001,3.699999999999996,-1.9));
#2402=DIRECTION('',(4.016969E-017,-4.016969E-017,-1.0));
#2403=DIRECTION('',(-0.707106781186548,0.707106781186547,-5.680852E-017));
#2404=AXIS2_PLACEMENT_3D('',#2401,#2402,#2403);
#2405=CIRCLE('',#2404,0.3);
#2406=EDGE_CURVE('',#1560,#2400,#2405,.T.);
#2407=ORIENTED_EDGE('',*,*,#2406,.T.);
#2408=CARTESIAN_POINT('',(3.45,3.999999999999996,-1.899999999999999));
#2409=DIRECTION('',(0.0,0.0,-1.0));
#2410=VECTOR('',#2409,1.000000000000001);
#2411=LINE('',#2408,#2410);
#2412=EDGE_CURVE('',#2400,#1494,#2411,.T.);
#2413=ORIENTED_EDGE('',*,*,#2412,.T.);
#2414=EDGE_LOOP('',(#2397,#2398,#2407,#2413));
#2415=FACE_OUTER_BOUND('',#2414,.T.);
#2416=ADVANCED_FACE('',(#2415),#2396,.T.);
#2417=CARTESIAN_POINT('',(3.549999999999999,3.999999999999996,2.7));
#2418=DIRECTION('',(0.0,-1.0,0.0));
#2419=DIRECTION('',(0.0,0.0,-1.0));
#2420=AXIS2_PLACEMENT_3D('',#2417,#2418,#2419);
#2421=PLANE('',#2420);
#2422=ORIENTED_EDGE('',*,*,#2412,.F.);
#2423=CARTESIAN_POINT('',(4.75,4.000000000000001,-1.9));
#2424=VERTEX_POINT('',#2423);
#2425=CARTESIAN_POINT('',(4.75,4.000000000000001,-1.899999999999999));
#2426=DIRECTION('',(-1.0,0.0,0.0));
#2427=VECTOR('',#2426,1.299999999999999);
#2428=LINE('',#2425,#2427);
#2429=EDGE_CURVE('',#2424,#2400,#2428,.T.);
#2430=ORIENTED_EDGE('',*,*,#2429,.F.);
#2431=CARTESIAN_POINT('',(4.75,4.0,-2.899999999999999));
#2432=DIRECTION('',(0.0,0.0,1.0));
#2433=VECTOR('',#2432,0.999999999999999);
#2434=LINE('',#2431,#2433);
#2435=EDGE_CURVE('',#1503,#2424,#2434,.T.);
#2436=ORIENTED_EDGE('',*,*,#2435,.F.);
#2437=ORIENTED_EDGE('',*,*,#1508,.T.);
#2438=EDGE_LOOP('',(#2422,#2430,#2436,#2437));
#2439=FACE_OUTER_BOUND('',#2438,.T.);
#2440=ADVANCED_FACE('',(#2439),#2421,.F.);
#2441=CARTESIAN_POINT('',(3.55,3.999999999999997,-1.9));
#2442=DIRECTION('',(0.0,0.0,1.0));
#2443=DIRECTION('',(-1.0,0.0,0.0));
#2444=AXIS2_PLACEMENT_3D('',#2441,#2442,#2443);
#2445=PLANE('',#2444);
#2446=ORIENTED_EDGE('',*,*,#2406,.F.);
#2447=ORIENTED_EDGE('',*,*,#1565,.F.);
#2448=ORIENTED_EDGE('',*,*,#2246,.F.);
#2449=ORIENTED_EDGE('',*,*,#1206,.F.);
#2450=CARTESIAN_POINT('',(4.75,3.600000000000001,-1.9));
#2451=VERTEX_POINT('',#2450);
#2452=CARTESIAN_POINT('',(3.55,3.600000000000001,-1.899999999999999));
#2453=DIRECTION('',(1.0,0.0,0.0));
#2454=VECTOR('',#2453,1.2);
#2455=LINE('',#2452,#2454);
#2456=EDGE_CURVE('',#1193,#2451,#2455,.T.);
#2457=ORIENTED_EDGE('',*,*,#2456,.T.);
#2458=CARTESIAN_POINT('',(4.75,3.600000000000001,-1.899999999999999));
#2459=DIRECTION('',(0.0,1.0,0.0));
#2460=VECTOR('',#2459,0.4);
#2461=LINE('',#2458,#2460);
#2462=EDGE_CURVE('',#2451,#2424,#2461,.T.);
#2463=ORIENTED_EDGE('',*,*,#2462,.T.);
#2464=ORIENTED_EDGE('',*,*,#2429,.T.);
#2465=EDGE_LOOP('',(#2446,#2447,#2448,#2449,#2457,#2463,#2464));
#2466=FACE_OUTER_BOUND('',#2465,.T.);
#2467=ADVANCED_FACE('',(#2466),#2445,.T.);
#2468=CARTESIAN_POINT('',(3.55,3.6,-2.899999999999999));
#2469=DIRECTION('',(0.0,1.0,0.0));
#2470=DIRECTION('',(0.0,0.0,1.0));
#2471=AXIS2_PLACEMENT_3D('',#2468,#2469,#2470);
#2472=PLANE('',#2471);
#2473=ORIENTED_EDGE('',*,*,#2456,.F.);
#2474=ORIENTED_EDGE('',*,*,#1198,.F.);
#2475=ORIENTED_EDGE('',*,*,#1522,.T.);
#2476=CARTESIAN_POINT('',(4.75,3.600000000000001,-2.899999999999999));
#2477=DIRECTION('',(0.0,0.0,1.0));
#2478=VECTOR('',#2477,0.999999999999999);
#2479=LINE('',#2476,#2478);
#2480=EDGE_CURVE('',#1511,#2451,#2479,.T.);
#2481=ORIENTED_EDGE('',*,*,#2480,.T.);
#2482=EDGE_LOOP('',(#2473,#2474,#2475,#2481));
#2483=FACE_OUTER_BOUND('',#2482,.T.);
#2484=ADVANCED_FACE('',(#2483),#2472,.F.);
#2485=CARTESIAN_POINT('',(4.75,3.600000000000001,-2.899999999999999));
#2486=DIRECTION('',(-1.0,0.0,0.0));
#2487=DIRECTION('',(0.0,0.0,-1.0));
#2488=AXIS2_PLACEMENT_3D('',#2485,#2486,#2487);
#2489=PLANE('',#2488);
#2490=ORIENTED_EDGE('',*,*,#2462,.F.);
#2491=ORIENTED_EDGE('',*,*,#2480,.F.);
#2492=ORIENTED_EDGE('',*,*,#1516,.T.);
#2493=ORIENTED_EDGE('',*,*,#2435,.T.);
#2494=EDGE_LOOP('',(#2490,#2491,#2492,#2493));
#2495=FACE_OUTER_BOUND('',#2494,.T.);
#2496=ADVANCED_FACE('',(#2495),#2489,.F.);
#2497=CARTESIAN_POINT('',(3.55,3.600000000000001,1.7));
#2498=DIRECTION('',(0.0,1.0,0.0));
#2499=DIRECTION('',(0.0,0.0,1.0));
#2500=AXIS2_PLACEMENT_3D('',#2497,#2498,#2499);
#2501=PLANE('',#2500);
#2502=CARTESIAN_POINT('',(4.75,3.600000000000005,2.7));
#2503=VERTEX_POINT('',#2502);
#2504=CARTESIAN_POINT('',(3.55,3.600000000000004,2.7));
#2505=DIRECTION('',(1.0,0.0,0.0));
#2506=VECTOR('',#2505,1.2);
#2507=LINE('',#2504,#2506);
#2508=EDGE_CURVE('',#1096,#2503,#2507,.T.);
#2509=ORIENTED_EDGE('',*,*,#2508,.F.);
#2510=ORIENTED_EDGE('',*,*,#1101,.F.);
#2511=ORIENTED_EDGE('',*,*,#2384,.T.);
#2512=CARTESIAN_POINT('',(4.75,3.600000000000002,1.7));
#2513=DIRECTION('',(0.0,0.0,1.0));
#2514=VECTOR('',#2513,1.0);
#2515=LINE('',#2512,#2514);
#2516=EDGE_CURVE('',#2373,#2503,#2515,.T.);
#2517=ORIENTED_EDGE('',*,*,#2516,.T.);
#2518=EDGE_LOOP('',(#2509,#2510,#2511,#2517));
#2519=FACE_OUTER_BOUND('',#2518,.T.);
#2520=ADVANCED_FACE('',(#2519),#2501,.F.);
#2521=CARTESIAN_POINT('',(4.75,3.600000000000002,1.7));
#2522=DIRECTION('',(-1.0,0.0,0.0));
#2523=DIRECTION('',(0.0,0.0,-1.0));
#2524=AXIS2_PLACEMENT_3D('',#2521,#2522,#2523);
#2525=PLANE('',#2524);
#2526=CARTESIAN_POINT('',(4.749999999999999,4.000000000000004,2.699999999999999));
#2527=VERTEX_POINT('',#2526);
#2528=CARTESIAN_POINT('',(4.75,3.600000000000005,2.7));
#2529=DIRECTION('',(0.0,1.0,0.0));
#2530=VECTOR('',#2529,0.399999999999999);
#2531=LINE('',#2528,#2530);
#2532=EDGE_CURVE('',#2503,#2527,#2531,.T.);
#2533=ORIENTED_EDGE('',*,*,#2532,.F.);
#2534=ORIENTED_EDGE('',*,*,#2516,.F.);
#2535=ORIENTED_EDGE('',*,*,#2378,.T.);
#2536=CARTESIAN_POINT('',(4.749999999999999,4.000000000000002,1.699999999999999));
#2537=DIRECTION('',(0.0,0.0,1.0));
#2538=VECTOR('',#2537,1.0);
#2539=LINE('',#2536,#2538);
#2540=EDGE_CURVE('',#2365,#2527,#2539,.T.);
#2541=ORIENTED_EDGE('',*,*,#2540,.T.);
#2542=EDGE_LOOP('',(#2533,#2534,#2535,#2541));
#2543=FACE_OUTER_BOUND('',#2542,.T.);
#2544=ADVANCED_FACE('',(#2543),#2525,.F.);
#2545=CARTESIAN_POINT('',(3.549999999999999,3.999999999999996,2.7));
#2546=DIRECTION('',(0.0,-1.0,0.0));
#2547=DIRECTION('',(0.0,0.0,-1.0));
#2548=AXIS2_PLACEMENT_3D('',#2545,#2546,#2547);
#2549=PLANE('',#2548);
#2550=ORIENTED_EDGE('',*,*,#2345,.F.);
#2551=CARTESIAN_POINT('',(4.749999999999999,3.999999999999997,2.7));
#2552=DIRECTION('',(-1.0,0.0,0.0));
#2553=VECTOR('',#2552,1.299999999999999);
#2554=LINE('',#2551,#2553);
#2555=EDGE_CURVE('',#2527,#2331,#2554,.T.);
#2556=ORIENTED_EDGE('',*,*,#2555,.F.);
#2557=ORIENTED_EDGE('',*,*,#2540,.F.);
#2558=ORIENTED_EDGE('',*,*,#2370,.T.);
#2559=EDGE_LOOP('',(#2550,#2556,#2557,#2558));
#2560=FACE_OUTER_BOUND('',#2559,.T.);
#2561=ADVANCED_FACE('',(#2560),#2549,.F.);
#2562=CARTESIAN_POINT('',(-3.450000000000002,3.699999999999995,1.622346019748733));
#2563=DIRECTION('',(8.033937E-017,-4.956353E-017,-1.0));
#2564=DIRECTION('',(0.707106781186547,0.707106781186548,5.680852E-017));
#2565=AXIS2_PLACEMENT_3D('',#2562,#2563,#2564);
#2566=CYLINDRICAL_SURFACE('',#2565,0.3);
#2567=CARTESIAN_POINT('',(-3.450000000000002,4.000000000000003,2.699999999999998));
#2568=VERTEX_POINT('',#2567);
#2569=CARTESIAN_POINT('',(-3.450000000000002,3.699999999999995,2.7));
#2570=DIRECTION('',(4.016969E-017,4.016969E-017,-1.0));
#2571=DIRECTION('',(0.707106781186547,0.707106781186548,5.680852E-017));
#2572=AXIS2_PLACEMENT_3D('',#2569,#2570,#2571);
#2573=CIRCLE('',#2572,0.3);
#2574=EDGE_CURVE('',#2568,#1265,#2573,.T.);
#2575=ORIENTED_EDGE('',*,*,#2574,.T.);
#2576=ORIENTED_EDGE('',*,*,#1270,.T.);
#2577=CARTESIAN_POINT('',(-3.450000000000002,3.999999999999995,1.699999999999998));
#2578=VERTEX_POINT('',#2577);
#2579=CARTESIAN_POINT('',(-3.450000000000002,3.699999999999995,1.7));
#2580=DIRECTION('',(-4.016969E-017,-4.016969E-017,1.0));
#2581=DIRECTION('',(0.707106781186547,0.707106781186548,5.680852E-017));
#2582=AXIS2_PLACEMENT_3D('',#2579,#2580,#2581);
#2583=CIRCLE('',#2582,0.3);
#2584=EDGE_CURVE('',#1257,#2578,#2583,.T.);
#2585=ORIENTED_EDGE('',*,*,#2584,.T.);
#2586=CARTESIAN_POINT('',(-3.450000000000002,3.999999999999995,1.699999999999998));
#2587=DIRECTION('',(0.0,0.0,1.0));
#2588=VECTOR('',#2587,1.0);
#2589=LINE('',#2586,#2588);
#2590=EDGE_CURVE('',#2578,#2568,#2589,.T.);
#2591=ORIENTED_EDGE('',*,*,#2590,.T.);
#2592=EDGE_LOOP('',(#2575,#2576,#2585,#2591));
#2593=FACE_OUTER_BOUND('',#2592,.T.);
#2594=ADVANCED_FACE('',(#2593),#2566,.T.);
#2595=CARTESIAN_POINT('',(-3.550000000000001,3.499999999999994,1.7));
#2596=DIRECTION('',(0.0,0.0,1.0));
#2597=DIRECTION('',(-1.0,0.0,0.0));
#2598=AXIS2_PLACEMENT_3D('',#2595,#2596,#2597);
#2599=PLANE('',#2598);
#2600=ORIENTED_EDGE('',*,*,#2584,.F.);
#2601=ORIENTED_EDGE('',*,*,#1262,.F.);
#2602=ORIENTED_EDGE('',*,*,#2319,.F.);
#2603=ORIENTED_EDGE('',*,*,#2030,.F.);
#2604=CARTESIAN_POINT('',(-4.750000000000001,3.6,1.7));
#2605=VERTEX_POINT('',#2604);
#2606=CARTESIAN_POINT('',(-3.550000000000001,3.600000000000001,1.7));
#2607=DIRECTION('',(-1.0,0.0,0.0));
#2608=VECTOR('',#2607,1.2);
#2609=LINE('',#2606,#2608);
#2610=EDGE_CURVE('',#2017,#2605,#2609,.T.);
#2611=ORIENTED_EDGE('',*,*,#2610,.T.);
#2612=CARTESIAN_POINT('',(-4.750000000000002,4.0,1.699999999999998));
#2613=VERTEX_POINT('',#2612);
#2614=CARTESIAN_POINT('',(-4.750000000000001,3.6,1.7));
#2615=DIRECTION('',(0.0,1.0,0.0));
#2616=VECTOR('',#2615,0.4);
#2617=LINE('',#2614,#2616);
#2618=EDGE_CURVE('',#2605,#2613,#2617,.T.);
#2619=ORIENTED_EDGE('',*,*,#2618,.T.);
#2620=CARTESIAN_POINT('',(-3.450000000000002,3.999999999999995,1.699999999999998));
#2621=DIRECTION('',(-1.0,0.0,0.0));
#2622=VECTOR('',#2621,1.3);
#2623=LINE('',#2620,#2622);
#2624=EDGE_CURVE('',#2578,#2613,#2623,.T.);
#2625=ORIENTED_EDGE('',*,*,#2624,.F.);
#2626=EDGE_LOOP('',(#2600,#2601,#2602,#2603,#2611,#2619,#2625));
#2627=FACE_OUTER_BOUND('',#2626,.T.);
#2628=ADVANCED_FACE('',(#2627),#2599,.F.);
#2629=CARTESIAN_POINT('',(-3.450000000000002,3.699999999999995,1.622346019748733));
#2630=DIRECTION('',(8.033937E-017,-4.956353E-017,-1.0));
#2631=DIRECTION('',(0.707106781186547,0.707106781186548,5.680852E-017));
#2632=AXIS2_PLACEMENT_3D('',#2629,#2630,#2631);
#2633=CYLINDRICAL_SURFACE('',#2632,0.3);
#2634=CARTESIAN_POINT('',(-3.450000000000002,3.999999999999995,-2.899999999999999));
#2635=VERTEX_POINT('',#2634);
#2636=CARTESIAN_POINT('',(-3.450000000000001,3.699999999999995,-2.9));
#2637=DIRECTION('',(-4.016969E-017,-4.016969E-017,1.0));
#2638=DIRECTION('',(0.707106781186547,0.707106781186548,5.680852E-017));
#2639=AXIS2_PLACEMENT_3D('',#2636,#2637,#2638);
#2640=CIRCLE('',#2639,0.3);
#2641=EDGE_CURVE('',#1353,#2635,#2640,.T.);
#2642=ORIENTED_EDGE('',*,*,#2641,.T.);
#2643=CARTESIAN_POINT('',(-3.450000000000002,3.999999999999995,-1.9));
#2644=VERTEX_POINT('',#2643);
#2645=CARTESIAN_POINT('',(-3.450000000000002,3.999999999999995,-2.9));
#2646=DIRECTION('',(0.0,0.0,1.0));
#2647=VECTOR('',#2646,0.999999999999999);
#2648=LINE('',#2645,#2647);
#2649=EDGE_CURVE('',#2635,#2644,#2648,.T.);
#2650=ORIENTED_EDGE('',*,*,#2649,.T.);
#2651=CARTESIAN_POINT('',(-3.450000000000001,3.699999999999995,-1.9));
#2652=DIRECTION('',(4.016969E-017,4.016969E-017,-1.0));
#2653=DIRECTION('',(0.707106781186547,0.707106781186548,5.680852E-017));
#2654=AXIS2_PLACEMENT_3D('',#2651,#2652,#2653);
#2655=CIRCLE('',#2654,0.3);
#2656=EDGE_CURVE('',#2644,#1361,#2655,.T.);
#2657=ORIENTED_EDGE('',*,*,#2656,.T.);
#2658=ORIENTED_EDGE('',*,*,#1366,.T.);
#2659=EDGE_LOOP('',(#2642,#2650,#2657,#2658));
#2660=FACE_OUTER_BOUND('',#2659,.T.);
#2661=ADVANCED_FACE('',(#2660),#2633,.T.);
#2662=CARTESIAN_POINT('',(-3.550000000000001,3.999999999999996,-1.9));
#2663=DIRECTION('',(0.0,0.0,-1.0));
#2664=DIRECTION('',(1.0,0.0,0.0));
#2665=AXIS2_PLACEMENT_3D('',#2662,#2663,#2664);
#2666=PLANE('',#2665);
#2667=ORIENTED_EDGE('',*,*,#2656,.F.);
#2668=CARTESIAN_POINT('',(-4.750000000000001,3.999999999999999,-1.9));
#2669=VERTEX_POINT('',#2668);
#2670=CARTESIAN_POINT('',(-4.750000000000001,3.999999999999995,-1.9));
#2671=DIRECTION('',(1.0,0.0,0.0));
#2672=VECTOR('',#2671,1.3);
#2673=LINE('',#2670,#2672);
#2674=EDGE_CURVE('',#2669,#2644,#2673,.T.);
#2675=ORIENTED_EDGE('',*,*,#2674,.F.);
#2676=CARTESIAN_POINT('',(-4.75,3.599999999999999,-1.9));
#2677=VERTEX_POINT('',#2676);
#2678=CARTESIAN_POINT('',(-4.75,3.599999999999999,-1.899999999999999));
#2679=DIRECTION('',(0.0,1.0,0.0));
#2680=VECTOR('',#2679,0.4);
#2681=LINE('',#2678,#2680);
#2682=EDGE_CURVE('',#2677,#2669,#2681,.T.);
#2683=ORIENTED_EDGE('',*,*,#2682,.F.);
#2684=CARTESIAN_POINT('',(-3.55,3.599999999999999,-1.899999999999999));
#2685=DIRECTION('',(-1.0,0.0,0.0));
#2686=VECTOR('',#2685,1.2);
#2687=LINE('',#2684,#2686);
#2688=EDGE_CURVE('',#1937,#2677,#2687,.T.);
#2689=ORIENTED_EDGE('',*,*,#2688,.F.);
#2690=ORIENTED_EDGE('',*,*,#1942,.F.);
#2691=CARTESIAN_POINT('',(-3.55,3.499999999999994,-1.9));
#2692=DIRECTION('',(1.0,0.0,0.0));
#2693=VECTOR('',#2692,0.4);
#2694=LINE('',#2691,#2693);
#2695=EDGE_CURVE('',#1929,#1369,#2694,.T.);
#2696=ORIENTED_EDGE('',*,*,#2695,.T.);
#2697=ORIENTED_EDGE('',*,*,#1374,.F.);
#2698=EDGE_LOOP('',(#2667,#2675,#2683,#2689,#2690,#2696,#2697));
#2699=FACE_OUTER_BOUND('',#2698,.T.);
#2700=ADVANCED_FACE('',(#2699),#2666,.F.);
#2701=CARTESIAN_POINT('',(-3.55,3.599999999999999,-2.899999999999999));
#2702=DIRECTION('',(0.0,-1.0,0.0));
#2703=DIRECTION('',(0.0,0.0,1.0));
#2704=AXIS2_PLACEMENT_3D('',#2701,#2702,#2703);
#2705=PLANE('',#2704);
#2706=ORIENTED_EDGE('',*,*,#2688,.T.);
#2707=CARTESIAN_POINT('',(-4.75,3.599999999999998,-2.899999999999999));
#2708=VERTEX_POINT('',#2707);
#2709=CARTESIAN_POINT('',(-4.75,3.599999999999998,-2.899999999999999));
#2710=DIRECTION('',(0.0,0.0,1.0));
#2711=VECTOR('',#2710,0.999999999999999);
#2712=LINE('',#2709,#2711);
#2713=EDGE_CURVE('',#2708,#2677,#2712,.T.);
#2714=ORIENTED_EDGE('',*,*,#2713,.F.);
#2715=CARTESIAN_POINT('',(-3.55,3.599999999999999,-2.899999999999999));
#2716=DIRECTION('',(-1.0,0.0,0.0));
#2717=VECTOR('',#2716,1.2);
#2718=LINE('',#2715,#2717);
#2719=EDGE_CURVE('',#1945,#2708,#2718,.T.);
#2720=ORIENTED_EDGE('',*,*,#2719,.F.);
#2721=ORIENTED_EDGE('',*,*,#1950,.F.);
#2722=EDGE_LOOP('',(#2706,#2714,#2720,#2721));
#2723=FACE_OUTER_BOUND('',#2722,.T.);
#2724=ADVANCED_FACE('',(#2723),#2705,.T.);
#2725=CARTESIAN_POINT('',(-4.75,3.599999999999998,-2.899999999999999));
#2726=DIRECTION('',(-1.0,0.0,0.0));
#2727=DIRECTION('',(0.0,0.0,-1.0));
#2728=AXIS2_PLACEMENT_3D('',#2725,#2726,#2727);
#2729=PLANE('',#2728);
#2730=ORIENTED_EDGE('',*,*,#2682,.T.);
#2731=CARTESIAN_POINT('',(-4.750000000000001,3.999999999999998,-2.899999999999999));
#2732=VERTEX_POINT('',#2731);
#2733=CARTESIAN_POINT('',(-4.750000000000001,3.999999999999998,-2.899999999999999));
#2734=DIRECTION('',(0.0,0.0,1.0));
#2735=VECTOR('',#2734,0.999999999999999);
#2736=LINE('',#2733,#2735);
#2737=EDGE_CURVE('',#2732,#2669,#2736,.T.);
#2738=ORIENTED_EDGE('',*,*,#2737,.F.);
#2739=CARTESIAN_POINT('',(-4.75,3.599999999999998,-2.899999999999999));
#2740=DIRECTION('',(0.0,1.0,0.0));
#2741=VECTOR('',#2740,0.4);
#2742=LINE('',#2739,#2741);
#2743=EDGE_CURVE('',#2708,#2732,#2742,.T.);
#2744=ORIENTED_EDGE('',*,*,#2743,.F.);
#2745=ORIENTED_EDGE('',*,*,#2713,.T.);
#2746=EDGE_LOOP('',(#2730,#2738,#2744,#2745));
#2747=FACE_OUTER_BOUND('',#2746,.T.);
#2748=ADVANCED_FACE('',(#2747),#2729,.T.);
#2749=CARTESIAN_POINT('',(-3.550000000000001,3.600000000000001,1.7));
#2750=DIRECTION('',(0.0,-1.0,0.0));
#2751=DIRECTION('',(0.0,0.0,1.0));
#2752=AXIS2_PLACEMENT_3D('',#2749,#2750,#2751);
#2753=PLANE('',#2752);
#2754=CARTESIAN_POINT('',(-4.750000000000001,3.600000000000003,2.699999999999999));
#2755=VERTEX_POINT('',#2754);
#2756=CARTESIAN_POINT('',(-3.550000000000001,3.600000000000003,2.7));
#2757=DIRECTION('',(-1.0,0.0,0.0));
#2758=VECTOR('',#2757,1.2);
#2759=LINE('',#2756,#2758);
#2760=EDGE_CURVE('',#2009,#2755,#2759,.T.);
#2761=ORIENTED_EDGE('',*,*,#2760,.T.);
#2762=CARTESIAN_POINT('',(-4.750000000000001,3.6,1.7));
#2763=DIRECTION('',(0.0,0.0,1.0));
#2764=VECTOR('',#2763,1.0);
#2765=LINE('',#2762,#2764);
#2766=EDGE_CURVE('',#2605,#2755,#2765,.T.);
#2767=ORIENTED_EDGE('',*,*,#2766,.F.);
#2768=ORIENTED_EDGE('',*,*,#2610,.F.);
#2769=ORIENTED_EDGE('',*,*,#2022,.F.);
#2770=EDGE_LOOP('',(#2761,#2767,#2768,#2769));
#2771=FACE_OUTER_BOUND('',#2770,.T.);
#2772=ADVANCED_FACE('',(#2771),#2753,.T.);
#2773=CARTESIAN_POINT('',(-4.750000000000001,3.6,1.7));
#2774=DIRECTION('',(-1.0,0.0,0.0));
#2775=DIRECTION('',(0.0,0.0,-1.0));
#2776=AXIS2_PLACEMENT_3D('',#2773,#2774,#2775);
#2777=PLANE('',#2776);
#2778=CARTESIAN_POINT('',(-4.750000000000002,4.000000000000003,2.699999999999998));
#2779=VERTEX_POINT('',#2778);
#2780=CARTESIAN_POINT('',(-4.750000000000001,3.600000000000003,2.7));
#2781=DIRECTION('',(0.0,1.0,0.0));
#2782=VECTOR('',#2781,0.4);
#2783=LINE('',#2780,#2782);
#2784=EDGE_CURVE('',#2755,#2779,#2783,.T.);
#2785=ORIENTED_EDGE('',*,*,#2784,.T.);
#2786=CARTESIAN_POINT('',(-4.750000000000002,4.0,1.699999999999998));
#2787=DIRECTION('',(0.0,0.0,1.0));
#2788=VECTOR('',#2787,1.0);
#2789=LINE('',#2786,#2788);
#2790=EDGE_CURVE('',#2613,#2779,#2789,.T.);
#2791=ORIENTED_EDGE('',*,*,#2790,.F.);
#2792=ORIENTED_EDGE('',*,*,#2618,.F.);
#2793=ORIENTED_EDGE('',*,*,#2766,.T.);
#2794=EDGE_LOOP('',(#2785,#2791,#2792,#2793));
#2795=FACE_OUTER_BOUND('',#2794,.T.);
#2796=ADVANCED_FACE('',(#2795),#2777,.T.);
#2797=CARTESIAN_POINT('',(-3.55,3.499999999999994,-1.9));
#2798=DIRECTION('',(0.0,-1.0,0.0));
#2799=DIRECTION('',(0.0,0.0,1.0));
#2800=AXIS2_PLACEMENT_3D('',#2797,#2798,#2799);
#2801=PLANE('',#2800);
#2802=ORIENTED_EDGE('',*,*,#2262,.T.);
#2803=ORIENTED_EDGE('',*,*,#1382,.F.);
#2804=ORIENTED_EDGE('',*,*,#2695,.F.);
#2805=ORIENTED_EDGE('',*,*,#1934,.F.);
#2806=EDGE_LOOP('',(#2802,#2803,#2804,#2805));
#2807=FACE_OUTER_BOUND('',#2806,.T.);
#2808=ADVANCED_FACE('',(#2807),#2801,.F.);
#2809=CARTESIAN_POINT('',(-3.550000000000002,3.999999999999995,2.7));
#2810=DIRECTION('',(0.0,1.0,0.0));
#2811=DIRECTION('',(0.0,0.0,-1.0));
#2812=AXIS2_PLACEMENT_3D('',#2809,#2810,#2811);
#2813=PLANE('',#2812);
#2814=ORIENTED_EDGE('',*,*,#2590,.F.);
#2815=ORIENTED_EDGE('',*,*,#2624,.T.);
#2816=ORIENTED_EDGE('',*,*,#2790,.T.);
#2817=CARTESIAN_POINT('',(-4.750000000000002,4.000000000000003,2.699999999999998));
#2818=DIRECTION('',(1.0,0.0,0.0));
#2819=VECTOR('',#2818,1.299999999999999);
#2820=LINE('',#2817,#2819);
#2821=EDGE_CURVE('',#2779,#2568,#2820,.T.);
#2822=ORIENTED_EDGE('',*,*,#2821,.T.);
#2823=EDGE_LOOP('',(#2814,#2815,#2816,#2822));
#2824=FACE_OUTER_BOUND('',#2823,.T.);
#2825=ADVANCED_FACE('',(#2824),#2813,.T.);
#2826=CARTESIAN_POINT('',(3.250000000000001,1.249999999999998,3.4));
#2827=DIRECTION('',(2.081668E-016,-1.0,1.616653E-032));
#2828=DIRECTION('',(0.707106781186548,1.471962E-016,0.707106781186547));
#2829=AXIS2_PLACEMENT_3D('',#2826,#2827,#2828);
#2830=CYLINDRICAL_SURFACE('',#2829,0.3);
#2831=ORIENTED_EDGE('',*,*,#1765,.T.);
#2832=ORIENTED_EDGE('',*,*,#1141,.T.);
#2833=CARTESIAN_POINT('',(3.25,2.199999999999996,3.4));
#2834=DIRECTION('',(1.040834E-016,-1.0,1.040834E-016));
#2835=DIRECTION('',(0.707106781186548,1.471962E-016,0.707106781186547));
#2836=AXIS2_PLACEMENT_3D('',#2833,#2834,#2835);
#2837=CIRCLE('',#2836,0.3);
#2838=EDGE_CURVE('',#1128,#455,#2837,.T.);
#2839=ORIENTED_EDGE('',*,*,#2838,.T.);
#2840=ORIENTED_EDGE('',*,*,#460,.T.);
#2841=EDGE_LOOP('',(#2831,#2832,#2839,#2840));
#2842=FACE_OUTER_BOUND('',#2841,.T.);
#2843=ADVANCED_FACE('',(#2842),#2830,.T.);
#2844=CARTESIAN_POINT('',(3.0,2.199999999999996,3.700000000000001));
#2845=DIRECTION('',(0.0,-1.0,0.0));
#2846=DIRECTION('',(0.0,0.0,-1.0));
#2847=AXIS2_PLACEMENT_3D('',#2844,#2845,#2846);
#2848=PLANE('',#2847);
#2849=ORIENTED_EDGE('',*,*,#2838,.F.);
#2850=ORIENTED_EDGE('',*,*,#1133,.T.);
#2851=CARTESIAN_POINT('',(3.55,2.199999999999996,1.800000000000001));
#2852=DIRECTION('',(-1.0,0.0,0.0));
#2853=VECTOR('',#2852,0.399999999999999);
#2854=LINE('',#2851,#2853);
#2855=EDGE_CURVE('',#1120,#1616,#2854,.T.);
#2856=ORIENTED_EDGE('',*,*,#2855,.T.);
#2857=ORIENTED_EDGE('',*,*,#1621,.F.);
#2858=ORIENTED_EDGE('',*,*,#312,.F.);
#2859=CARTESIAN_POINT('',(2.999999999999999,2.199999999999996,3.700000000000001));
#2860=DIRECTION('',(0.0,0.0,-1.0));
#2861=VECTOR('',#2860,0.4);
#2862=LINE('',#2859,#2861);
#2863=EDGE_CURVE('',#463,#299,#2862,.T.);
#2864=ORIENTED_EDGE('',*,*,#2863,.F.);
#2865=ORIENTED_EDGE('',*,*,#468,.T.);
#2866=EDGE_LOOP('',(#2849,#2850,#2856,#2857,#2858,#2864,#2865));
#2867=FACE_OUTER_BOUND('',#2866,.T.);
#2868=ADVANCED_FACE('',(#2867),#2848,.F.);
#2869=CARTESIAN_POINT('',(3.55,2.199999999999996,1.800000000000001));
#2870=DIRECTION('',(0.0,0.0,-1.0));
#2871=DIRECTION('',(1.0,0.0,0.0));
#2872=AXIS2_PLACEMENT_3D('',#2869,#2870,#2871);
#2873=PLANE('',#2872);
#2874=ORIENTED_EDGE('',*,*,#1629,.F.);
#2875=ORIENTED_EDGE('',*,*,#2855,.F.);
#2876=ORIENTED_EDGE('',*,*,#1125,.T.);
#2877=CARTESIAN_POINT('',(3.55,2.799999999999996,1.800000000000001));
#2878=DIRECTION('',(-1.0,0.0,0.0));
#2879=VECTOR('',#2878,0.399999999999999);
#2880=LINE('',#2877,#2879);
#2881=EDGE_CURVE('',#1112,#1624,#2880,.T.);
#2882=ORIENTED_EDGE('',*,*,#2881,.T.);
#2883=EDGE_LOOP('',(#2874,#2875,#2876,#2882));
#2884=FACE_OUTER_BOUND('',#2883,.T.);
#2885=ADVANCED_FACE('',(#2884),#2873,.F.);
#2886=CARTESIAN_POINT('',(3.55,2.799999999999996,1.800000000000001));
#2887=DIRECTION('',(-1.575963E-016,0.913811548620257,-0.406138466053448));
#2888=DIRECTION('',(-1.579596E-016,0.406138466053448,0.913811548620257));
#2889=AXIS2_PLACEMENT_3D('',#2886,#2887,#2888);
#2890=PLANE('',#2889);
#2891=ORIENTED_EDGE('',*,*,#1637,.F.);
#2892=ORIENTED_EDGE('',*,*,#2881,.F.);
#2893=ORIENTED_EDGE('',*,*,#1117,.T.);
#2894=CARTESIAN_POINT('',(3.55,3.199999999999996,2.7));
#2895=DIRECTION('',(-1.0,0.0,0.0));
#2896=VECTOR('',#2895,0.399999999999999);
#2897=LINE('',#2894,#2896);
#2898=EDGE_CURVE('',#1104,#1632,#2897,.T.);
#2899=ORIENTED_EDGE('',*,*,#2898,.T.);
#2900=EDGE_LOOP('',(#2891,#2892,#2893,#2899));
#2901=FACE_OUTER_BOUND('',#2900,.T.);
#2902=ADVANCED_FACE('',(#2901),#2890,.F.);
#2903=CARTESIAN_POINT('',(3.55,3.199999999999996,2.7));
#2904=DIRECTION('',(0.0,0.0,-1.0));
#2905=DIRECTION('',(1.0,0.0,0.0));
#2906=AXIS2_PLACEMENT_3D('',#2903,#2904,#2905);
#2907=PLANE('',#2906);
#2908=ORIENTED_EDGE('',*,*,#2337,.F.);
#2909=ORIENTED_EDGE('',*,*,#1645,.F.);
#2910=ORIENTED_EDGE('',*,*,#2898,.F.);
#2911=ORIENTED_EDGE('',*,*,#1109,.T.);
#2912=ORIENTED_EDGE('',*,*,#2508,.T.);
#2913=ORIENTED_EDGE('',*,*,#2532,.T.);
#2914=ORIENTED_EDGE('',*,*,#2555,.T.);
#2915=EDGE_LOOP('',(#2908,#2909,#2910,#2911,#2912,#2913,#2914));
#2916=FACE_OUTER_BOUND('',#2915,.T.);
#2917=ADVANCED_FACE('',(#2916),#2907,.F.);
#2918=CARTESIAN_POINT('',(3.550000000000001,0.799999999999997,-2.899999999999999));
#2919=DIRECTION('',(0.0,1.0,0.0));
#2920=DIRECTION('',(0.0,0.0,1.0));
#2921=AXIS2_PLACEMENT_3D('',#2918,#2919,#2920);
#2922=PLANE('',#2921);
#2923=ORIENTED_EDGE('',*,*,#1474,.F.);
#2924=ORIENTED_EDGE('',*,*,#1174,.T.);
#2925=CARTESIAN_POINT('',(3.55,0.8,0.2));
#2926=DIRECTION('',(-1.0,0.0,0.0));
#2927=VECTOR('',#2926,0.399999999999999);
#2928=LINE('',#2925,#2927);
#2929=EDGE_CURVE('',#1160,#1576,#2928,.T.);
#2930=ORIENTED_EDGE('',*,*,#2929,.T.);
#2931=ORIENTED_EDGE('',*,*,#1581,.F.);
#2932=EDGE_LOOP('',(#2923,#2924,#2930,#2931));
#2933=FACE_OUTER_BOUND('',#2932,.T.);
#2934=ADVANCED_FACE('',(#2933),#2922,.F.);
#2935=CARTESIAN_POINT('',(3.55,0.3,0.2));
#2936=DIRECTION('',(1.0,2.081668E-016,8.033937E-017));
#2937=DIRECTION('',(0.0,1.0,0.0));
#2938=AXIS2_PLACEMENT_3D('',#2935,#2936,#2937);
#2939=CYLINDRICAL_SURFACE('',#2938,0.5);
#2940=ORIENTED_EDGE('',*,*,#1716,.F.);
#2941=ORIENTED_EDGE('',*,*,#1849,.T.);
#2942=ORIENTED_EDGE('',*,*,#1590,.F.);
#2943=ORIENTED_EDGE('',*,*,#2929,.F.);
#2944=ORIENTED_EDGE('',*,*,#1166,.T.);
#2945=EDGE_LOOP('',(#2940,#2941,#2942,#2943,#2944));
#2946=FACE_OUTER_BOUND('',#2945,.T.);
#2947=ADVANCED_FACE('',(#2946),#2939,.F.);
#2948=CARTESIAN_POINT('',(-3.250000000000001,1.249999999999997,3.4));
#2949=DIRECTION('',(2.081668E-016,-1.0,1.616653E-032));
#2950=DIRECTION('',(-0.707106781186548,-1.471962E-016,0.707106781186547));
#2951=AXIS2_PLACEMENT_3D('',#2948,#2949,#2950);
#2952=CYLINDRICAL_SURFACE('',#2951,0.3);
#2953=ORIENTED_EDGE('',*,*,#2091,.T.);
#2954=ORIENTED_EDGE('',*,*,#412,.T.);
#2955=CARTESIAN_POINT('',(-3.250000000000001,2.199999999999995,3.4));
#2956=DIRECTION('',(1.040834E-016,-1.0,-1.040834E-016));
#2957=DIRECTION('',(-0.707106781186548,-1.471962E-016,0.707106781186547));
#2958=AXIS2_PLACEMENT_3D('',#2955,#2956,#2957);
#2959=CIRCLE('',#2958,0.3);
#2960=EDGE_CURVE('',#399,#1977,#2959,.T.);
#2961=ORIENTED_EDGE('',*,*,#2960,.T.);
#2962=ORIENTED_EDGE('',*,*,#1982,.T.);
#2963=EDGE_LOOP('',(#2953,#2954,#2961,#2962));
#2964=FACE_OUTER_BOUND('',#2963,.T.);
#2965=ADVANCED_FACE('',(#2964),#2952,.T.);
#2966=CARTESIAN_POINT('',(-3.000000000000001,2.199999999999995,3.7));
#2967=DIRECTION('',(0.0,1.0,0.0));
#2968=DIRECTION('',(0.0,0.0,-1.0));
#2969=AXIS2_PLACEMENT_3D('',#2966,#2967,#2968);
#2970=PLANE('',#2969);
#2971=ORIENTED_EDGE('',*,*,#2960,.F.);
#2972=ORIENTED_EDGE('',*,*,#404,.F.);
#2973=CARTESIAN_POINT('',(-3.000000000000001,2.199999999999995,3.3));
#2974=DIRECTION('',(0.0,0.0,1.0));
#2975=VECTOR('',#2974,0.4);
#2976=LINE('',#2973,#2975);
#2977=EDGE_CURVE('',#257,#391,#2976,.T.);
#2978=ORIENTED_EDGE('',*,*,#2977,.F.);
#2979=ORIENTED_EDGE('',*,*,#286,.T.);
#2980=ORIENTED_EDGE('',*,*,#1300,.T.);
#2981=CARTESIAN_POINT('',(-3.550000000000001,2.199999999999994,1.8));
#2982=DIRECTION('',(1.0,0.0,0.0));
#2983=VECTOR('',#2982,0.399999999999999);
#2984=LINE('',#2981,#2983);
#2985=EDGE_CURVE('',#1985,#1289,#2984,.T.);
#2986=ORIENTED_EDGE('',*,*,#2985,.F.);
#2987=ORIENTED_EDGE('',*,*,#1990,.F.);
#2988=EDGE_LOOP('',(#2971,#2972,#2978,#2979,#2980,#2986,#2987));
#2989=FACE_OUTER_BOUND('',#2988,.T.);
#2990=ADVANCED_FACE('',(#2989),#2970,.T.);
#2991=CARTESIAN_POINT('',(-3.550000000000001,2.199999999999994,1.8));
#2992=DIRECTION('',(0.0,0.0,1.0));
#2993=DIRECTION('',(-1.0,0.0,0.0));
#2994=AXIS2_PLACEMENT_3D('',#2991,#2992,#2993);
#2995=PLANE('',#2994);
#2996=ORIENTED_EDGE('',*,*,#1294,.T.);
#2997=CARTESIAN_POINT('',(-3.550000000000001,2.799999999999995,1.8));
#2998=DIRECTION('',(1.0,0.0,0.0));
#2999=VECTOR('',#2998,0.399999999999999);
#3000=LINE('',#2997,#2999);
#3001=EDGE_CURVE('',#1993,#1281,#3000,.T.);
#3002=ORIENTED_EDGE('',*,*,#3001,.F.);
#3003=ORIENTED_EDGE('',*,*,#1998,.F.);
#3004=ORIENTED_EDGE('',*,*,#2985,.T.);
#3005=EDGE_LOOP('',(#2996,#3002,#3003,#3004));
#3006=FACE_OUTER_BOUND('',#3005,.T.);
#3007=ADVANCED_FACE('',(#3006),#2995,.T.);
#3008=CARTESIAN_POINT('',(-3.550000000000001,2.799999999999995,1.8));
#3009=DIRECTION('',(1.575963E-016,-0.913811548620257,0.406138466053448));
#3010=DIRECTION('',(-1.579596E-016,0.406138466053448,0.913811548620257));
#3011=AXIS2_PLACEMENT_3D('',#3008,#3009,#3010);
#3012=PLANE('',#3011);
#3013=ORIENTED_EDGE('',*,*,#1286,.T.);
#3014=CARTESIAN_POINT('',(-3.550000000000001,3.199999999999994,2.7));
#3015=DIRECTION('',(1.0,0.0,0.0));
#3016=VECTOR('',#3015,0.399999999999999);
#3017=LINE('',#3014,#3016);
#3018=EDGE_CURVE('',#2001,#1273,#3017,.T.);
#3019=ORIENTED_EDGE('',*,*,#3018,.F.);
#3020=ORIENTED_EDGE('',*,*,#2006,.F.);
#3021=ORIENTED_EDGE('',*,*,#3001,.T.);
#3022=EDGE_LOOP('',(#3013,#3019,#3020,#3021));
#3023=FACE_OUTER_BOUND('',#3022,.T.);
#3024=ADVANCED_FACE('',(#3023),#3012,.T.);
#3025=CARTESIAN_POINT('',(-3.550000000000001,3.199999999999994,2.7));
#3026=DIRECTION('',(0.0,0.0,1.0));
#3027=DIRECTION('',(-1.0,0.0,0.0));
#3028=AXIS2_PLACEMENT_3D('',#3025,#3026,#3027);
#3029=PLANE('',#3028);
#3030=ORIENTED_EDGE('',*,*,#2574,.F.);
#3031=ORIENTED_EDGE('',*,*,#2821,.F.);
#3032=ORIENTED_EDGE('',*,*,#2784,.F.);
#3033=ORIENTED_EDGE('',*,*,#2760,.F.);
#3034=ORIENTED_EDGE('',*,*,#2014,.F.);
#3035=ORIENTED_EDGE('',*,*,#3018,.T.);
#3036=ORIENTED_EDGE('',*,*,#1278,.T.);
#3037=EDGE_LOOP('',(#3030,#3031,#3032,#3033,#3034,#3035,#3036));
#3038=FACE_OUTER_BOUND('',#3037,.T.);
#3039=ADVANCED_FACE('',(#3038),#3029,.T.);
#3040=CARTESIAN_POINT('',(-3.550000000000002,3.999999999999995,2.7));
#3041=DIRECTION('',(0.0,1.0,0.0));
#3042=DIRECTION('',(0.0,0.0,-1.0));
#3043=AXIS2_PLACEMENT_3D('',#3040,#3041,#3042);
#3044=PLANE('',#3043);
#3045=ORIENTED_EDGE('',*,*,#2649,.F.);
#3046=CARTESIAN_POINT('',(-4.750000000000001,3.999999999999998,-2.899999999999999));
#3047=DIRECTION('',(1.0,0.0,0.0));
#3048=VECTOR('',#3047,1.299999999999999);
#3049=LINE('',#3046,#3048);
#3050=EDGE_CURVE('',#2732,#2635,#3049,.T.);
#3051=ORIENTED_EDGE('',*,*,#3050,.F.);
#3052=ORIENTED_EDGE('',*,*,#2737,.T.);
#3053=ORIENTED_EDGE('',*,*,#2674,.T.);
#3054=EDGE_LOOP('',(#3045,#3051,#3052,#3053));
#3055=FACE_OUTER_BOUND('',#3054,.T.);
#3056=ADVANCED_FACE('',(#3055),#3044,.T.);
#3057=CARTESIAN_POINT('',(-3.550000000000001,3.999999999999995,-2.9));
#3058=DIRECTION('',(0.0,0.0,-1.0));
#3059=DIRECTION('',(1.0,0.0,0.0));
#3060=AXIS2_PLACEMENT_3D('',#3057,#3058,#3059);
#3061=PLANE('',#3060);
#3062=ORIENTED_EDGE('',*,*,#1419,.F.);
#3063=ORIENTED_EDGE('',*,*,#1956,.F.);
#3064=ORIENTED_EDGE('',*,*,#2719,.T.);
#3065=ORIENTED_EDGE('',*,*,#2743,.T.);
#3066=ORIENTED_EDGE('',*,*,#3050,.T.);
#3067=ORIENTED_EDGE('',*,*,#2641,.F.);
#3068=ORIENTED_EDGE('',*,*,#1358,.T.);
#3069=EDGE_LOOP('',(#3062,#3063,#3064,#3065,#3066,#3067,#3068));
#3070=FACE_OUTER_BOUND('',#3069,.T.);
#3071=ADVANCED_FACE('',(#3070),#3061,.T.);
#3072=CARTESIAN_POINT('',(-3.55,0.299999999999998,0.199999999999999));
#3073=DIRECTION('',(1.0,2.081668E-016,8.033937E-017));
#3074=DIRECTION('',(0.0,1.0,0.0));
#3075=AXIS2_PLACEMENT_3D('',#3072,#3073,#3074);
#3076=CYLINDRICAL_SURFACE('',#3075,0.5);
#3077=ORIENTED_EDGE('',*,*,#1885,.F.);
#3078=ORIENTED_EDGE('',*,*,#1965,.F.);
#3079=ORIENTED_EDGE('',*,*,#1437,.T.);
#3080=ORIENTED_EDGE('',*,*,#1334,.T.);
#3081=CARTESIAN_POINT('',(-3.54686269665969,-0.200000000000002,0.199999999999999));
#3082=DIRECTION('',(1.0,0.0,0.0));
#3083=VECTOR('',#3082,0.396862696659688);
#3084=LINE('',#3081,#3083);
#3085=EDGE_CURVE('',#1879,#1320,#3084,.T.);
#3086=ORIENTED_EDGE('',*,*,#3085,.F.);
#3087=EDGE_LOOP('',(#3077,#3078,#3079,#3080,#3086));
#3088=FACE_OUTER_BOUND('',#3087,.T.);
#3089=ADVANCED_FACE('',(#3088),#3076,.F.);
#3090=CARTESIAN_POINT('',(-3.55,-0.200000000000002,0.199999999999999));
#3091=DIRECTION('',(0.0,1.0,0.0));
#3092=DIRECTION('',(0.0,0.0,-1.0));
#3093=AXIS2_PLACEMENT_3D('',#3090,#3091,#3092);
#3094=PLANE('',#3093);
#3095=ORIENTED_EDGE('',*,*,#1894,.F.);
#3096=ORIENTED_EDGE('',*,*,#3085,.T.);
#3097=ORIENTED_EDGE('',*,*,#1325,.F.);
#3098=ORIENTED_EDGE('',*,*,#2154,.F.);
#3099=ORIENTED_EDGE('',*,*,#2132,.F.);
#3100=ORIENTED_EDGE('',*,*,#2109,.F.);
#3101=EDGE_LOOP('',(#3095,#3096,#3097,#3098,#3099,#3100));
#3102=FACE_OUTER_BOUND('',#3101,.T.);
#3103=ADVANCED_FACE('',(#3102),#3094,.T.);
#3104=CARTESIAN_POINT('',(2.999999999999999,3.600000000000001,3.3));
#3105=DIRECTION('',(1.0,0.0,0.0));
#3106=DIRECTION('',(0.0,0.0,1.0));
#3107=AXIS2_PLACEMENT_3D('',#3104,#3105,#3106);
#3108=PLANE('',#3107);
#3109=ORIENTED_EDGE('',*,*,#2863,.T.);
#3110=ORIENTED_EDGE('',*,*,#304,.F.);
#3111=ORIENTED_EDGE('',*,*,#1772,.T.);
#3112=ORIENTED_EDGE('',*,*,#444,.T.);
#3113=CARTESIAN_POINT('',(3.000000000000002,-3.0,3.3));
#3114=DIRECTION('',(0.0,0.0,1.0));
#3115=VECTOR('',#3114,0.4);
#3116=LINE('',#3113,#3115);
#3117=EDGE_CURVE('',#202,#431,#3116,.T.);
#3118=ORIENTED_EDGE('',*,*,#3117,.F.);
#3119=ORIENTED_EDGE('',*,*,#207,.F.);
#3120=CARTESIAN_POINT('',(3.0,-2.7,0.0));
#3121=VERTEX_POINT('',#3120);
#3122=CARTESIAN_POINT('',(3.00000000000001,-2.699999999999999,-2.220446E-015));
#3123=DIRECTION('',(0.0,0.0,1.0));
#3124=VECTOR('',#3123,3.3);
#3125=LINE('',#3122,#3124);
#3126=EDGE_CURVE('',#3121,#193,#3125,.T.);
#3127=ORIENTED_EDGE('',*,*,#3126,.F.);
#3128=CARTESIAN_POINT('',(3.000000000000007,-1.250000000000002,0.0));
#3129=VERTEX_POINT('',#3128);
#3130=CARTESIAN_POINT('',(3.0,-1.250000000000002,0.0));
#3131=DIRECTION('',(0.0,-1.0,0.0));
#3132=VECTOR('',#3131,1.449999999999998);
#3133=LINE('',#3130,#3132);
#3134=EDGE_CURVE('',#3129,#3121,#3133,.T.);
#3135=ORIENTED_EDGE('',*,*,#3134,.F.);
#3136=CARTESIAN_POINT('',(3.000000000000007,-1.250000000000002,0.4));
#3137=VERTEX_POINT('',#3136);
#3138=CARTESIAN_POINT('',(3.0,-1.250000000000002,0.0));
#3139=DIRECTION('',(0.0,0.0,1.0));
#3140=VECTOR('',#3139,0.4);
#3141=LINE('',#3138,#3140);
#3142=EDGE_CURVE('',#3129,#3137,#3141,.T.);
#3143=ORIENTED_EDGE('',*,*,#3142,.T.);
#3144=CARTESIAN_POINT('',(3.000000000000007,1.249999999999999,0.4));
#3145=VERTEX_POINT('',#3144);
#3146=CARTESIAN_POINT('',(3.0,-1.250000000000002,0.4));
#3147=DIRECTION('',(0.0,1.0,0.0));
#3148=VECTOR('',#3147,2.500000000000002);
#3149=LINE('',#3146,#3148);
#3150=EDGE_CURVE('',#3137,#3145,#3149,.T.);
#3151=ORIENTED_EDGE('',*,*,#3150,.T.);
#3152=CARTESIAN_POINT('',(3.000000000000007,1.249999999999999,0.0));
#3153=VERTEX_POINT('',#3152);
#3154=CARTESIAN_POINT('',(3.0,1.249999999999999,0.4));
#3155=DIRECTION('',(0.0,0.0,-1.0));
#3156=VECTOR('',#3155,0.4);
#3157=LINE('',#3154,#3156);
#3158=EDGE_CURVE('',#3145,#3153,#3157,.T.);
#3159=ORIENTED_EDGE('',*,*,#3158,.T.);
#3160=CARTESIAN_POINT('',(3.0,2.7,0.0));
#3161=VERTEX_POINT('',#3160);
#3162=CARTESIAN_POINT('',(3.0,2.7,0.0));
#3163=DIRECTION('',(0.0,-1.0,0.0));
#3164=VECTOR('',#3163,1.450000000000001);
#3165=LINE('',#3162,#3164);
#3166=EDGE_CURVE('',#3161,#3153,#3165,.T.);
#3167=ORIENTED_EDGE('',*,*,#3166,.F.);
#3168=CARTESIAN_POINT('',(3.0,2.7,3.300000000000001));
#3169=DIRECTION('',(0.0,0.0,-1.0));
#3170=VECTOR('',#3169,3.300000000000001);
#3171=LINE('',#3168,#3170);
#3172=EDGE_CURVE('',#866,#3161,#3171,.T.);
#3173=ORIENTED_EDGE('',*,*,#3172,.F.);
#3174=ORIENTED_EDGE('',*,*,#871,.F.);
#3175=ORIENTED_EDGE('',*,*,#970,.T.);
#3176=ORIENTED_EDGE('',*,*,#476,.T.);
#3177=EDGE_LOOP('',(#3109,#3110,#3111,#3112,#3118,#3119,#3127,#3135,#3143,#3151,#3159,#3167,#3173,#3174,#3175,#3176));
#3178=FACE_OUTER_BOUND('',#3177,.T.);
#3179=ADVANCED_FACE('',(#3178),#3108,.T.);
#3180=CARTESIAN_POINT('',(-3.0,-3.000000000000001,3.3));
#3181=DIRECTION('',(-1.0,0.0,0.0));
#3182=DIRECTION('',(0.0,0.0,-1.0));
#3183=AXIS2_PLACEMENT_3D('',#3180,#3181,#3182);
#3184=PLANE('',#3183);
#3185=ORIENTED_EDGE('',*,*,#2977,.T.);
#3186=ORIENTED_EDGE('',*,*,#396,.T.);
#3187=ORIENTED_EDGE('',*,*,#987,.F.);
#3188=ORIENTED_EDGE('',*,*,#782,.F.);
#3189=CARTESIAN_POINT('',(-3.000000000000001,2.7,0.0));
#3190=VERTEX_POINT('',#3189);
#3191=CARTESIAN_POINT('',(-3.000000000000001,2.7,0.0));
#3192=DIRECTION('',(0.0,0.0,1.0));
#3193=VECTOR('',#3192,3.300000000000001);
#3194=LINE('',#3191,#3193);
#3195=EDGE_CURVE('',#3190,#768,#3194,.T.);
#3196=ORIENTED_EDGE('',*,*,#3195,.F.);
#3197=CARTESIAN_POINT('',(-2.999999999999998,1.250000000000002,0.0));
#3198=VERTEX_POINT('',#3197);
#3199=CARTESIAN_POINT('',(-3.000000000000001,1.250000000000002,0.0));
#3200=DIRECTION('',(0.0,1.0,0.0));
#3201=VECTOR('',#3200,1.449999999999998);
#3202=LINE('',#3199,#3201);
#3203=EDGE_CURVE('',#3198,#3190,#3202,.T.);
#3204=ORIENTED_EDGE('',*,*,#3203,.F.);
#3205=CARTESIAN_POINT('',(-2.999999999999998,1.250000000000002,0.4));
#3206=VERTEX_POINT('',#3205);
#3207=CARTESIAN_POINT('',(-3.0,1.250000000000002,0.0));
#3208=DIRECTION('',(0.0,0.0,1.0));
#3209=VECTOR('',#3208,0.4);
#3210=LINE('',#3207,#3209);
#3211=EDGE_CURVE('',#3198,#3206,#3210,.T.);
#3212=ORIENTED_EDGE('',*,*,#3211,.T.);
#3213=CARTESIAN_POINT('',(-2.999999999999998,-1.250000000000001,0.4));
#3214=VERTEX_POINT('',#3213);
#3215=CARTESIAN_POINT('',(-3.000000000000001,1.250000000000003,0.4));
#3216=DIRECTION('',(0.0,-1.0,0.0));
#3217=VECTOR('',#3216,2.500000000000004);
#3218=LINE('',#3215,#3217);
#3219=EDGE_CURVE('',#3206,#3214,#3218,.T.);
#3220=ORIENTED_EDGE('',*,*,#3219,.T.);
#3221=CARTESIAN_POINT('',(-2.999999999999998,-1.250000000000001,0.0));
#3222=VERTEX_POINT('',#3221);
#3223=CARTESIAN_POINT('',(-3.0,-1.250000000000001,0.4));
#3224=DIRECTION('',(0.0,0.0,-1.0));
#3225=VECTOR('',#3224,0.4);
#3226=LINE('',#3223,#3225);
#3227=EDGE_CURVE('',#3214,#3222,#3226,.T.);
#3228=ORIENTED_EDGE('',*,*,#3227,.T.);
#3229=CARTESIAN_POINT('',(-3.0,-2.700000000000001,0.0));
#3230=VERTEX_POINT('',#3229);
#3231=CARTESIAN_POINT('',(-3.0,-2.700000000000001,0.0));
#3232=DIRECTION('',(0.0,1.0,0.0));
#3233=VECTOR('',#3232,1.45);
#3234=LINE('',#3231,#3233);
#3235=EDGE_CURVE('',#3230,#3222,#3234,.T.);
#3236=ORIENTED_EDGE('',*,*,#3235,.F.);
#3237=CARTESIAN_POINT('',(-3.0,-2.700000000000001,3.300000000000001));
#3238=DIRECTION('',(0.0,0.0,-1.0));
#3239=VECTOR('',#3238,3.300000000000001);
#3240=LINE('',#3237,#3239);
#3241=EDGE_CURVE('',#224,#3230,#3240,.T.);
#3242=ORIENTED_EDGE('',*,*,#3241,.F.);
#3243=ORIENTED_EDGE('',*,*,#246,.F.);
#3244=CARTESIAN_POINT('',(-3.0,-3.000000000000001,3.3));
#3245=DIRECTION('',(0.0,0.0,1.0));
#3246=VECTOR('',#3245,0.4);
#3247=LINE('',#3244,#3246);
#3248=EDGE_CURVE('',#235,#423,#3247,.T.);
#3249=ORIENTED_EDGE('',*,*,#3248,.T.);
#3250=ORIENTED_EDGE('',*,*,#428,.T.);
#3251=ORIENTED_EDGE('',*,*,#2083,.T.);
#3252=ORIENTED_EDGE('',*,*,#264,.F.);
#3253=EDGE_LOOP('',(#3185,#3186,#3187,#3188,#3196,#3204,#3212,#3220,#3228,#3236,#3242,#3243,#3249,#3250,#3251,#3252));
#3254=FACE_OUTER_BOUND('',#3253,.T.);
#3255=ADVANCED_FACE('',(#3254),#3184,.T.);
#3256=CARTESIAN_POINT('',(-5.473822E-047,0.0,3.3));
#3257=DIRECTION('',(-8.033937E-017,-5.574664E-034,1.0));
#3258=DIRECTION('',(1.0,0.0,0.0));
#3259=AXIS2_PLACEMENT_3D('',#3256,#3257,#3258);
#3260=CYLINDRICAL_SURFACE('',#3259,1.825);
#3261=ORIENTED_EDGE('',*,*,#619,.F.);
#3262=EDGE_LOOP('',(#3261));
#3263=FACE_OUTER_BOUND('',#3262,.T.);
#3264=ORIENTED_EDGE('',*,*,#346,.F.);
#3265=EDGE_LOOP('',(#3264));
#3266=FACE_BOUND('',#3265,.T.);
#3267=ADVANCED_FACE('',(#3263,#3266),#3260,.F.);
#3268=CARTESIAN_POINT('',(3.000000000000002,-3.0,3.3));
#3269=DIRECTION('',(0.0,-1.0,0.0));
#3270=DIRECTION('',(0.0,0.0,1.0));
#3271=AXIS2_PLACEMENT_3D('',#3268,#3269,#3270);
#3272=PLANE('',#3271);
#3273=ORIENTED_EDGE('',*,*,#436,.T.);
#3274=ORIENTED_EDGE('',*,*,#3248,.F.);
#3275=ORIENTED_EDGE('',*,*,#240,.F.);
#3276=CARTESIAN_POINT('',(-2.7,-3.0,0.0));
#3277=VERTEX_POINT('',#3276);
#3278=CARTESIAN_POINT('',(-2.7,-3.0,0.0));
#3279=DIRECTION('',(0.0,0.0,1.0));
#3280=VECTOR('',#3279,3.300000000000001);
#3281=LINE('',#3278,#3280);
#3282=EDGE_CURVE('',#3277,#226,#3281,.T.);
#3283=ORIENTED_EDGE('',*,*,#3282,.F.);
#3284=CARTESIAN_POINT('',(2.7,-3.0,0.0));
#3285=VERTEX_POINT('',#3284);
#3286=CARTESIAN_POINT('',(2.7,-3.0,0.0));
#3287=DIRECTION('',(-1.0,0.0,0.0));
#3288=VECTOR('',#3287,5.4);
#3289=LINE('',#3286,#3288);
#3290=EDGE_CURVE('',#3285,#3277,#3289,.T.);
#3291=ORIENTED_EDGE('',*,*,#3290,.F.);
#3292=CARTESIAN_POINT('',(2.7,-3.0,3.300000000000001));
#3293=DIRECTION('',(0.0,0.0,-1.0));
#3294=VECTOR('',#3293,3.300000000000001);
#3295=LINE('',#3292,#3294);
#3296=EDGE_CURVE('',#191,#3285,#3295,.T.);
#3297=ORIENTED_EDGE('',*,*,#3296,.F.);
#3298=ORIENTED_EDGE('',*,*,#213,.F.);
#3299=ORIENTED_EDGE('',*,*,#3117,.T.);
#3300=EDGE_LOOP('',(#3273,#3274,#3275,#3283,#3291,#3297,#3298,#3299));
#3301=FACE_OUTER_BOUND('',#3300,.T.);
#3302=CARTESIAN_POINT('',(-2.599999999999999,-3.000000000000001,1.300000000000001));
#3303=VERTEX_POINT('',#3302);
#3304=CARTESIAN_POINT('',(-1.899999999999999,-3.0,1.300000000000001));
#3305=VERTEX_POINT('',#3304);
#3306=CARTESIAN_POINT('',(-2.599999999999999,-3.000000000000001,1.300000000000001));
#3307=DIRECTION('',(1.0,0.0,0.0));
#3308=VECTOR('',#3307,0.7);
#3309=LINE('',#3306,#3308);
#3310=EDGE_CURVE('',#3303,#3305,#3309,.T.);
#3311=ORIENTED_EDGE('',*,*,#3310,.T.);
#3312=CARTESIAN_POINT('',(-1.899999999999999,-3.0,1.000000000000001));
#3313=VERTEX_POINT('',#3312);
#3314=CARTESIAN_POINT('',(-1.899999999999999,-3.0,1.000000000000001));
#3315=DIRECTION('',(0.0,0.0,1.0));
#3316=VECTOR('',#3315,0.3);
#3317=LINE('',#3314,#3316);
#3318=EDGE_CURVE('',#3313,#3305,#3317,.T.);
#3319=ORIENTED_EDGE('',*,*,#3318,.F.);
#3320=CARTESIAN_POINT('',(-2.599999999999999,-3.000000000000001,1.000000000000001));
#3321=VERTEX_POINT('',#3320);
#3322=CARTESIAN_POINT('',(-1.899999999999999,-3.0,1.000000000000001));
#3323=DIRECTION('',(-1.0,0.0,0.0));
#3324=VECTOR('',#3323,0.7);
#3325=LINE('',#3322,#3324);
#3326=EDGE_CURVE('',#3313,#3321,#3325,.T.);
#3327=ORIENTED_EDGE('',*,*,#3326,.T.);
#3328=CARTESIAN_POINT('',(-2.599999999999999,-3.0,1.300000000000001));
#3329=DIRECTION('',(0.0,0.0,-1.0));
#3330=VECTOR('',#3329,0.3);
#3331=LINE('',#3328,#3330);
#3332=EDGE_CURVE('',#3303,#3321,#3331,.T.);
#3333=ORIENTED_EDGE('',*,*,#3332,.F.);
#3334=EDGE_LOOP('',(#3311,#3319,#3327,#3333));
#3335=FACE_BOUND('',#3334,.T.);
#3336=CARTESIAN_POINT('',(1.900000000000004,-2.999999999999997,1.299999999999998));
#3337=VERTEX_POINT('',#3336);
#3338=CARTESIAN_POINT('',(2.600000000000003,-2.999999999999996,1.299999999999997));
#3339=VERTEX_POINT('',#3338);
#3340=CARTESIAN_POINT('',(1.900000000000004,-2.999999999999998,1.299999999999998));
#3341=DIRECTION('',(1.0,0.0,0.0));
#3342=VECTOR('',#3341,0.7);
#3343=LINE('',#3340,#3342);
#3344=EDGE_CURVE('',#3337,#3339,#3343,.T.);
#3345=ORIENTED_EDGE('',*,*,#3344,.T.);
#3346=CARTESIAN_POINT('',(2.600000000000003,-2.999999999999996,0.999999999999997));
#3347=VERTEX_POINT('',#3346);
#3348=CARTESIAN_POINT('',(2.600000000000003,-3.0,0.999999999999997));
#3349=DIRECTION('',(0.0,0.0,1.0));
#3350=VECTOR('',#3349,0.3);
#3351=LINE('',#3348,#3350);
#3352=EDGE_CURVE('',#3347,#3339,#3351,.T.);
#3353=ORIENTED_EDGE('',*,*,#3352,.F.);
#3354=CARTESIAN_POINT('',(1.900000000000004,-2.999999999999997,0.999999999999998));
#3355=VERTEX_POINT('',#3354);
#3356=CARTESIAN_POINT('',(2.600000000000003,-2.999999999999997,0.999999999999997));
#3357=DIRECTION('',(-1.0,0.0,0.0));
#3358=VECTOR('',#3357,0.7);
#3359=LINE('',#3356,#3358);
#3360=EDGE_CURVE('',#3347,#3355,#3359,.T.);
#3361=ORIENTED_EDGE('',*,*,#3360,.T.);
#3362=CARTESIAN_POINT('',(1.900000000000004,-3.0,1.299999999999998));
#3363=DIRECTION('',(0.0,0.0,-1.0));
#3364=VECTOR('',#3363,0.3);
#3365=LINE('',#3362,#3364);
#3366=EDGE_CURVE('',#3337,#3355,#3365,.T.);
#3367=ORIENTED_EDGE('',*,*,#3366,.F.);
#3368=EDGE_LOOP('',(#3345,#3353,#3361,#3367));
#3369=FACE_BOUND('',#3368,.T.);
#3370=ADVANCED_FACE('',(#3301,#3335,#3369),#3272,.T.);
#3371=CARTESIAN_POINT('',(1.899999999999997,4.000000000000003,0.999999999999998));
#3372=DIRECTION('',(0.0,1.0,0.0));
#3373=DIRECTION('',(0.0,0.0,-1.0));
#3374=AXIS2_PLACEMENT_3D('',#3371,#3372,#3373);
#3375=PLANE('',#3374);
#3376=CARTESIAN_POINT('',(1.899999999999995,4.000000000000003,-0.600000000000002));
#3377=VERTEX_POINT('',#3376);
#3378=CARTESIAN_POINT('',(2.599999999999994,4.000000000000003,-0.600000000000003));
#3379=VERTEX_POINT('',#3378);
#3380=CARTESIAN_POINT('',(1.899999999999995,4.000000000000003,-0.600000000000002));
#3381=DIRECTION('',(1.0,0.0,0.0));
#3382=VECTOR('',#3381,0.7);
#3383=LINE('',#3380,#3382);
#3384=EDGE_CURVE('',#3377,#3379,#3383,.T.);
#3385=ORIENTED_EDGE('',*,*,#3384,.F.);
#3386=CARTESIAN_POINT('',(1.899999999999996,4.000000000000003,0.999999999999998));
#3387=VERTEX_POINT('',#3386);
#3388=CARTESIAN_POINT('',(1.899999999999995,4.000000000000003,-0.600000000000002));
#3389=DIRECTION('',(0.0,0.0,1.0));
#3390=VECTOR('',#3389,1.6);
#3391=LINE('',#3388,#3390);
#3392=EDGE_CURVE('',#3377,#3387,#3391,.T.);
#3393=ORIENTED_EDGE('',*,*,#3392,.T.);
#3394=CARTESIAN_POINT('',(2.599999999999996,4.000000000000003,0.999999999999997));
#3395=VERTEX_POINT('',#3394);
#3396=CARTESIAN_POINT('',(2.599999999999996,4.000000000000003,0.999999999999997));
#3397=DIRECTION('',(-1.0,0.0,0.0));
#3398=VECTOR('',#3397,0.7);
#3399=LINE('',#3396,#3398);
#3400=EDGE_CURVE('',#3395,#3387,#3399,.T.);
#3401=ORIENTED_EDGE('',*,*,#3400,.F.);
#3402=CARTESIAN_POINT('',(2.599999999999994,4.000000000000003,-0.600000000000003));
#3403=DIRECTION('',(0.0,0.0,1.0));
#3404=VECTOR('',#3403,1.6);
#3405=LINE('',#3402,#3404);
#3406=EDGE_CURVE('',#3379,#3395,#3405,.T.);
#3407=ORIENTED_EDGE('',*,*,#3406,.F.);
#3408=EDGE_LOOP('',(#3385,#3393,#3401,#3407));
#3409=FACE_OUTER_BOUND('',#3408,.T.);
#3410=ADVANCED_FACE('',(#3409),#3375,.T.);
#3411=CARTESIAN_POINT('',(1.900000000000004,-3.999999999999997,0.999999999999998));
#3412=DIRECTION('',(-1.0,0.0,0.0));
#3413=DIRECTION('',(0.0,0.0,-1.0));
#3414=AXIS2_PLACEMENT_3D('',#3411,#3412,#3413);
#3415=PLANE('',#3414);
#3416=ORIENTED_EDGE('',*,*,#3366,.T.);
#3417=CARTESIAN_POINT('',(1.900000000000004,-3.099999999999997,1.069999999999998));
#3418=VERTEX_POINT('',#3417);
#3419=CARTESIAN_POINT('',(1.900000000000004,-2.999999999999997,0.999999999999998));
#3420=DIRECTION('',(1.819060E-015,-0.81923192051904,0.573462344363329));
#3421=VECTOR('',#3420,0.122065556157337);
#3422=LINE('',#3419,#3421);
#3423=EDGE_CURVE('',#3355,#3418,#3422,.T.);
#3424=ORIENTED_EDGE('',*,*,#3423,.T.);
#3425=CARTESIAN_POINT('',(1.900000000000004,-3.099999999999997,1.229999999999998));
#3426=VERTEX_POINT('',#3425);
#3427=CARTESIAN_POINT('',(1.900000000000004,-3.099999999999997,1.069999999999998));
#3428=DIRECTION('',(0.0,0.0,1.0));
#3429=VECTOR('',#3428,0.16);
#3430=LINE('',#3427,#3429);
#3431=EDGE_CURVE('',#3418,#3426,#3430,.T.);
#3432=ORIENTED_EDGE('',*,*,#3431,.T.);
#3433=CARTESIAN_POINT('',(1.900000000000004,-3.099999999999997,1.229999999999998));
#3434=DIRECTION('',(0.0,0.81923192051904,0.573462344363328));
#3435=VECTOR('',#3434,0.122065556157337);
#3436=LINE('',#3433,#3435);
#3437=EDGE_CURVE('',#3426,#3337,#3436,.T.);
#3438=ORIENTED_EDGE('',*,*,#3437,.T.);
#3439=EDGE_LOOP('',(#3416,#3424,#3432,#3438));
#3440=FACE_OUTER_BOUND('',#3439,.T.);
#3441=ADVANCED_FACE('',(#3440),#3415,.T.);
#3442=CARTESIAN_POINT('',(2.599999999999996,3.700000000000003,0.999999999999997));
#3443=DIRECTION('',(0.0,-1.0,0.0));
#3444=DIRECTION('',(0.0,0.0,1.0));
#3445=AXIS2_PLACEMENT_3D('',#3442,#3443,#3444);
#3446=PLANE('',#3445);
#3447=CARTESIAN_POINT('',(1.899999999999996,3.700000000000002,0.999999999999998));
#3448=VERTEX_POINT('',#3447);
#3449=CARTESIAN_POINT('',(1.899999999999994,3.700000000000003,-0.700000000000002));
#3450=VERTEX_POINT('',#3449);
#3451=CARTESIAN_POINT('',(1.899999999999996,3.700000000000002,0.999999999999998));
#3452=DIRECTION('',(0.0,0.0,-1.0));
#3453=VECTOR('',#3452,1.7);
#3454=LINE('',#3451,#3453);
#3455=EDGE_CURVE('',#3448,#3450,#3454,.T.);
#3456=ORIENTED_EDGE('',*,*,#3455,.T.);
#3457=CARTESIAN_POINT('',(2.599999999999995,3.700000000000003,-0.700000000000003));
#3458=VERTEX_POINT('',#3457);
#3459=CARTESIAN_POINT('',(2.599999999999995,3.700000000000003,-0.700000000000003));
#3460=DIRECTION('',(-1.0,0.0,0.0));
#3461=VECTOR('',#3460,0.700000000000001);
#3462=LINE('',#3459,#3461);
#3463=EDGE_CURVE('',#3458,#3450,#3462,.T.);
#3464=ORIENTED_EDGE('',*,*,#3463,.F.);
#3465=CARTESIAN_POINT('',(2.599999999999996,3.700000000000003,0.999999999999997));
#3466=VERTEX_POINT('',#3465);
#3467=CARTESIAN_POINT('',(2.599999999999996,3.700000000000003,0.999999999999997));
#3468=DIRECTION('',(0.0,0.0,-1.0));
#3469=VECTOR('',#3468,1.7);
#3470=LINE('',#3467,#3469);
#3471=EDGE_CURVE('',#3466,#3458,#3470,.T.);
#3472=ORIENTED_EDGE('',*,*,#3471,.F.);
#3473=CARTESIAN_POINT('',(1.899999999999996,3.700000000000002,0.999999999999998));
#3474=DIRECTION('',(1.0,0.0,0.0));
#3475=VECTOR('',#3474,0.700000000000001);
#3476=LINE('',#3473,#3475);
#3477=EDGE_CURVE('',#3448,#3466,#3476,.T.);
#3478=ORIENTED_EDGE('',*,*,#3477,.F.);
#3479=EDGE_LOOP('',(#3456,#3464,#3472,#3478));
#3480=FACE_OUTER_BOUND('',#3479,.T.);
#3481=ADVANCED_FACE('',(#3480),#3446,.T.);
#3482=CARTESIAN_POINT('',(2.074999999999998,3.700000000000003,0.999999999999998));
#3483=DIRECTION('',(1.0,7.771561E-016,-7.457806E-016));
#3484=DIRECTION('',(-2.218587E-017,0.707106781186548,0.707106781186547));
#3485=AXIS2_PLACEMENT_3D('',#3482,#3483,#3484);
#3486=CYLINDRICAL_SURFACE('',#3485,0.3);
#3487=CARTESIAN_POINT('',(2.599999999999997,3.700000000000003,1.299999999999997));
#3488=VERTEX_POINT('',#3487);
#3489=CARTESIAN_POINT('',(2.599999999999997,3.700000000000003,0.999999999999997));
#3490=DIRECTION('',(-1.0,-1.568778E-017,-1.568778E-017));
#3491=DIRECTION('',(-2.218587E-017,0.707106781186548,0.707106781186547));
#3492=AXIS2_PLACEMENT_3D('',#3489,#3490,#3491);
#3493=CIRCLE('',#3492,0.3);
#3494=EDGE_CURVE('',#3488,#3395,#3493,.T.);
#3495=ORIENTED_EDGE('',*,*,#3494,.T.);
#3496=ORIENTED_EDGE('',*,*,#3400,.T.);
#3497=CARTESIAN_POINT('',(1.899999999999998,3.700000000000003,1.299999999999998));
#3498=VERTEX_POINT('',#3497);
#3499=CARTESIAN_POINT('',(1.899999999999998,3.700000000000003,0.999999999999998));
#3500=DIRECTION('',(1.0,1.568778E-017,1.568778E-017));
#3501=DIRECTION('',(-2.218587E-017,0.707106781186548,0.707106781186547));
#3502=AXIS2_PLACEMENT_3D('',#3499,#3500,#3501);
#3503=CIRCLE('',#3502,0.3);
#3504=EDGE_CURVE('',#3387,#3498,#3503,.T.);
#3505=ORIENTED_EDGE('',*,*,#3504,.T.);
#3506=CARTESIAN_POINT('',(1.899999999999997,3.700000000000003,1.299999999999998));
#3507=DIRECTION('',(1.0,0.0,0.0));
#3508=VECTOR('',#3507,0.7);
#3509=LINE('',#3506,#3508);
#3510=EDGE_CURVE('',#3498,#3488,#3509,.T.);
#3511=ORIENTED_EDGE('',*,*,#3510,.T.);
#3512=EDGE_LOOP('',(#3495,#3496,#3505,#3511));
#3513=FACE_OUTER_BOUND('',#3512,.T.);
#3514=ADVANCED_FACE('',(#3513),#3486,.T.);
#3515=CARTESIAN_POINT('',(2.599999999999995,3.700000000000003,-0.700000000000003));
#3516=DIRECTION('',(0.0,0.0,-1.0));
#3517=DIRECTION('',(1.0,0.0,0.0));
#3518=AXIS2_PLACEMENT_3D('',#3515,#3516,#3517);
#3519=PLANE('',#3518);
#3520=CARTESIAN_POINT('',(2.599999999999995,3.900000000000004,-0.700000000000003));
#3521=VERTEX_POINT('',#3520);
#3522=CARTESIAN_POINT('',(1.899999999999995,3.900000000000003,-0.700000000000002));
#3523=VERTEX_POINT('',#3522);
#3524=CARTESIAN_POINT('',(2.599999999999995,3.900000000000004,-0.700000000000003));
#3525=DIRECTION('',(-1.0,0.0,0.0));
#3526=VECTOR('',#3525,0.7);
#3527=LINE('',#3524,#3526);
#3528=EDGE_CURVE('',#3521,#3523,#3527,.T.);
#3529=ORIENTED_EDGE('',*,*,#3528,.F.);
#3530=CARTESIAN_POINT('',(2.599999999999995,3.700000000000003,-0.700000000000003));
#3531=DIRECTION('',(0.0,1.0,0.0));
#3532=VECTOR('',#3531,0.2);
#3533=LINE('',#3530,#3532);
#3534=EDGE_CURVE('',#3458,#3521,#3533,.T.);
#3535=ORIENTED_EDGE('',*,*,#3534,.F.);
#3536=ORIENTED_EDGE('',*,*,#3463,.T.);
#3537=CARTESIAN_POINT('',(1.899999999999995,3.700000000000003,-0.700000000000002));
#3538=DIRECTION('',(0.0,1.0,0.0));
#3539=VECTOR('',#3538,0.2);
#3540=LINE('',#3537,#3539);
#3541=EDGE_CURVE('',#3450,#3523,#3540,.T.);
#3542=ORIENTED_EDGE('',*,*,#3541,.T.);
#3543=EDGE_LOOP('',(#3529,#3535,#3536,#3542));
#3544=FACE_OUTER_BOUND('',#3543,.T.);
#3545=ADVANCED_FACE('',(#3544),#3519,.T.);
#3546=CARTESIAN_POINT('',(2.249999999999996,3.950000000000003,-0.650000000000003));
#3547=DIRECTION('',(-1.076879E-015,0.70710678118655,-0.707106781186546));
#3548=DIRECTION('',(1.0,0.0,0.0));
#3549=AXIS2_PLACEMENT_3D('',#3546,#3547,#3548);
#3550=PLANE('',#3549);
#3551=CARTESIAN_POINT('',(1.899999999999996,3.900000000000002,-0.700000000000002));
#3552=DIRECTION('',(0.0,0.707106781186545,0.70710678118655));
#3553=VECTOR('',#3552,0.141421356237309);
#3554=LINE('',#3551,#3553);
#3555=EDGE_CURVE('',#3523,#3377,#3554,.T.);
#3556=ORIENTED_EDGE('',*,*,#3555,.T.);
#3557=ORIENTED_EDGE('',*,*,#3384,.T.);
#3558=CARTESIAN_POINT('',(2.599999999999995,4.000000000000003,-0.600000000000003));
#3559=DIRECTION('',(0.0,-0.707106781186546,-0.707106781186549));
#3560=VECTOR('',#3559,0.141421356237309);
#3561=LINE('',#3558,#3560);
#3562=EDGE_CURVE('',#3379,#3521,#3561,.T.);
#3563=ORIENTED_EDGE('',*,*,#3562,.T.);
#3564=ORIENTED_EDGE('',*,*,#3528,.T.);
#3565=EDGE_LOOP('',(#3556,#3557,#3563,#3564));
#3566=FACE_OUTER_BOUND('',#3565,.T.);
#3567=ADVANCED_FACE('',(#3566),#3550,.T.);
#3568=CARTESIAN_POINT('',(2.599999999999996,4.000000000000003,0.999999999999997));
#3569=DIRECTION('',(1.0,0.0,0.0));
#3570=DIRECTION('',(0.0,0.0,1.0));
#3571=AXIS2_PLACEMENT_3D('',#3568,#3569,#3570);
#3572=PLANE('',#3571);
#3573=CARTESIAN_POINT('',(2.6,3.0,1.299999999999999));
#3574=VERTEX_POINT('',#3573);
#3575=CARTESIAN_POINT('',(2.6,3.0,0.999999999999999));
#3576=VERTEX_POINT('',#3575);
#3577=CARTESIAN_POINT('',(2.599999999999997,3.0,1.299999999999999));
#3578=DIRECTION('',(0.0,0.0,-1.0));
#3579=VECTOR('',#3578,0.3);
#3580=LINE('',#3577,#3579);
#3581=EDGE_CURVE('',#3574,#3576,#3580,.T.);
#3582=ORIENTED_EDGE('',*,*,#3581,.T.);
#3583=CARTESIAN_POINT('',(2.599999999999997,3.700000000000003,0.999999999999997));
#3584=DIRECTION('',(0.0,-1.0,0.0));
#3585=VECTOR('',#3584,0.700000000000002);
#3586=LINE('',#3583,#3585);
#3587=EDGE_CURVE('',#3466,#3576,#3586,.T.);
#3588=ORIENTED_EDGE('',*,*,#3587,.F.);
#3589=ORIENTED_EDGE('',*,*,#3471,.T.);
#3590=ORIENTED_EDGE('',*,*,#3534,.T.);
#3591=ORIENTED_EDGE('',*,*,#3562,.F.);
#3592=ORIENTED_EDGE('',*,*,#3406,.T.);
#3593=ORIENTED_EDGE('',*,*,#3494,.F.);
#3594=CARTESIAN_POINT('',(2.599999999999997,3.700000000000003,1.299999999999997));
#3595=DIRECTION('',(0.0,-1.0,0.0));
#3596=VECTOR('',#3595,0.700000000000003);
#3597=LINE('',#3594,#3596);
#3598=EDGE_CURVE('',#3488,#3574,#3597,.T.);
#3599=ORIENTED_EDGE('',*,*,#3598,.T.);
#3600=EDGE_LOOP('',(#3582,#3588,#3589,#3590,#3591,#3592,#3593,#3599));
#3601=FACE_OUTER_BOUND('',#3600,.T.);
#3602=ADVANCED_FACE('',(#3601),#3572,.T.);
#3603=CARTESIAN_POINT('',(2.25,2.570864E-015,0.999999999999998));
#3604=DIRECTION('',(0.0,0.0,1.0));
#3605=DIRECTION('',(-1.0,0.0,0.0));
#3606=AXIS2_PLACEMENT_3D('',#3603,#3604,#3605);
#3607=PLANE('',#3606);
#3608=CARTESIAN_POINT('',(1.9,3.0,0.999999999999999));
#3609=VERTEX_POINT('',#3608);
#3610=CARTESIAN_POINT('',(2.599999999999999,3.0,0.999999999999997));
#3611=DIRECTION('',(-1.0,0.0,0.0));
#3612=VECTOR('',#3611,0.699999999999999);
#3613=LINE('',#3610,#3612);
#3614=EDGE_CURVE('',#3576,#3609,#3613,.T.);
#3615=ORIENTED_EDGE('',*,*,#3614,.T.);
#3616=CARTESIAN_POINT('',(1.899999999999998,3.0,0.999999999999998));
#3617=DIRECTION('',(0.0,1.0,0.0));
#3618=VECTOR('',#3617,0.700000000000003);
#3619=LINE('',#3616,#3618);
#3620=EDGE_CURVE('',#3609,#3448,#3619,.T.);
#3621=ORIENTED_EDGE('',*,*,#3620,.T.);
#3622=ORIENTED_EDGE('',*,*,#3477,.T.);
#3623=ORIENTED_EDGE('',*,*,#3587,.T.);
#3624=EDGE_LOOP('',(#3615,#3621,#3622,#3623));
#3625=FACE_OUTER_BOUND('',#3624,.T.);
#3626=ADVANCED_FACE('',(#3625),#3607,.F.);
#3627=CARTESIAN_POINT('',(2.600000000000003,-2.999999999999996,1.299999999999997));
#3628=DIRECTION('',(-1.056637E-015,0.573462344363328,-0.819231920519041));
#3629=DIRECTION('',(3.795309E-016,-0.819231920519041,-0.573462344363328));
#3630=AXIS2_PLACEMENT_3D('',#3627,#3628,#3629);
#3631=PLANE('',#3630);
#3632=ORIENTED_EDGE('',*,*,#3437,.F.);
#3633=CARTESIAN_POINT('',(2.600000000000003,-3.099999999999997,1.229999999999997));
#3634=VERTEX_POINT('',#3633);
#3635=CARTESIAN_POINT('',(2.600000000000003,-3.099999999999997,1.229999999999997));
#3636=DIRECTION('',(-1.0,0.0,0.0));
#3637=VECTOR('',#3636,0.7);
#3638=LINE('',#3635,#3637);
#3639=EDGE_CURVE('',#3634,#3426,#3638,.T.);
#3640=ORIENTED_EDGE('',*,*,#3639,.F.);
#3641=CARTESIAN_POINT('',(2.600000000000003,-3.099999999999997,1.229999999999997));
#3642=DIRECTION('',(0.0,0.81923192051904,0.573462344363328));
#3643=VECTOR('',#3642,0.122065556157337);
#3644=LINE('',#3641,#3643);
#3645=EDGE_CURVE('',#3634,#3339,#3644,.T.);
#3646=ORIENTED_EDGE('',*,*,#3645,.T.);
#3647=ORIENTED_EDGE('',*,*,#3344,.F.);
#3648=EDGE_LOOP('',(#3632,#3640,#3646,#3647));
#3649=FACE_OUTER_BOUND('',#3648,.T.);
#3650=ADVANCED_FACE('',(#3649),#3631,.F.);
#3651=CARTESIAN_POINT('',(2.600000000000003,-3.099999999999997,1.229999999999997));
#3652=DIRECTION('',(0.0,1.0,0.0));
#3653=DIRECTION('',(0.0,0.0,-1.0));
#3654=AXIS2_PLACEMENT_3D('',#3651,#3652,#3653);
#3655=PLANE('',#3654);
#3656=ORIENTED_EDGE('',*,*,#3431,.F.);
#3657=CARTESIAN_POINT('',(2.600000000000003,-3.099999999999997,1.069999999999997));
#3658=VERTEX_POINT('',#3657);
#3659=CARTESIAN_POINT('',(2.600000000000003,-3.099999999999997,1.069999999999997));
#3660=DIRECTION('',(-1.0,0.0,0.0));
#3661=VECTOR('',#3660,0.7);
#3662=LINE('',#3659,#3661);
#3663=EDGE_CURVE('',#3658,#3418,#3662,.T.);
#3664=ORIENTED_EDGE('',*,*,#3663,.F.);
#3665=CARTESIAN_POINT('',(2.600000000000003,-3.099999999999997,1.069999999999997));
#3666=DIRECTION('',(0.0,0.0,1.0));
#3667=VECTOR('',#3666,0.16);
#3668=LINE('',#3665,#3667);
#3669=EDGE_CURVE('',#3658,#3634,#3668,.T.);
#3670=ORIENTED_EDGE('',*,*,#3669,.T.);
#3671=ORIENTED_EDGE('',*,*,#3639,.T.);
#3672=EDGE_LOOP('',(#3656,#3664,#3670,#3671));
#3673=FACE_OUTER_BOUND('',#3672,.T.);
#3674=ADVANCED_FACE('',(#3673),#3655,.F.);
#3675=CARTESIAN_POINT('',(2.600000000000003,-3.099999999999997,1.069999999999997));
#3676=DIRECTION('',(1.652975E-016,0.573462344363329,0.81923192051904));
#3677=DIRECTION('',(-1.234885E-015,0.81923192051904,-0.573462344363329));
#3678=AXIS2_PLACEMENT_3D('',#3675,#3676,#3677);
#3679=PLANE('',#3678);
#3680=ORIENTED_EDGE('',*,*,#3423,.F.);
#3681=ORIENTED_EDGE('',*,*,#3360,.F.);
#3682=CARTESIAN_POINT('',(2.600000000000003,-2.999999999999996,0.999999999999997));
#3683=DIRECTION('',(0.0,-0.81923192051904,0.573462344363328));
#3684=VECTOR('',#3683,0.122065556157337);
#3685=LINE('',#3682,#3684);
#3686=EDGE_CURVE('',#3347,#3658,#3685,.T.);
#3687=ORIENTED_EDGE('',*,*,#3686,.T.);
#3688=ORIENTED_EDGE('',*,*,#3663,.T.);
#3689=EDGE_LOOP('',(#3680,#3681,#3687,#3688));
#3690=FACE_OUTER_BOUND('',#3689,.T.);
#3691=ADVANCED_FACE('',(#3690),#3679,.F.);
#3692=CARTESIAN_POINT('',(2.599999999999996,4.000000000000003,0.999999999999997));
#3693=DIRECTION('',(1.0,0.0,0.0));
#3694=DIRECTION('',(0.0,0.0,1.0));
#3695=AXIS2_PLACEMENT_3D('',#3692,#3693,#3694);
#3696=PLANE('',#3695);
#3697=ORIENTED_EDGE('',*,*,#3352,.T.);
#3698=ORIENTED_EDGE('',*,*,#3645,.F.);
#3699=ORIENTED_EDGE('',*,*,#3669,.F.);
#3700=ORIENTED_EDGE('',*,*,#3686,.F.);
#3701=EDGE_LOOP('',(#3697,#3698,#3699,#3700));
#3702=FACE_OUTER_BOUND('',#3701,.T.);
#3703=ADVANCED_FACE('',(#3702),#3696,.T.);
#3704=CARTESIAN_POINT('',(2.25,2.571299E-015,1.299999999999998));
#3705=DIRECTION('',(0.0,0.0,1.0));
#3706=DIRECTION('',(-1.0,0.0,0.0));
#3707=AXIS2_PLACEMENT_3D('',#3704,#3705,#3706);
#3708=PLANE('',#3707);
#3709=CARTESIAN_POINT('',(1.9,3.0,1.299999999999999));
#3710=VERTEX_POINT('',#3709);
#3711=CARTESIAN_POINT('',(1.9,3.0,1.299999999999998));
#3712=DIRECTION('',(1.0,0.0,0.0));
#3713=VECTOR('',#3712,0.7);
#3714=LINE('',#3711,#3713);
#3715=EDGE_CURVE('',#3710,#3574,#3714,.T.);
#3716=ORIENTED_EDGE('',*,*,#3715,.T.);
#3717=ORIENTED_EDGE('',*,*,#3598,.F.);
#3718=ORIENTED_EDGE('',*,*,#3510,.F.);
#3719=CARTESIAN_POINT('',(1.899999999999998,3.0,1.299999999999998));
#3720=DIRECTION('',(0.0,1.0,0.0));
#3721=VECTOR('',#3720,0.700000000000003);
#3722=LINE('',#3719,#3721);
#3723=EDGE_CURVE('',#3710,#3498,#3722,.T.);
#3724=ORIENTED_EDGE('',*,*,#3723,.F.);
#3725=EDGE_LOOP('',(#3716,#3717,#3718,#3724));
#3726=FACE_OUTER_BOUND('',#3725,.T.);
#3727=ADVANCED_FACE('',(#3726),#3708,.T.);
#3728=CARTESIAN_POINT('',(1.900000000000004,-3.999999999999997,0.999999999999998));
#3729=DIRECTION('',(-1.0,0.0,0.0));
#3730=DIRECTION('',(0.0,0.0,-1.0));
#3731=AXIS2_PLACEMENT_3D('',#3728,#3729,#3730);
#3732=PLANE('',#3731);
#3733=CARTESIAN_POINT('',(1.899999999999998,3.0,0.999999999999999));
#3734=DIRECTION('',(0.0,0.0,1.0));
#3735=VECTOR('',#3734,0.3);
#3736=LINE('',#3733,#3735);
#3737=EDGE_CURVE('',#3609,#3710,#3736,.T.);
#3738=ORIENTED_EDGE('',*,*,#3737,.T.);
#3739=ORIENTED_EDGE('',*,*,#3723,.T.);
#3740=ORIENTED_EDGE('',*,*,#3504,.F.);
#3741=ORIENTED_EDGE('',*,*,#3392,.F.);
#3742=ORIENTED_EDGE('',*,*,#3555,.F.);
#3743=ORIENTED_EDGE('',*,*,#3541,.F.);
#3744=ORIENTED_EDGE('',*,*,#3455,.F.);
#3745=ORIENTED_EDGE('',*,*,#3620,.F.);
#3746=EDGE_LOOP('',(#3738,#3739,#3740,#3741,#3742,#3743,#3744,#3745));
#3747=FACE_OUTER_BOUND('',#3746,.T.);
#3748=ADVANCED_FACE('',(#3747),#3732,.T.);
#3749=CARTESIAN_POINT('',(-2.600000000000003,3.699999999999999,-0.699999999999999));
#3750=DIRECTION('',(0.0,0.0,1.0));
#3751=DIRECTION('',(-1.0,0.0,0.0));
#3752=AXIS2_PLACEMENT_3D('',#3749,#3750,#3751);
#3753=PLANE('',#3752);
#3754=CARTESIAN_POINT('',(-1.900000000000004,3.899999999999999,-0.7));
#3755=VERTEX_POINT('',#3754);
#3756=CARTESIAN_POINT('',(-2.600000000000003,3.899999999999999,-0.699999999999999));
#3757=VERTEX_POINT('',#3756);
#3758=CARTESIAN_POINT('',(-1.900000000000004,3.9,-0.7));
#3759=DIRECTION('',(-1.0,0.0,0.0));
#3760=VECTOR('',#3759,0.7);
#3761=LINE('',#3758,#3760);
#3762=EDGE_CURVE('',#3755,#3757,#3761,.T.);
#3763=ORIENTED_EDGE('',*,*,#3762,.F.);
#3764=CARTESIAN_POINT('',(-1.900000000000003,3.699999999999999,-0.7));
#3765=VERTEX_POINT('',#3764);
#3766=CARTESIAN_POINT('',(-1.900000000000003,3.699999999999999,-0.7));
#3767=DIRECTION('',(0.0,1.0,0.0));
#3768=VECTOR('',#3767,0.2);
#3769=LINE('',#3766,#3768);
#3770=EDGE_CURVE('',#3765,#3755,#3769,.T.);
#3771=ORIENTED_EDGE('',*,*,#3770,.F.);
#3772=CARTESIAN_POINT('',(-2.600000000000003,3.699999999999999,-0.699999999999999));
#3773=VERTEX_POINT('',#3772);
#3774=CARTESIAN_POINT('',(-2.600000000000003,3.699999999999999,-0.699999999999999));
#3775=DIRECTION('',(1.0,0.0,0.0));
#3776=VECTOR('',#3775,0.700000000000001);
#3777=LINE('',#3774,#3776);
#3778=EDGE_CURVE('',#3773,#3765,#3777,.T.);
#3779=ORIENTED_EDGE('',*,*,#3778,.F.);
#3780=CARTESIAN_POINT('',(-2.600000000000003,3.699999999999999,-0.699999999999999));
#3781=DIRECTION('',(0.0,1.0,0.0));
#3782=VECTOR('',#3781,0.2);
#3783=LINE('',#3780,#3782);
#3784=EDGE_CURVE('',#3773,#3757,#3783,.T.);
#3785=ORIENTED_EDGE('',*,*,#3784,.T.);
#3786=EDGE_LOOP('',(#3763,#3771,#3779,#3785));
#3787=FACE_OUTER_BOUND('',#3786,.T.);
#3788=ADVANCED_FACE('',(#3787),#3753,.F.);
#3789=CARTESIAN_POINT('',(-2.600000000000002,3.699999999999998,1.000000000000001));
#3790=DIRECTION('',(0.0,1.0,0.0));
#3791=DIRECTION('',(0.0,0.0,1.0));
#3792=AXIS2_PLACEMENT_3D('',#3789,#3790,#3791);
#3793=PLANE('',#3792);
#3794=CARTESIAN_POINT('',(-1.900000000000001,3.699999999999999,1.000000000000001));
#3795=VERTEX_POINT('',#3794);
#3796=CARTESIAN_POINT('',(-1.900000000000002,3.699999999999999,1.000000000000001));
#3797=DIRECTION('',(0.0,0.0,-1.0));
#3798=VECTOR('',#3797,1.7);
#3799=LINE('',#3796,#3798);
#3800=EDGE_CURVE('',#3795,#3765,#3799,.T.);
#3801=ORIENTED_EDGE('',*,*,#3800,.F.);
#3802=CARTESIAN_POINT('',(-2.600000000000002,3.699999999999998,1.000000000000001));
#3803=VERTEX_POINT('',#3802);
#3804=CARTESIAN_POINT('',(-2.600000000000002,3.699999999999999,1.000000000000001));
#3805=DIRECTION('',(1.0,0.0,0.0));
#3806=VECTOR('',#3805,0.700000000000001);
#3807=LINE('',#3804,#3806);
#3808=EDGE_CURVE('',#3803,#3795,#3807,.T.);
#3809=ORIENTED_EDGE('',*,*,#3808,.F.);
#3810=CARTESIAN_POINT('',(-2.600000000000002,3.699999999999998,1.000000000000001));
#3811=DIRECTION('',(0.0,0.0,-1.0));
#3812=VECTOR('',#3811,1.7);
#3813=LINE('',#3810,#3812);
#3814=EDGE_CURVE('',#3803,#3773,#3813,.T.);
#3815=ORIENTED_EDGE('',*,*,#3814,.T.);
#3816=ORIENTED_EDGE('',*,*,#3778,.T.);
#3817=EDGE_LOOP('',(#3801,#3809,#3815,#3816));
#3818=FACE_OUTER_BOUND('',#3817,.T.);
#3819=ADVANCED_FACE('',(#3818),#3793,.F.);
#3820=CARTESIAN_POINT('',(-2.075000000000003,3.699999999999999,1.000000000000001));
#3821=DIRECTION('',(-1.0,-7.771561E-016,7.457806E-016));
#3822=DIRECTION('',(-2.218587E-017,0.707106781186548,0.707106781186547));
#3823=AXIS2_PLACEMENT_3D('',#3820,#3821,#3822);
#3824=CYLINDRICAL_SURFACE('',#3823,0.3);
#3825=CARTESIAN_POINT('',(-2.600000000000003,3.999999999999999,1.000000000000001));
#3826=VERTEX_POINT('',#3825);
#3827=CARTESIAN_POINT('',(-2.600000000000002,3.699999999999999,1.300000000000001));
#3828=VERTEX_POINT('',#3827);
#3829=CARTESIAN_POINT('',(-2.600000000000002,3.699999999999999,1.000000000000001));
#3830=DIRECTION('',(1.0,1.568778E-017,1.568778E-017));
#3831=DIRECTION('',(-2.218587E-017,0.707106781186548,0.707106781186547));
#3832=AXIS2_PLACEMENT_3D('',#3829,#3830,#3831);
#3833=CIRCLE('',#3832,0.3);
#3834=EDGE_CURVE('',#3826,#3828,#3833,.T.);
#3835=ORIENTED_EDGE('',*,*,#3834,.T.);
#3836=CARTESIAN_POINT('',(-1.900000000000003,3.699999999999999,1.300000000000001));
#3837=VERTEX_POINT('',#3836);
#3838=CARTESIAN_POINT('',(-2.600000000000002,3.699999999999999,1.300000000000001));
#3839=DIRECTION('',(1.0,0.0,0.0));
#3840=VECTOR('',#3839,0.7);
#3841=LINE('',#3838,#3840);
#3842=EDGE_CURVE('',#3828,#3837,#3841,.T.);
#3843=ORIENTED_EDGE('',*,*,#3842,.T.);
#3844=CARTESIAN_POINT('',(-1.900000000000003,3.999999999999999,1.000000000000001));
#3845=VERTEX_POINT('',#3844);
#3846=CARTESIAN_POINT('',(-1.900000000000004,3.699999999999999,1.000000000000001));
#3847=DIRECTION('',(-1.0,-1.568778E-017,-1.568778E-017));
#3848=DIRECTION('',(-2.218587E-017,0.707106781186548,0.707106781186547));
#3849=AXIS2_PLACEMENT_3D('',#3846,#3847,#3848);
#3850=CIRCLE('',#3849,0.3);
#3851=EDGE_CURVE('',#3837,#3845,#3850,.T.);
#3852=ORIENTED_EDGE('',*,*,#3851,.T.);
#3853=CARTESIAN_POINT('',(-1.900000000000003,3.999999999999999,1.0));
#3854=DIRECTION('',(-1.0,0.0,0.0));
#3855=VECTOR('',#3854,0.7);
#3856=LINE('',#3853,#3855);
#3857=EDGE_CURVE('',#3845,#3826,#3856,.T.);
#3858=ORIENTED_EDGE('',*,*,#3857,.T.);
#3859=EDGE_LOOP('',(#3835,#3843,#3852,#3858));
#3860=FACE_OUTER_BOUND('',#3859,.T.);
#3861=ADVANCED_FACE('',(#3860),#3824,.T.);
#3862=CARTESIAN_POINT('',(-1.900000000000003,3.999999999999999,1.000000000000001));
#3863=DIRECTION('',(0.0,-1.0,0.0));
#3864=DIRECTION('',(0.0,0.0,-1.0));
#3865=AXIS2_PLACEMENT_3D('',#3862,#3863,#3864);
#3866=PLANE('',#3865);
#3867=CARTESIAN_POINT('',(-2.600000000000004,3.999999999999999,-0.599999999999999));
#3868=VERTEX_POINT('',#3867);
#3869=CARTESIAN_POINT('',(-1.900000000000004,3.999999999999999,-0.599999999999999));
#3870=VERTEX_POINT('',#3869);
#3871=CARTESIAN_POINT('',(-2.600000000000004,3.999999999999999,-0.599999999999999));
#3872=DIRECTION('',(1.0,0.0,0.0));
#3873=VECTOR('',#3872,0.7);
#3874=LINE('',#3871,#3873);
#3875=EDGE_CURVE('',#3868,#3870,#3874,.T.);
#3876=ORIENTED_EDGE('',*,*,#3875,.F.);
#3877=CARTESIAN_POINT('',(-2.600000000000004,3.999999999999999,-0.599999999999999));
#3878=DIRECTION('',(0.0,0.0,1.0));
#3879=VECTOR('',#3878,1.6);
#3880=LINE('',#3877,#3879);
#3881=EDGE_CURVE('',#3868,#3826,#3880,.T.);
#3882=ORIENTED_EDGE('',*,*,#3881,.T.);
#3883=ORIENTED_EDGE('',*,*,#3857,.F.);
#3884=CARTESIAN_POINT('',(-1.900000000000004,3.999999999999999,-0.599999999999999));
#3885=DIRECTION('',(0.0,0.0,1.0));
#3886=VECTOR('',#3885,1.6);
#3887=LINE('',#3884,#3886);
#3888=EDGE_CURVE('',#3870,#3845,#3887,.T.);
#3889=ORIENTED_EDGE('',*,*,#3888,.F.);
#3890=EDGE_LOOP('',(#3876,#3882,#3883,#3889));
#3891=FACE_OUTER_BOUND('',#3890,.T.);
#3892=ADVANCED_FACE('',(#3891),#3866,.F.);
#3893=CARTESIAN_POINT('',(-2.250000000000004,3.949999999999999,-0.649999999999999));
#3894=DIRECTION('',(-1.076879E-015,0.707106781186548,-0.707106781186548));
#3895=DIRECTION('',(1.0,0.0,0.0));
#3896=AXIS2_PLACEMENT_3D('',#3893,#3894,#3895);
#3897=PLANE('',#3896);
#3898=CARTESIAN_POINT('',(-1.900000000000005,4.0,-0.599999999999999));
#3899=DIRECTION('',(0.0,-0.707106781186547,-0.707106781186547));
#3900=VECTOR('',#3899,0.14142135623731);
#3901=LINE('',#3898,#3900);
#3902=EDGE_CURVE('',#3870,#3755,#3901,.T.);
#3903=ORIENTED_EDGE('',*,*,#3902,.T.);
#3904=ORIENTED_EDGE('',*,*,#3762,.T.);
#3905=CARTESIAN_POINT('',(-2.600000000000004,3.899999999999999,-0.699999999999999));
#3906=DIRECTION('',(0.0,0.707106781186549,0.707106781186546));
#3907=VECTOR('',#3906,0.14142135623731);
#3908=LINE('',#3905,#3907);
#3909=EDGE_CURVE('',#3757,#3868,#3908,.T.);
#3910=ORIENTED_EDGE('',*,*,#3909,.T.);
#3911=ORIENTED_EDGE('',*,*,#3875,.T.);
#3912=EDGE_LOOP('',(#3903,#3904,#3910,#3911));
#3913=FACE_OUTER_BOUND('',#3912,.T.);
#3914=ADVANCED_FACE('',(#3913),#3897,.T.);
#3915=CARTESIAN_POINT('',(-1.899999999999998,-4.000000000000001,1.000000000000001));
#3916=DIRECTION('',(-1.0,0.0,0.0));
#3917=DIRECTION('',(0.0,0.0,-1.0));
#3918=AXIS2_PLACEMENT_3D('',#3915,#3916,#3917);
#3919=PLANE('',#3918);
#3920=ORIENTED_EDGE('',*,*,#3318,.T.);
#3921=CARTESIAN_POINT('',(-1.899999999999998,-3.100000000000001,1.230000000000001));
#3922=VERTEX_POINT('',#3921);
#3923=CARTESIAN_POINT('',(-1.899999999999998,-3.1,1.230000000000001));
#3924=DIRECTION('',(0.0,0.81923192051904,0.573462344363328));
#3925=VECTOR('',#3924,0.122065556157337);
#3926=LINE('',#3923,#3925);
#3927=EDGE_CURVE('',#3922,#3305,#3926,.T.);
#3928=ORIENTED_EDGE('',*,*,#3927,.F.);
#3929=CARTESIAN_POINT('',(-1.899999999999999,-3.100000000000001,1.070000000000001));
#3930=VERTEX_POINT('',#3929);
#3931=CARTESIAN_POINT('',(-1.899999999999998,-3.100000000000001,1.070000000000001));
#3932=DIRECTION('',(0.0,0.0,1.0));
#3933=VECTOR('',#3932,0.16);
#3934=LINE('',#3931,#3933);
#3935=EDGE_CURVE('',#3930,#3922,#3934,.T.);
#3936=ORIENTED_EDGE('',*,*,#3935,.F.);
#3937=CARTESIAN_POINT('',(-1.899999999999999,-3.0,1.000000000000001));
#3938=DIRECTION('',(1.819060E-015,-0.81923192051904,0.573462344363328));
#3939=VECTOR('',#3938,0.122065556157337);
#3940=LINE('',#3937,#3939);
#3941=EDGE_CURVE('',#3313,#3930,#3940,.T.);
#3942=ORIENTED_EDGE('',*,*,#3941,.F.);
#3943=EDGE_LOOP('',(#3920,#3928,#3936,#3942));
#3944=FACE_OUTER_BOUND('',#3943,.T.);
#3945=ADVANCED_FACE('',(#3944),#3919,.F.);
#3946=CARTESIAN_POINT('',(-2.600000000000003,3.999999999999999,1.000000000000001));
#3947=DIRECTION('',(1.0,0.0,0.0));
#3948=DIRECTION('',(0.0,0.0,1.0));
#3949=AXIS2_PLACEMENT_3D('',#3946,#3947,#3948);
#3950=PLANE('',#3949);
#3951=CARTESIAN_POINT('',(-2.6,3.0,0.999999999999999));
#3952=VERTEX_POINT('',#3951);
#3953=CARTESIAN_POINT('',(-2.6,3.0,1.299999999999999));
#3954=VERTEX_POINT('',#3953);
#3955=CARTESIAN_POINT('',(-2.600000000000002,3.0,0.999999999999999));
#3956=DIRECTION('',(0.0,0.0,1.0));
#3957=VECTOR('',#3956,0.3);
#3958=LINE('',#3955,#3957);
#3959=EDGE_CURVE('',#3952,#3954,#3958,.T.);
#3960=ORIENTED_EDGE('',*,*,#3959,.T.);
#3961=CARTESIAN_POINT('',(-2.600000000000003,3.699999999999999,1.300000000000001));
#3962=DIRECTION('',(0.0,-1.0,0.0));
#3963=VECTOR('',#3962,0.699999999999998);
#3964=LINE('',#3961,#3963);
#3965=EDGE_CURVE('',#3828,#3954,#3964,.T.);
#3966=ORIENTED_EDGE('',*,*,#3965,.F.);
#3967=ORIENTED_EDGE('',*,*,#3834,.F.);
#3968=ORIENTED_EDGE('',*,*,#3881,.F.);
#3969=ORIENTED_EDGE('',*,*,#3909,.F.);
#3970=ORIENTED_EDGE('',*,*,#3784,.F.);
#3971=ORIENTED_EDGE('',*,*,#3814,.F.);
#3972=CARTESIAN_POINT('',(-2.600000000000003,3.699999999999998,1.000000000000001));
#3973=DIRECTION('',(0.0,-1.0,0.0));
#3974=VECTOR('',#3973,0.699999999999998);
#3975=LINE('',#3972,#3974);
#3976=EDGE_CURVE('',#3803,#3952,#3975,.T.);
#3977=ORIENTED_EDGE('',*,*,#3976,.T.);
#3978=EDGE_LOOP('',(#3960,#3966,#3967,#3968,#3969,#3970,#3971,#3977));
#3979=FACE_OUTER_BOUND('',#3978,.T.);
#3980=ADVANCED_FACE('',(#3979),#3950,.F.);
#3981=CARTESIAN_POINT('',(-2.25,-9.259037E-016,1.300000000000001));
#3982=DIRECTION('',(0.0,0.0,-1.0));
#3983=DIRECTION('',(1.0,0.0,0.0));
#3984=AXIS2_PLACEMENT_3D('',#3981,#3982,#3983);
#3985=PLANE('',#3984);
#3986=CARTESIAN_POINT('',(-1.9,3.0,1.299999999999999));
#3987=VERTEX_POINT('',#3986);
#3988=CARTESIAN_POINT('',(-2.6,3.0,1.300000000000001));
#3989=DIRECTION('',(1.0,0.0,0.0));
#3990=VECTOR('',#3989,0.7);
#3991=LINE('',#3988,#3990);
#3992=EDGE_CURVE('',#3954,#3987,#3991,.T.);
#3993=ORIENTED_EDGE('',*,*,#3992,.T.);
#3994=CARTESIAN_POINT('',(-1.900000000000002,3.000000000000001,1.300000000000001));
#3995=DIRECTION('',(0.0,1.0,0.0));
#3996=VECTOR('',#3995,0.699999999999998);
#3997=LINE('',#3994,#3996);
#3998=EDGE_CURVE('',#3987,#3837,#3997,.T.);
#3999=ORIENTED_EDGE('',*,*,#3998,.T.);
#4000=ORIENTED_EDGE('',*,*,#3842,.F.);
#4001=ORIENTED_EDGE('',*,*,#3965,.T.);
#4002=EDGE_LOOP('',(#3993,#3999,#4000,#4001));
#4003=FACE_OUTER_BOUND('',#4002,.T.);
#4004=ADVANCED_FACE('',(#4003),#3985,.F.);
#4005=CARTESIAN_POINT('',(-2.599999999999999,-3.000000000000001,1.300000000000001));
#4006=DIRECTION('',(1.056637E-015,-0.573462344363328,0.819231920519041));
#4007=DIRECTION('',(3.845713E-017,-0.819231920519041,-0.573462344363328));
#4008=AXIS2_PLACEMENT_3D('',#4005,#4006,#4007);
#4009=PLANE('',#4008);
#4010=ORIENTED_EDGE('',*,*,#3927,.T.);
#4011=ORIENTED_EDGE('',*,*,#3310,.F.);
#4012=CARTESIAN_POINT('',(-2.599999999999999,-3.100000000000001,1.230000000000001));
#4013=VERTEX_POINT('',#4012);
#4014=CARTESIAN_POINT('',(-2.599999999999999,-3.100000000000001,1.230000000000001));
#4015=DIRECTION('',(0.0,0.81923192051904,0.573462344363328));
#4016=VECTOR('',#4015,0.122065556157337);
#4017=LINE('',#4014,#4016);
#4018=EDGE_CURVE('',#4013,#3303,#4017,.T.);
#4019=ORIENTED_EDGE('',*,*,#4018,.F.);
#4020=CARTESIAN_POINT('',(-2.599999999999999,-3.100000000000001,1.230000000000001));
#4021=DIRECTION('',(1.0,0.0,0.0));
#4022=VECTOR('',#4021,0.7);
#4023=LINE('',#4020,#4022);
#4024=EDGE_CURVE('',#4013,#3922,#4023,.T.);
#4025=ORIENTED_EDGE('',*,*,#4024,.T.);
#4026=EDGE_LOOP('',(#4010,#4011,#4019,#4025));
#4027=FACE_OUTER_BOUND('',#4026,.T.);
#4028=ADVANCED_FACE('',(#4027),#4009,.T.);
#4029=CARTESIAN_POINT('',(-2.599999999999999,-3.100000000000001,1.230000000000001));
#4030=DIRECTION('',(0.0,-1.0,0.0));
#4031=DIRECTION('',(0.0,0.0,-1.0));
#4032=AXIS2_PLACEMENT_3D('',#4029,#4030,#4031);
#4033=PLANE('',#4032);
#4034=ORIENTED_EDGE('',*,*,#3935,.T.);
#4035=ORIENTED_EDGE('',*,*,#4024,.F.);
#4036=CARTESIAN_POINT('',(-2.599999999999999,-3.100000000000001,1.070000000000001));
#4037=VERTEX_POINT('',#4036);
#4038=CARTESIAN_POINT('',(-2.599999999999999,-3.100000000000001,1.070000000000001));
#4039=DIRECTION('',(0.0,0.0,1.0));
#4040=VECTOR('',#4039,0.16);
#4041=LINE('',#4038,#4040);
#4042=EDGE_CURVE('',#4037,#4013,#4041,.T.);
#4043=ORIENTED_EDGE('',*,*,#4042,.F.);
#4044=CARTESIAN_POINT('',(-2.599999999999999,-3.100000000000001,1.070000000000001));
#4045=DIRECTION('',(1.0,0.0,0.0));
#4046=VECTOR('',#4045,0.7);
#4047=LINE('',#4044,#4046);
#4048=EDGE_CURVE('',#4037,#3930,#4047,.T.);
#4049=ORIENTED_EDGE('',*,*,#4048,.T.);
#4050=EDGE_LOOP('',(#4034,#4035,#4043,#4049));
#4051=FACE_OUTER_BOUND('',#4050,.T.);
#4052=ADVANCED_FACE('',(#4051),#4033,.T.);
#4053=CARTESIAN_POINT('',(-2.599999999999999,-3.100000000000001,1.070000000000001));
#4054=DIRECTION('',(-1.652975E-016,-0.573462344363329,-0.81923192051904));
#4055=DIRECTION('',(-8.938113E-016,0.81923192051904,-0.573462344363329));
#4056=AXIS2_PLACEMENT_3D('',#4053,#4054,#4055);
#4057=PLANE('',#4056);
#4058=ORIENTED_EDGE('',*,*,#3941,.T.);
#4059=ORIENTED_EDGE('',*,*,#4048,.F.);
#4060=CARTESIAN_POINT('',(-2.599999999999999,-3.000000000000001,1.000000000000001));
#4061=DIRECTION('',(0.0,-0.81923192051904,0.573462344363328));
#4062=VECTOR('',#4061,0.122065556157337);
#4063=LINE('',#4060,#4062);
#4064=EDGE_CURVE('',#3321,#4037,#4063,.T.);
#4065=ORIENTED_EDGE('',*,*,#4064,.F.);
#4066=ORIENTED_EDGE('',*,*,#3326,.F.);
#4067=EDGE_LOOP('',(#4058,#4059,#4065,#4066));
#4068=FACE_OUTER_BOUND('',#4067,.T.);
#4069=ADVANCED_FACE('',(#4068),#4057,.T.);
#4070=CARTESIAN_POINT('',(-2.600000000000003,3.999999999999999,1.000000000000001));
#4071=DIRECTION('',(1.0,0.0,0.0));
#4072=DIRECTION('',(0.0,0.0,1.0));
#4073=AXIS2_PLACEMENT_3D('',#4070,#4071,#4072);
#4074=PLANE('',#4073);
#4075=ORIENTED_EDGE('',*,*,#3332,.T.);
#4076=ORIENTED_EDGE('',*,*,#4064,.T.);
#4077=ORIENTED_EDGE('',*,*,#4042,.T.);
#4078=ORIENTED_EDGE('',*,*,#4018,.T.);
#4079=EDGE_LOOP('',(#4075,#4076,#4077,#4078));
#4080=FACE_OUTER_BOUND('',#4079,.T.);
#4081=ADVANCED_FACE('',(#4080),#4074,.F.);
#4082=CARTESIAN_POINT('',(-2.25,-9.263387E-016,1.000000000000001));
#4083=DIRECTION('',(0.0,0.0,-1.0));
#4084=DIRECTION('',(1.0,0.0,0.0));
#4085=AXIS2_PLACEMENT_3D('',#4082,#4083,#4084);
#4086=PLANE('',#4085);
#4087=CARTESIAN_POINT('',(-1.9,3.0,0.999999999999999));
#4088=VERTEX_POINT('',#4087);
#4089=CARTESIAN_POINT('',(-1.9,3.0,1.000000000000001));
#4090=DIRECTION('',(-1.0,0.0,0.0));
#4091=VECTOR('',#4090,0.7);
#4092=LINE('',#4089,#4091);
#4093=EDGE_CURVE('',#4088,#3952,#4092,.T.);
#4094=ORIENTED_EDGE('',*,*,#4093,.T.);
#4095=ORIENTED_EDGE('',*,*,#3976,.F.);
#4096=ORIENTED_EDGE('',*,*,#3808,.T.);
#4097=CARTESIAN_POINT('',(-1.900000000000003,3.000000000000001,1.000000000000001));
#4098=DIRECTION('',(0.0,1.0,0.0));
#4099=VECTOR('',#4098,0.699999999999998);
#4100=LINE('',#4097,#4099);
#4101=EDGE_CURVE('',#4088,#3795,#4100,.T.);
#4102=ORIENTED_EDGE('',*,*,#4101,.F.);
#4103=EDGE_LOOP('',(#4094,#4095,#4096,#4102));
#4104=FACE_OUTER_BOUND('',#4103,.T.);
#4105=ADVANCED_FACE('',(#4104),#4086,.T.);
#4106=CARTESIAN_POINT('',(-1.899999999999998,-4.000000000000001,1.000000000000001));
#4107=DIRECTION('',(-1.0,0.0,0.0));
#4108=DIRECTION('',(0.0,0.0,-1.0));
#4109=AXIS2_PLACEMENT_3D('',#4106,#4107,#4108);
#4110=PLANE('',#4109);
#4111=CARTESIAN_POINT('',(-1.900000000000002,3.0,1.299999999999999));
#4112=DIRECTION('',(0.0,0.0,-1.0));
#4113=VECTOR('',#4112,0.3);
#4114=LINE('',#4111,#4113);
#4115=EDGE_CURVE('',#3987,#4088,#4114,.T.);
#4116=ORIENTED_EDGE('',*,*,#4115,.T.);
#4117=ORIENTED_EDGE('',*,*,#4101,.T.);
#4118=ORIENTED_EDGE('',*,*,#3800,.T.);
#4119=ORIENTED_EDGE('',*,*,#3770,.T.);
#4120=ORIENTED_EDGE('',*,*,#3902,.F.);
#4121=ORIENTED_EDGE('',*,*,#3888,.T.);
#4122=ORIENTED_EDGE('',*,*,#3851,.F.);
#4123=ORIENTED_EDGE('',*,*,#3998,.F.);
#4124=EDGE_LOOP('',(#4116,#4117,#4118,#4119,#4120,#4121,#4122,#4123));
#4125=FACE_OUTER_BOUND('',#4124,.T.);
#4126=ADVANCED_FACE('',(#4125),#4110,.F.);
#4127=CARTESIAN_POINT('',(-2.7,-2.700000000000001,0.0));
#4128=DIRECTION('',(0.0,0.0,1.0));
#4129=DIRECTION('',(-0.707106781186549,-0.707106781186546,0.0));
#4130=AXIS2_PLACEMENT_3D('',#4127,#4128,#4129);
#4131=CYLINDRICAL_SURFACE('',#4130,0.3);
#4132=ORIENTED_EDGE('',*,*,#3241,.T.);
#4133=CARTESIAN_POINT('',(-2.7,-2.700000000000001,0.0));
#4134=DIRECTION('',(0.0,0.0,1.0));
#4135=DIRECTION('',(-0.707106781186549,-0.707106781186546,0.0));
#4136=AXIS2_PLACEMENT_3D('',#4133,#4134,#4135);
#4137=CIRCLE('',#4136,0.3);
#4138=EDGE_CURVE('',#3230,#3277,#4137,.T.);
#4139=ORIENTED_EDGE('',*,*,#4138,.T.);
#4140=ORIENTED_EDGE('',*,*,#3282,.T.);
#4141=ORIENTED_EDGE('',*,*,#232,.F.);
#4142=EDGE_LOOP('',(#4132,#4139,#4140,#4141));
#4143=FACE_OUTER_BOUND('',#4142,.T.);
#4144=ADVANCED_FACE('',(#4143),#4131,.T.);
#4145=CARTESIAN_POINT('',(-2.700000000000001,2.7,0.0));
#4146=DIRECTION('',(0.0,0.0,1.0));
#4147=DIRECTION('',(-0.707106781186547,0.707106781186547,0.0));
#4148=AXIS2_PLACEMENT_3D('',#4145,#4146,#4147);
#4149=CYLINDRICAL_SURFACE('',#4148,0.3);
#4150=CARTESIAN_POINT('',(-2.700000000000001,3.0,0.0));
#4151=VERTEX_POINT('',#4150);
#4152=CARTESIAN_POINT('',(-2.700000000000001,3.0,3.300000000000001));
#4153=DIRECTION('',(0.0,0.0,-1.0));
#4154=VECTOR('',#4153,3.300000000000001);
#4155=LINE('',#4152,#4154);
#4156=EDGE_CURVE('',#766,#4151,#4155,.T.);
#4157=ORIENTED_EDGE('',*,*,#4156,.T.);
#4158=CARTESIAN_POINT('',(-2.700000000000001,2.7,0.0));
#4159=DIRECTION('',(0.0,0.0,1.0));
#4160=DIRECTION('',(-0.707106781186547,0.707106781186547,0.0));
#4161=AXIS2_PLACEMENT_3D('',#4158,#4159,#4160);
#4162=CIRCLE('',#4161,0.3);
#4163=EDGE_CURVE('',#4151,#3190,#4162,.T.);
#4164=ORIENTED_EDGE('',*,*,#4163,.T.);
#4165=ORIENTED_EDGE('',*,*,#3195,.T.);
#4166=ORIENTED_EDGE('',*,*,#774,.F.);
#4167=EDGE_LOOP('',(#4157,#4164,#4165,#4166));
#4168=FACE_OUTER_BOUND('',#4167,.T.);
#4169=ADVANCED_FACE('',(#4168),#4149,.T.);
#4170=CARTESIAN_POINT('',(-2.999999999999998,1.250000000000002,0.0));
#4171=DIRECTION('',(0.0,1.0,0.0));
#4172=DIRECTION('',(0.0,0.0,1.0));
#4173=AXIS2_PLACEMENT_3D('',#4170,#4171,#4172);
#4174=PLANE('',#4173);
#4175=CARTESIAN_POINT('',(-0.75,1.250000000000001,0.0));
#4176=VERTEX_POINT('',#4175);
#4177=CARTESIAN_POINT('',(-0.75,1.250000000000001,0.4));
#4178=VERTEX_POINT('',#4177);
#4179=CARTESIAN_POINT('',(-0.75,1.250000000000001,0.0));
#4180=DIRECTION('',(0.0,0.0,1.0));
#4181=VECTOR('',#4180,0.4);
#4182=LINE('',#4179,#4181);
#4183=EDGE_CURVE('',#4176,#4178,#4182,.T.);
#4184=ORIENTED_EDGE('',*,*,#4183,.T.);
#4185=CARTESIAN_POINT('',(-2.999999999999998,1.250000000000002,0.4));
#4186=DIRECTION('',(1.0,0.0,0.0));
#4187=VECTOR('',#4186,2.249999999999998);
#4188=LINE('',#4185,#4187);
#4189=EDGE_CURVE('',#3206,#4178,#4188,.T.);
#4190=ORIENTED_EDGE('',*,*,#4189,.F.);
#4191=ORIENTED_EDGE('',*,*,#3211,.F.);
#4192=CARTESIAN_POINT('',(-0.75,1.250000000000001,0.0));
#4193=DIRECTION('',(-1.0,0.0,0.0));
#4194=VECTOR('',#4193,2.249999999999998);
#4195=LINE('',#4192,#4194);
#4196=EDGE_CURVE('',#4176,#3198,#4195,.T.);
#4197=ORIENTED_EDGE('',*,*,#4196,.F.);
#4198=EDGE_LOOP('',(#4184,#4190,#4191,#4197));
#4199=FACE_OUTER_BOUND('',#4198,.T.);
#4200=ADVANCED_FACE('',(#4199),#4174,.F.);
#4201=CARTESIAN_POINT('',(3.000000000000007,-1.250000000000002,0.0));
#4202=DIRECTION('',(0.0,-1.0,0.0));
#4203=DIRECTION('',(0.0,0.0,-1.0));
#4204=AXIS2_PLACEMENT_3D('',#4201,#4202,#4203);
#4205=PLANE('',#4204);
#4206=CARTESIAN_POINT('',(0.75,-1.250000000000001,0.0));
#4207=VERTEX_POINT('',#4206);
#4208=CARTESIAN_POINT('',(0.75,-1.250000000000001,0.4));
#4209=VERTEX_POINT('',#4208);
#4210=CARTESIAN_POINT('',(0.750000000000001,-1.250000000000002,0.0));
#4211=DIRECTION('',(0.0,0.0,1.0));
#4212=VECTOR('',#4211,0.4);
#4213=LINE('',#4210,#4212);
#4214=EDGE_CURVE('',#4207,#4209,#4213,.T.);
#4215=ORIENTED_EDGE('',*,*,#4214,.T.);
#4216=CARTESIAN_POINT('',(3.000000000000007,-1.250000000000002,0.4));
#4217=DIRECTION('',(-1.0,0.0,0.0));
#4218=VECTOR('',#4217,2.250000000000007);
#4219=LINE('',#4216,#4218);
#4220=EDGE_CURVE('',#3137,#4209,#4219,.T.);
#4221=ORIENTED_EDGE('',*,*,#4220,.F.);
#4222=ORIENTED_EDGE('',*,*,#3142,.F.);
#4223=CARTESIAN_POINT('',(0.75,-1.250000000000002,0.0));
#4224=DIRECTION('',(1.0,0.0,0.0));
#4225=VECTOR('',#4224,2.250000000000007);
#4226=LINE('',#4223,#4225);
#4227=EDGE_CURVE('',#4207,#3129,#4226,.T.);
#4228=ORIENTED_EDGE('',*,*,#4227,.F.);
#4229=EDGE_LOOP('',(#4215,#4221,#4222,#4228));
#4230=FACE_OUTER_BOUND('',#4229,.T.);
#4231=ADVANCED_FACE('',(#4230),#4205,.F.);
#4232=CARTESIAN_POINT('',(-0.75,0.65,0.4));
#4233=DIRECTION('',(0.0,0.997564050259824,0.069756473744125));
#4234=DIRECTION('',(-1.0,0.0,0.0));
#4235=AXIS2_PLACEMENT_3D('',#4232,#4233,#4234);
#4236=PLANE('',#4235);
#4237=CARTESIAN_POINT('',(0.528533576800713,0.628046386852677,0.713951294748825));
#4238=VERTEX_POINT('',#4237);
#4239=CARTESIAN_POINT('',(0.550487189948035,0.65,0.4));
#4240=VERTEX_POINT('',#4239);
#4241=CARTESIAN_POINT('',(0.528533576800713,0.628046386852677,0.713951294748825));
#4242=DIRECTION('',(0.069587374316664,0.069587374316664,-0.995145815783509));
#4243=VECTOR('',#4242,0.31548270592048);
#4244=LINE('',#4241,#4243);
#4245=EDGE_CURVE('',#4238,#4240,#4244,.T.);
#4246=ORIENTED_EDGE('',*,*,#4245,.F.);
#4247=CARTESIAN_POINT('',(-0.528533576800713,0.628046386852677,0.713951294748825));
#4248=VERTEX_POINT('',#4247);
#4249=CARTESIAN_POINT('',(-0.528533576800713,0.628046386852677,0.713951294748825));
#4250=DIRECTION('',(1.0,0.0,0.0));
#4251=VECTOR('',#4250,1.057067153601425);
#4252=LINE('',#4249,#4251);
#4253=EDGE_CURVE('',#4248,#4238,#4252,.T.);
#4254=ORIENTED_EDGE('',*,*,#4253,.F.);
#4255=CARTESIAN_POINT('',(-0.550487189948035,0.65,0.4));
#4256=VERTEX_POINT('',#4255);
#4257=CARTESIAN_POINT('',(-0.550487189948035,0.65,0.4));
#4258=DIRECTION('',(0.069587374316665,-0.069587374316665,0.995145815783508));
#4259=VECTOR('',#4258,0.31548270592048);
#4260=LINE('',#4257,#4259);
#4261=EDGE_CURVE('',#4256,#4248,#4260,.T.);
#4262=ORIENTED_EDGE('',*,*,#4261,.F.);
#4263=CARTESIAN_POINT('',(0.550487189948035,0.65,0.4));
#4264=DIRECTION('',(-1.0,0.0,0.0));
#4265=VECTOR('',#4264,1.100974379896071);
#4266=LINE('',#4263,#4265);
#4267=EDGE_CURVE('',#4240,#4256,#4266,.T.);
#4268=ORIENTED_EDGE('',*,*,#4267,.F.);
#4269=EDGE_LOOP('',(#4246,#4254,#4262,#4268));
#4270=FACE_OUTER_BOUND('',#4269,.T.);
#4271=ADVANCED_FACE('',(#4270),#4236,.F.);
#4272=CARTESIAN_POINT('',(4.646581E-017,-3.221629E-017,0.9));
#4273=DIRECTION('',(0.0,0.0,1.0));
#4274=DIRECTION('',(1.0,0.0,0.0));
#4275=AXIS2_PLACEMENT_3D('',#4272,#4273,#4274);
#4276=PLANE('',#4275);
#4277=CARTESIAN_POINT('',(-0.528533576800713,-0.428533576800712,0.9));
#4278=VERTEX_POINT('',#4277);
#4279=CARTESIAN_POINT('',(0.528533576800713,-0.428533576800713,0.9));
#4280=VERTEX_POINT('',#4279);
#4281=CARTESIAN_POINT('',(-0.528533576800713,-0.428533576800712,0.9));
#4282=DIRECTION('',(1.0,0.0,0.0));
#4283=VECTOR('',#4282,1.057067153601425);
#4284=LINE('',#4281,#4283);
#4285=EDGE_CURVE('',#4278,#4280,#4284,.T.);
#4286=ORIENTED_EDGE('',*,*,#4285,.F.);
#4287=CARTESIAN_POINT('',(-0.528533576800713,0.428533576800713,0.9));
#4288=VERTEX_POINT('',#4287);
#4289=CARTESIAN_POINT('',(-0.528533576800713,0.428533576800712,0.9));
#4290=DIRECTION('',(0.0,-1.0,0.0));
#4291=VECTOR('',#4290,0.857067153601425);
#4292=LINE('',#4289,#4291);
#4293=EDGE_CURVE('',#4288,#4278,#4292,.T.);
#4294=ORIENTED_EDGE('',*,*,#4293,.F.);
#4295=CARTESIAN_POINT('',(0.528533576800713,0.428533576800713,0.9));
#4296=VERTEX_POINT('',#4295);
#4297=CARTESIAN_POINT('',(0.528533576800713,0.428533576800713,0.9));
#4298=DIRECTION('',(-1.0,0.0,0.0));
#4299=VECTOR('',#4298,1.057067153601425);
#4300=LINE('',#4297,#4299);
#4301=EDGE_CURVE('',#4296,#4288,#4300,.T.);
#4302=ORIENTED_EDGE('',*,*,#4301,.F.);
#4303=CARTESIAN_POINT('',(0.528533576800713,-0.428533576800713,0.9));
#4304=DIRECTION('',(0.0,1.0,0.0));
#4305=VECTOR('',#4304,0.857067153601425);
#4306=LINE('',#4303,#4305);
#4307=EDGE_CURVE('',#4280,#4296,#4306,.T.);
#4308=ORIENTED_EDGE('',*,*,#4307,.F.);
#4309=EDGE_LOOP('',(#4286,#4294,#4302,#4308));
#4310=FACE_OUTER_BOUND('',#4309,.T.);
#4311=ADVANCED_FACE('',(#4310),#4276,.F.);
#4312=CARTESIAN_POINT('',(-2.775558E-016,5.046468E-017,0.0));
#4313=DIRECTION('',(0.0,0.0,1.0));
#4314=DIRECTION('',(1.0,0.0,0.0));
#4315=AXIS2_PLACEMENT_3D('',#4312,#4313,#4314);
#4316=PLANE('',#4315);
#4317=CARTESIAN_POINT('',(0.75,1.250000000000001,0.0));
#4318=VERTEX_POINT('',#4317);
#4319=CARTESIAN_POINT('',(0.750000000000001,1.9,0.0));
#4320=VERTEX_POINT('',#4319);
#4321=CARTESIAN_POINT('',(0.750000000000001,1.250000000000001,0.0));
#4322=DIRECTION('',(0.0,1.0,0.0));
#4323=VECTOR('',#4322,0.649999999999999);
#4324=LINE('',#4321,#4323);
#4325=EDGE_CURVE('',#4318,#4320,#4324,.T.);
#4326=ORIENTED_EDGE('',*,*,#4325,.T.);
#4327=CARTESIAN_POINT('',(0.55,2.1,0.0));
#4328=VERTEX_POINT('',#4327);
#4329=CARTESIAN_POINT('',(0.55,1.9,0.0));
#4330=DIRECTION('',(0.0,0.0,-1.0));
#4331=DIRECTION('',(0.707106781186548,0.707106781186548,0.0));
#4332=AXIS2_PLACEMENT_3D('',#4329,#4330,#4331);
#4333=CIRCLE('',#4332,0.2);
#4334=EDGE_CURVE('',#4328,#4320,#4333,.T.);
#4335=ORIENTED_EDGE('',*,*,#4334,.F.);
#4336=CARTESIAN_POINT('',(-0.55,2.1,0.0));
#4337=VERTEX_POINT('',#4336);
#4338=CARTESIAN_POINT('',(0.55,2.1,0.0));
#4339=DIRECTION('',(-1.0,0.0,0.0));
#4340=VECTOR('',#4339,1.100000000000001);
#4341=LINE('',#4338,#4340);
#4342=EDGE_CURVE('',#4328,#4337,#4341,.T.);
#4343=ORIENTED_EDGE('',*,*,#4342,.T.);
#4344=CARTESIAN_POINT('',(-0.75,1.9,0.0));
#4345=VERTEX_POINT('',#4344);
#4346=CARTESIAN_POINT('',(-0.55,1.9,0.0));
#4347=DIRECTION('',(0.0,0.0,-1.0));
#4348=DIRECTION('',(-0.707106781186547,0.707106781186548,0.0));
#4349=AXIS2_PLACEMENT_3D('',#4346,#4347,#4348);
#4350=CIRCLE('',#4349,0.2);
#4351=EDGE_CURVE('',#4345,#4337,#4350,.T.);
#4352=ORIENTED_EDGE('',*,*,#4351,.F.);
#4353=CARTESIAN_POINT('',(-0.75,1.9,0.0));
#4354=DIRECTION('',(0.0,-1.0,0.0));
#4355=VECTOR('',#4354,0.649999999999999);
#4356=LINE('',#4353,#4355);
#4357=EDGE_CURVE('',#4345,#4176,#4356,.T.);
#4358=ORIENTED_EDGE('',*,*,#4357,.T.);
#4359=ORIENTED_EDGE('',*,*,#4196,.T.);
#4360=ORIENTED_EDGE('',*,*,#3203,.T.);
#4361=ORIENTED_EDGE('',*,*,#4163,.F.);
#4362=CARTESIAN_POINT('',(2.7,3.0,0.0));
#4363=VERTEX_POINT('',#4362);
#4364=CARTESIAN_POINT('',(-2.700000000000001,3.0,0.0));
#4365=DIRECTION('',(1.0,0.0,0.0));
#4366=VECTOR('',#4365,5.400000000000001);
#4367=LINE('',#4364,#4366);
#4368=EDGE_CURVE('',#4151,#4363,#4367,.T.);
#4369=ORIENTED_EDGE('',*,*,#4368,.T.);
#4370=CARTESIAN_POINT('',(2.7,2.7,0.0));
#4371=DIRECTION('',(0.0,0.0,1.0));
#4372=DIRECTION('',(0.707106781186547,0.707106781186547,0.0));
#4373=AXIS2_PLACEMENT_3D('',#4370,#4371,#4372);
#4374=CIRCLE('',#4373,0.3);
#4375=EDGE_CURVE('',#3161,#4363,#4374,.T.);
#4376=ORIENTED_EDGE('',*,*,#4375,.F.);
#4377=ORIENTED_EDGE('',*,*,#3166,.T.);
#4378=CARTESIAN_POINT('',(3.000000000000007,1.249999999999999,0.0));
#4379=DIRECTION('',(-1.0,0.0,0.0));
#4380=VECTOR('',#4379,2.250000000000007);
#4381=LINE('',#4378,#4380);
#4382=EDGE_CURVE('',#3153,#4318,#4381,.T.);
#4383=ORIENTED_EDGE('',*,*,#4382,.T.);
#4384=EDGE_LOOP('',(#4326,#4335,#4343,#4352,#4358,#4359,#4360,#4361,#4369,#4376,#4377,#4383));
#4385=FACE_OUTER_BOUND('',#4384,.T.);
#4386=ADVANCED_FACE('',(#4385),#4316,.F.);
#4387=CARTESIAN_POINT('',(-2.999999999999998,1.250000000000002,0.0));
#4388=DIRECTION('',(0.0,1.0,0.0));
#4389=DIRECTION('',(0.0,0.0,1.0));
#4390=AXIS2_PLACEMENT_3D('',#4387,#4388,#4389);
#4391=PLANE('',#4390);
#4392=CARTESIAN_POINT('',(0.75,1.250000000000001,0.4));
#4393=VERTEX_POINT('',#4392);
#4394=CARTESIAN_POINT('',(0.750000000000001,1.25,0.4));
#4395=DIRECTION('',(0.0,0.0,-1.0));
#4396=VECTOR('',#4395,0.4);
#4397=LINE('',#4394,#4396);
#4398=EDGE_CURVE('',#4393,#4318,#4397,.T.);
#4399=ORIENTED_EDGE('',*,*,#4398,.T.);
#4400=ORIENTED_EDGE('',*,*,#4382,.F.);
#4401=ORIENTED_EDGE('',*,*,#3158,.F.);
#4402=CARTESIAN_POINT('',(0.750000000000001,1.25,0.4));
#4403=DIRECTION('',(1.0,0.0,0.0));
#4404=VECTOR('',#4403,2.250000000000006);
#4405=LINE('',#4402,#4404);
#4406=EDGE_CURVE('',#4393,#3145,#4405,.T.);
#4407=ORIENTED_EDGE('',*,*,#4406,.F.);
#4408=EDGE_LOOP('',(#4399,#4400,#4401,#4407));
#4409=FACE_OUTER_BOUND('',#4408,.T.);
#4410=ADVANCED_FACE('',(#4409),#4391,.F.);
#4411=CARTESIAN_POINT('',(0.75,1.250000000000001,0.0));
#4412=DIRECTION('',(1.0,0.0,0.0));
#4413=DIRECTION('',(0.0,1.0,0.0));
#4414=AXIS2_PLACEMENT_3D('',#4411,#4412,#4413);
#4415=PLANE('',#4414);
#4416=CARTESIAN_POINT('',(0.750000000000001,1.9,0.4));
#4417=VERTEX_POINT('',#4416);
#4418=CARTESIAN_POINT('',(0.750000000000001,1.9,0.0));
#4419=DIRECTION('',(0.0,0.0,1.0));
#4420=VECTOR('',#4419,0.4);
#4421=LINE('',#4418,#4420);
#4422=EDGE_CURVE('',#4320,#4417,#4421,.T.);
#4423=ORIENTED_EDGE('',*,*,#4422,.F.);
#4424=ORIENTED_EDGE('',*,*,#4325,.F.);
#4425=ORIENTED_EDGE('',*,*,#4398,.F.);
#4426=CARTESIAN_POINT('',(0.75,1.524512810051965,0.4));
#4427=VERTEX_POINT('',#4426);
#4428=CARTESIAN_POINT('',(0.75,1.524512810051965,0.4));
#4429=DIRECTION('',(0.0,-1.0,0.0));
#4430=VECTOR('',#4429,0.274512810051964);
#4431=LINE('',#4428,#4430);
#4432=EDGE_CURVE('',#4427,#4393,#4431,.T.);
#4433=ORIENTED_EDGE('',*,*,#4432,.F.);
#4434=CARTESIAN_POINT('',(0.750000000000001,1.9,0.4));
#4435=DIRECTION('',(0.0,-1.0,0.0));
#4436=VECTOR('',#4435,0.375487189948035);
#4437=LINE('',#4434,#4436);
#4438=EDGE_CURVE('',#4417,#4427,#4437,.T.);
#4439=ORIENTED_EDGE('',*,*,#4438,.F.);
#4440=EDGE_LOOP('',(#4423,#4424,#4425,#4433,#4439));
#4441=FACE_OUTER_BOUND('',#4440,.T.);
#4442=ADVANCED_FACE('',(#4441),#4415,.F.);
#4443=CARTESIAN_POINT('',(-0.75,2.1,0.0));
#4444=DIRECTION('',(-1.0,0.0,0.0));
#4445=DIRECTION('',(0.0,-1.0,0.0));
#4446=AXIS2_PLACEMENT_3D('',#4443,#4444,#4445);
#4447=PLANE('',#4446);
#4448=CARTESIAN_POINT('',(-0.75,1.9,0.4));
#4449=VERTEX_POINT('',#4448);
#4450=CARTESIAN_POINT('',(-0.75,1.9,0.4));
#4451=DIRECTION('',(0.0,0.0,-1.0));
#4452=VECTOR('',#4451,0.4);
#4453=LINE('',#4450,#4452);
#4454=EDGE_CURVE('',#4449,#4345,#4453,.T.);
#4455=ORIENTED_EDGE('',*,*,#4454,.F.);
#4456=CARTESIAN_POINT('',(-0.75,1.524512810051965,0.4));
#4457=VERTEX_POINT('',#4456);
#4458=CARTESIAN_POINT('',(-0.75,1.524512810051965,0.4));
#4459=DIRECTION('',(0.0,1.0,0.0));
#4460=VECTOR('',#4459,0.375487189948035);
#4461=LINE('',#4458,#4460);
#4462=EDGE_CURVE('',#4457,#4449,#4461,.T.);
#4463=ORIENTED_EDGE('',*,*,#4462,.F.);
#4464=CARTESIAN_POINT('',(-0.75,1.250000000000001,0.4));
#4465=DIRECTION('',(0.0,1.0,0.0));
#4466=VECTOR('',#4465,0.274512810051963);
#4467=LINE('',#4464,#4466);
#4468=EDGE_CURVE('',#4178,#4457,#4467,.T.);
#4469=ORIENTED_EDGE('',*,*,#4468,.F.);
#4470=ORIENTED_EDGE('',*,*,#4183,.F.);
#4471=ORIENTED_EDGE('',*,*,#4357,.F.);
#4472=EDGE_LOOP('',(#4455,#4463,#4469,#4470,#4471));
#4473=FACE_OUTER_BOUND('',#4472,.T.);
#4474=ADVANCED_FACE('',(#4473),#4447,.F.);
#4475=CARTESIAN_POINT('',(-2.775558E-016,5.046468E-017,0.0));
#4476=DIRECTION('',(0.0,0.0,1.0));
#4477=DIRECTION('',(1.0,0.0,0.0));
#4478=AXIS2_PLACEMENT_3D('',#4475,#4476,#4477);
#4479=PLANE('',#4478);
#4480=CARTESIAN_POINT('',(-0.75,-1.250000000000001,0.0));
#4481=VERTEX_POINT('',#4480);
#4482=CARTESIAN_POINT('',(-0.75,-1.9,0.0));
#4483=VERTEX_POINT('',#4482);
#4484=CARTESIAN_POINT('',(-0.75,-1.250000000000001,0.0));
#4485=DIRECTION('',(0.0,-1.0,0.0));
#4486=VECTOR('',#4485,0.649999999999999);
#4487=LINE('',#4484,#4486);
#4488=EDGE_CURVE('',#4481,#4483,#4487,.T.);
#4489=ORIENTED_EDGE('',*,*,#4488,.T.);
#4490=CARTESIAN_POINT('',(-0.55,-2.1,0.0));
#4491=VERTEX_POINT('',#4490);
#4492=CARTESIAN_POINT('',(-0.55,-1.9,0.0));
#4493=DIRECTION('',(0.0,0.0,-1.0));
#4494=DIRECTION('',(-0.707106781186547,-0.707106781186548,0.0));
#4495=AXIS2_PLACEMENT_3D('',#4492,#4493,#4494);
#4496=CIRCLE('',#4495,0.2);
#4497=EDGE_CURVE('',#4491,#4483,#4496,.T.);
#4498=ORIENTED_EDGE('',*,*,#4497,.F.);
#4499=CARTESIAN_POINT('',(0.55,-2.1,0.0));
#4500=VERTEX_POINT('',#4499);
#4501=CARTESIAN_POINT('',(-0.55,-2.1,0.0));
#4502=DIRECTION('',(1.0,0.0,0.0));
#4503=VECTOR('',#4502,1.100000000000001);
#4504=LINE('',#4501,#4503);
#4505=EDGE_CURVE('',#4491,#4500,#4504,.T.);
#4506=ORIENTED_EDGE('',*,*,#4505,.T.);
#4507=CARTESIAN_POINT('',(0.750000000000001,-1.9,0.0));
#4508=VERTEX_POINT('',#4507);
#4509=CARTESIAN_POINT('',(0.55,-1.9,0.0));
#4510=DIRECTION('',(0.0,0.0,-1.0));
#4511=DIRECTION('',(0.707106781186548,-0.707106781186548,0.0));
#4512=AXIS2_PLACEMENT_3D('',#4509,#4510,#4511);
#4513=CIRCLE('',#4512,0.2);
#4514=EDGE_CURVE('',#4508,#4500,#4513,.T.);
#4515=ORIENTED_EDGE('',*,*,#4514,.F.);
#4516=CARTESIAN_POINT('',(0.750000000000001,-1.9,0.0));
#4517=DIRECTION('',(0.0,1.0,0.0));
#4518=VECTOR('',#4517,0.649999999999999);
#4519=LINE('',#4516,#4518);
#4520=EDGE_CURVE('',#4508,#4207,#4519,.T.);
#4521=ORIENTED_EDGE('',*,*,#4520,.T.);
#4522=ORIENTED_EDGE('',*,*,#4227,.T.);
#4523=ORIENTED_EDGE('',*,*,#3134,.T.);
#4524=CARTESIAN_POINT('',(2.7,-2.7,0.0));
#4525=DIRECTION('',(0.0,0.0,1.0));
#4526=DIRECTION('',(0.707106781186547,-0.707106781186547,0.0));
#4527=AXIS2_PLACEMENT_3D('',#4524,#4525,#4526);
#4528=CIRCLE('',#4527,0.3);
#4529=EDGE_CURVE('',#3285,#3121,#4528,.T.);
#4530=ORIENTED_EDGE('',*,*,#4529,.F.);
#4531=ORIENTED_EDGE('',*,*,#3290,.T.);
#4532=ORIENTED_EDGE('',*,*,#4138,.F.);
#4533=ORIENTED_EDGE('',*,*,#3235,.T.);
#4534=CARTESIAN_POINT('',(-2.999999999999998,-1.250000000000001,0.0));
#4535=DIRECTION('',(1.0,0.0,0.0));
#4536=VECTOR('',#4535,2.249999999999998);
#4537=LINE('',#4534,#4536);
#4538=EDGE_CURVE('',#3222,#4481,#4537,.T.);
#4539=ORIENTED_EDGE('',*,*,#4538,.T.);
#4540=EDGE_LOOP('',(#4489,#4498,#4506,#4515,#4521,#4522,#4523,#4530,#4531,#4532,#4533,#4539));
#4541=FACE_OUTER_BOUND('',#4540,.T.);
#4542=ADVANCED_FACE('',(#4541),#4479,.F.);
#4543=CARTESIAN_POINT('',(3.000000000000007,-1.250000000000002,0.0));
#4544=DIRECTION('',(0.0,-1.0,0.0));
#4545=DIRECTION('',(0.0,0.0,-1.0));
#4546=AXIS2_PLACEMENT_3D('',#4543,#4544,#4545);
#4547=PLANE('',#4546);
#4548=CARTESIAN_POINT('',(-0.75,-1.250000000000001,0.4));
#4549=VERTEX_POINT('',#4548);
#4550=CARTESIAN_POINT('',(-0.75,-1.250000000000001,0.4));
#4551=DIRECTION('',(0.0,0.0,-1.0));
#4552=VECTOR('',#4551,0.4);
#4553=LINE('',#4550,#4552);
#4554=EDGE_CURVE('',#4549,#4481,#4553,.T.);
#4555=ORIENTED_EDGE('',*,*,#4554,.T.);
#4556=ORIENTED_EDGE('',*,*,#4538,.F.);
#4557=ORIENTED_EDGE('',*,*,#3227,.F.);
#4558=CARTESIAN_POINT('',(-0.75,-1.250000000000001,0.4));
#4559=DIRECTION('',(-1.0,0.0,0.0));
#4560=VECTOR('',#4559,2.249999999999998);
#4561=LINE('',#4558,#4560);
#4562=EDGE_CURVE('',#4549,#3214,#4561,.T.);
#4563=ORIENTED_EDGE('',*,*,#4562,.F.);
#4564=EDGE_LOOP('',(#4555,#4556,#4557,#4563));
#4565=FACE_OUTER_BOUND('',#4564,.T.);
#4566=ADVANCED_FACE('',(#4565),#4547,.F.);
#4567=CARTESIAN_POINT('',(0.75,-1.250000000000001,0.0));
#4568=DIRECTION('',(-1.0,0.0,0.0));
#4569=DIRECTION('',(0.0,-1.0,0.0));
#4570=AXIS2_PLACEMENT_3D('',#4567,#4568,#4569);
#4571=PLANE('',#4570);
#4572=CARTESIAN_POINT('',(0.750000000000001,-1.9,0.4));
#4573=VERTEX_POINT('',#4572);
#4574=CARTESIAN_POINT('',(0.750000000000001,-1.9,0.4));
#4575=DIRECTION('',(0.0,0.0,-1.0));
#4576=VECTOR('',#4575,0.4);
#4577=LINE('',#4574,#4576);
#4578=EDGE_CURVE('',#4573,#4508,#4577,.T.);
#4579=ORIENTED_EDGE('',*,*,#4578,.F.);
#4580=CARTESIAN_POINT('',(0.75,-1.524512810051965,0.4));
#4581=VERTEX_POINT('',#4580);
#4582=CARTESIAN_POINT('',(0.750000000000001,-1.9,0.4));
#4583=DIRECTION('',(0.0,1.0,0.0));
#4584=VECTOR('',#4583,0.375487189948035);
#4585=LINE('',#4582,#4584);
#4586=EDGE_CURVE('',#4573,#4581,#4585,.T.);
#4587=ORIENTED_EDGE('',*,*,#4586,.T.);
#4588=CARTESIAN_POINT('',(0.75,-1.524512810051965,0.4));
#4589=DIRECTION('',(0.0,1.0,0.0));
#4590=VECTOR('',#4589,0.274512810051964);
#4591=LINE('',#4588,#4590);
#4592=EDGE_CURVE('',#4581,#4209,#4591,.T.);
#4593=ORIENTED_EDGE('',*,*,#4592,.T.);
#4594=ORIENTED_EDGE('',*,*,#4214,.F.);
#4595=ORIENTED_EDGE('',*,*,#4520,.F.);
#4596=EDGE_LOOP('',(#4579,#4587,#4593,#4594,#4595));
#4597=FACE_OUTER_BOUND('',#4596,.T.);
#4598=ADVANCED_FACE('',(#4597),#4571,.T.);
#4599=CARTESIAN_POINT('',(-0.75,-2.1,0.0));
#4600=DIRECTION('',(1.0,0.0,0.0));
#4601=DIRECTION('',(0.0,1.0,0.0));
#4602=AXIS2_PLACEMENT_3D('',#4599,#4600,#4601);
#4603=PLANE('',#4602);
#4604=CARTESIAN_POINT('',(-0.75,-1.9,0.4));
#4605=VERTEX_POINT('',#4604);
#4606=CARTESIAN_POINT('',(-0.75,-1.9,0.0));
#4607=DIRECTION('',(0.0,0.0,1.0));
#4608=VECTOR('',#4607,0.4);
#4609=LINE('',#4606,#4608);
#4610=EDGE_CURVE('',#4483,#4605,#4609,.T.);
#4611=ORIENTED_EDGE('',*,*,#4610,.F.);
#4612=ORIENTED_EDGE('',*,*,#4488,.F.);
#4613=ORIENTED_EDGE('',*,*,#4554,.F.);
#4614=CARTESIAN_POINT('',(-0.75,-1.524512810051965,0.4));
#4615=VERTEX_POINT('',#4614);
#4616=CARTESIAN_POINT('',(-0.75,-1.250000000000001,0.4));
#4617=DIRECTION('',(0.0,-1.0,0.0));
#4618=VECTOR('',#4617,0.274512810051964);
#4619=LINE('',#4616,#4618);
#4620=EDGE_CURVE('',#4549,#4615,#4619,.T.);
#4621=ORIENTED_EDGE('',*,*,#4620,.T.);
#4622=CARTESIAN_POINT('',(-0.75,-1.524512810051965,0.4));
#4623=DIRECTION('',(0.0,-1.0,0.0));
#4624=VECTOR('',#4623,0.375487189948035);
#4625=LINE('',#4622,#4624);
#4626=EDGE_CURVE('',#4615,#4605,#4625,.T.);
#4627=ORIENTED_EDGE('',*,*,#4626,.T.);
#4628=EDGE_LOOP('',(#4611,#4612,#4613,#4621,#4627));
#4629=FACE_OUTER_BOUND('',#4628,.T.);
#4630=ADVANCED_FACE('',(#4629),#4603,.T.);
#4631=CARTESIAN_POINT('',(2.775558E-015,-2.077958E-016,0.4));
#4632=DIRECTION('',(0.0,0.0,1.0));
#4633=DIRECTION('',(1.0,0.0,0.0));
#4634=AXIS2_PLACEMENT_3D('',#4631,#4632,#4633);
#4635=PLANE('',#4634);
#4636=CARTESIAN_POINT('',(0.550487189948036,-1.325,0.4));
#4637=VERTEX_POINT('',#4636);
#4638=CARTESIAN_POINT('',(-0.550487189948035,-1.325,0.4));
#4639=VERTEX_POINT('',#4638);
#4640=CARTESIAN_POINT('',(0.550487189948035,-1.325,0.4));
#4641=DIRECTION('',(-1.0,0.0,0.0));
#4642=VECTOR('',#4641,1.100974379896071);
#4643=LINE('',#4640,#4642);
#4644=EDGE_CURVE('',#4637,#4639,#4643,.T.);
#4645=ORIENTED_EDGE('',*,*,#4644,.T.);
#4646=CARTESIAN_POINT('',(-0.549511620383766,-1.525488379616235,0.4));
#4647=DIRECTION('',(0.0,0.0,-1.0));
#4648=DIRECTION('',(-0.707106781186546,0.707106781186549,0.0));
#4649=AXIS2_PLACEMENT_3D('',#4646,#4647,#4648);
#4650=ELLIPSE('',#4649,0.200975572451695,0.2);
#4651=EDGE_CURVE('',#4615,#4639,#4650,.T.);
#4652=ORIENTED_EDGE('',*,*,#4651,.F.);
#4653=ORIENTED_EDGE('',*,*,#4620,.F.);
#4654=ORIENTED_EDGE('',*,*,#4562,.T.);
#4655=ORIENTED_EDGE('',*,*,#3219,.F.);
#4656=ORIENTED_EDGE('',*,*,#4189,.T.);
#4657=ORIENTED_EDGE('',*,*,#4468,.T.);
#4658=CARTESIAN_POINT('',(-0.550487189948035,1.325,0.4));
#4659=VERTEX_POINT('',#4658);
#4660=CARTESIAN_POINT('',(-0.549511620383765,1.525488379616234,0.4));
#4661=DIRECTION('',(0.0,0.0,-1.0));
#4662=DIRECTION('',(-0.707106781186547,-0.707106781186547,0.0));
#4663=AXIS2_PLACEMENT_3D('',#4660,#4661,#4662);
#4664=ELLIPSE('',#4663,0.200975572451695,0.2);
#4665=EDGE_CURVE('',#4457,#4659,#4664,.F.);
#4666=ORIENTED_EDGE('',*,*,#4665,.T.);
#4667=CARTESIAN_POINT('',(0.550487189948036,1.325,0.4));
#4668=VERTEX_POINT('',#4667);
#4669=CARTESIAN_POINT('',(-0.550487189948035,1.325,0.4));
#4670=DIRECTION('',(1.0,0.0,0.0));
#4671=VECTOR('',#4670,1.100974379896071);
#4672=LINE('',#4669,#4671);
#4673=EDGE_CURVE('',#4659,#4668,#4672,.T.);
#4674=ORIENTED_EDGE('',*,*,#4673,.T.);
#4675=CARTESIAN_POINT('',(0.549511620383766,1.525488379616235,0.4));
#4676=DIRECTION('',(0.0,0.0,-1.0));
#4677=DIRECTION('',(0.707106781186547,-0.707106781186548,0.0));
#4678=AXIS2_PLACEMENT_3D('',#4675,#4676,#4677);
#4679=ELLIPSE('',#4678,0.200975572451695,0.2);
#4680=EDGE_CURVE('',#4427,#4668,#4679,.T.);
#4681=ORIENTED_EDGE('',*,*,#4680,.F.);
#4682=ORIENTED_EDGE('',*,*,#4432,.T.);
#4683=ORIENTED_EDGE('',*,*,#4406,.T.);
#4684=ORIENTED_EDGE('',*,*,#3150,.F.);
#4685=ORIENTED_EDGE('',*,*,#4220,.T.);
#4686=ORIENTED_EDGE('',*,*,#4592,.F.);
#4687=CARTESIAN_POINT('',(0.549511620383766,-1.525488379616235,0.4));
#4688=DIRECTION('',(0.0,0.0,-1.0));
#4689=DIRECTION('',(0.707106781186547,0.707106781186548,0.0));
#4690=AXIS2_PLACEMENT_3D('',#4687,#4688,#4689);
#4691=ELLIPSE('',#4690,0.200975572451695,0.2);
#4692=EDGE_CURVE('',#4581,#4637,#4691,.F.);
#4693=ORIENTED_EDGE('',*,*,#4692,.T.);
#4694=EDGE_LOOP('',(#4645,#4652,#4653,#4654,#4655,#4656,#4657,#4666,#4674,#4681,#4682,#4683,#4684,#4685,#4686,#4693));
#4695=FACE_OUTER_BOUND('',#4694,.T.);
#4696=CARTESIAN_POINT('',(0.75,-0.450487189948035,0.4));
#4697=VERTEX_POINT('',#4696);
#4698=CARTESIAN_POINT('',(0.75,0.450487189948035,0.4));
#4699=VERTEX_POINT('',#4698);
#4700=CARTESIAN_POINT('',(0.75,-0.450487189948035,0.4));
#4701=DIRECTION('',(0.0,1.0,0.0));
#4702=VECTOR('',#4701,0.90097437989607);
#4703=LINE('',#4700,#4702);
#4704=EDGE_CURVE('',#4697,#4699,#4703,.T.);
#4705=ORIENTED_EDGE('',*,*,#4704,.T.);
#4706=CARTESIAN_POINT('',(0.549511620383766,0.449511620383765,0.4));
#4707=DIRECTION('',(0.0,0.0,-1.0));
#4708=DIRECTION('',(0.707106781186547,0.707106781186547,0.0));
#4709=AXIS2_PLACEMENT_3D('',#4706,#4707,#4708);
#4710=ELLIPSE('',#4709,0.200975572451695,0.2);
#4711=EDGE_CURVE('',#4240,#4699,#4710,.T.);
#4712=ORIENTED_EDGE('',*,*,#4711,.F.);
#4713=ORIENTED_EDGE('',*,*,#4267,.T.);
#4714=CARTESIAN_POINT('',(-0.75,0.450487189948035,0.4));
#4715=VERTEX_POINT('',#4714);
#4716=CARTESIAN_POINT('',(-0.549511620383766,0.449511620383765,0.4));
#4717=DIRECTION('',(0.0,0.0,-1.0));
#4718=DIRECTION('',(-0.707106781186547,0.707106781186547,0.0));
#4719=AXIS2_PLACEMENT_3D('',#4716,#4717,#4718);
#4720=ELLIPSE('',#4719,0.200975572451695,0.2);
#4721=EDGE_CURVE('',#4715,#4256,#4720,.T.);
#4722=ORIENTED_EDGE('',*,*,#4721,.F.);
#4723=CARTESIAN_POINT('',(-0.75,-0.450487189948035,0.4));
#4724=VERTEX_POINT('',#4723);
#4725=CARTESIAN_POINT('',(-0.75,0.450487189948035,0.4));
#4726=DIRECTION('',(0.0,-1.0,0.0));
#4727=VECTOR('',#4726,0.90097437989607);
#4728=LINE('',#4725,#4727);
#4729=EDGE_CURVE('',#4715,#4724,#4728,.T.);
#4730=ORIENTED_EDGE('',*,*,#4729,.T.);
#4731=CARTESIAN_POINT('',(-0.550487189948035,-0.65,0.4));
#4732=VERTEX_POINT('',#4731);
#4733=CARTESIAN_POINT('',(-0.549511620383766,-0.449511620383765,0.4));
#4734=DIRECTION('',(0.0,0.0,-1.0));
#4735=DIRECTION('',(-0.707106781186548,-0.707106781186547,0.0));
#4736=AXIS2_PLACEMENT_3D('',#4733,#4734,#4735);
#4737=ELLIPSE('',#4736,0.200975572451695,0.2);
#4738=EDGE_CURVE('',#4732,#4724,#4737,.T.);
#4739=ORIENTED_EDGE('',*,*,#4738,.F.);
#4740=CARTESIAN_POINT('',(0.550487189948035,-0.65,0.4));
#4741=VERTEX_POINT('',#4740);
#4742=CARTESIAN_POINT('',(-0.550487189948035,-0.65,0.4));
#4743=DIRECTION('',(1.0,0.0,0.0));
#4744=VECTOR('',#4743,1.10097437989607);
#4745=LINE('',#4742,#4744);
#4746=EDGE_CURVE('',#4732,#4741,#4745,.T.);
#4747=ORIENTED_EDGE('',*,*,#4746,.T.);
#4748=CARTESIAN_POINT('',(0.549511620383766,-0.449511620383765,0.4));
#4749=DIRECTION('',(0.0,0.0,-1.0));
#4750=DIRECTION('',(0.707106781186546,-0.707106781186549,0.0));
#4751=AXIS2_PLACEMENT_3D('',#4748,#4749,#4750);
#4752=ELLIPSE('',#4751,0.200975572451695,0.2);
#4753=EDGE_CURVE('',#4697,#4741,#4752,.T.);
#4754=ORIENTED_EDGE('',*,*,#4753,.F.);
#4755=EDGE_LOOP('',(#4705,#4712,#4713,#4722,#4730,#4739,#4747,#4754));
#4756=FACE_BOUND('',#4755,.T.);
#4757=ADVANCED_FACE('',(#4695,#4756),#4635,.F.);
#4758=CARTESIAN_POINT('',(1.744255E-016,1.7125,0.9));
#4759=DIRECTION('',(0.0,0.0,1.0));
#4760=DIRECTION('',(1.0,0.0,0.0));
#4761=AXIS2_PLACEMENT_3D('',#4758,#4759,#4760);
#4762=PLANE('',#4761);
#4763=CARTESIAN_POINT('',(-0.528533576800712,1.546466423199288,0.9));
#4764=VERTEX_POINT('',#4763);
#4765=CARTESIAN_POINT('',(0.528533576800713,1.546466423199288,0.9));
#4766=VERTEX_POINT('',#4765);
#4767=CARTESIAN_POINT('',(-0.528533576800712,1.546466423199288,0.9));
#4768=DIRECTION('',(1.0,0.0,0.0));
#4769=VECTOR('',#4768,1.057067153601425);
#4770=LINE('',#4767,#4769);
#4771=EDGE_CURVE('',#4764,#4766,#4770,.T.);
#4772=ORIENTED_EDGE('',*,*,#4771,.F.);
#4773=CARTESIAN_POINT('',(-0.528533576800713,1.878533576800713,0.9));
#4774=VERTEX_POINT('',#4773);
#4775=CARTESIAN_POINT('',(-0.528533576800713,1.878533576800713,0.9));
#4776=DIRECTION('',(0.0,-1.0,0.0));
#4777=VECTOR('',#4776,0.332067153601425);
#4778=LINE('',#4775,#4777);
#4779=EDGE_CURVE('',#4774,#4764,#4778,.T.);
#4780=ORIENTED_EDGE('',*,*,#4779,.F.);
#4781=CARTESIAN_POINT('',(0.528533576800713,1.878533576800713,0.9));
#4782=VERTEX_POINT('',#4781);
#4783=CARTESIAN_POINT('',(0.528533576800713,1.878533576800713,0.9));
#4784=DIRECTION('',(-1.0,0.0,0.0));
#4785=VECTOR('',#4784,1.057067153601426);
#4786=LINE('',#4783,#4785);
#4787=EDGE_CURVE('',#4782,#4774,#4786,.T.);
#4788=ORIENTED_EDGE('',*,*,#4787,.F.);
#4789=CARTESIAN_POINT('',(0.528533576800713,1.546466423199288,0.9));
#4790=DIRECTION('',(0.0,1.0,0.0));
#4791=VECTOR('',#4790,0.332067153601425);
#4792=LINE('',#4789,#4791);
#4793=EDGE_CURVE('',#4766,#4782,#4792,.T.);
#4794=ORIENTED_EDGE('',*,*,#4793,.F.);
#4795=EDGE_LOOP('',(#4772,#4780,#4788,#4794));
#4796=FACE_OUTER_BOUND('',#4795,.T.);
#4797=ADVANCED_FACE('',(#4796),#4762,.F.);
#4798=CARTESIAN_POINT('',(0.75,1.325,0.4));
#4799=DIRECTION('',(0.0,-0.997564050259824,0.069756473744125));
#4800=DIRECTION('',(1.0,0.0,0.0));
#4801=AXIS2_PLACEMENT_3D('',#4798,#4799,#4800);
#4802=PLANE('',#4801);
#4803=CARTESIAN_POINT('',(-0.528533576800712,1.346953613147323,0.713951294748825));
#4804=VERTEX_POINT('',#4803);
#4805=CARTESIAN_POINT('',(-0.528533576800712,1.346953613147323,0.713951294748825));
#4806=DIRECTION('',(-0.069587374316664,-0.069587374316664,-0.995145815783509));
#4807=VECTOR('',#4806,0.31548270592048);
#4808=LINE('',#4805,#4807);
#4809=EDGE_CURVE('',#4804,#4659,#4808,.T.);
#4810=ORIENTED_EDGE('',*,*,#4809,.F.);
#4811=CARTESIAN_POINT('',(0.528533576800713,1.346953613147323,0.713951294748825));
#4812=VERTEX_POINT('',#4811);
#4813=CARTESIAN_POINT('',(0.528533576800713,1.346953613147323,0.713951294748825));
#4814=DIRECTION('',(-1.0,0.0,0.0));
#4815=VECTOR('',#4814,1.057067153601425);
#4816=LINE('',#4813,#4815);
#4817=EDGE_CURVE('',#4812,#4804,#4816,.T.);
#4818=ORIENTED_EDGE('',*,*,#4817,.F.);
#4819=CARTESIAN_POINT('',(0.550487189948036,1.325,0.4));
#4820=DIRECTION('',(-0.069587374316664,0.069587374316664,0.995145815783509));
#4821=VECTOR('',#4820,0.31548270592048);
#4822=LINE('',#4819,#4821);
#4823=EDGE_CURVE('',#4668,#4812,#4822,.T.);
#4824=ORIENTED_EDGE('',*,*,#4823,.F.);
#4825=ORIENTED_EDGE('',*,*,#4673,.F.);
#4826=EDGE_LOOP('',(#4810,#4818,#4824,#4825));
#4827=FACE_OUTER_BOUND('',#4826,.T.);
#4828=ADVANCED_FACE('',(#4827),#4802,.F.);
#4829=CARTESIAN_POINT('',(1.744255E-016,-1.7125,0.9));
#4830=DIRECTION('',(0.0,0.0,-1.0));
#4831=DIRECTION('',(1.0,0.0,0.0));
#4832=AXIS2_PLACEMENT_3D('',#4829,#4830,#4831);
#4833=PLANE('',#4832);
#4834=CARTESIAN_POINT('',(0.528533576800713,-1.878533576800713,0.9));
#4835=VERTEX_POINT('',#4834);
#4836=CARTESIAN_POINT('',(0.528533576800713,-1.546466423199288,0.9));
#4837=VERTEX_POINT('',#4836);
#4838=CARTESIAN_POINT('',(0.528533576800713,-1.878533576800713,0.9));
#4839=DIRECTION('',(0.0,1.0,0.0));
#4840=VECTOR('',#4839,0.332067153601425);
#4841=LINE('',#4838,#4840);
#4842=EDGE_CURVE('',#4835,#4837,#4841,.T.);
#4843=ORIENTED_EDGE('',*,*,#4842,.F.);
#4844=CARTESIAN_POINT('',(-0.528533576800713,-1.878533576800713,0.9));
#4845=VERTEX_POINT('',#4844);
#4846=CARTESIAN_POINT('',(-0.528533576800713,-1.878533576800713,0.9));
#4847=DIRECTION('',(1.0,0.0,0.0));
#4848=VECTOR('',#4847,1.057067153601426);
#4849=LINE('',#4846,#4848);
#4850=EDGE_CURVE('',#4845,#4835,#4849,.T.);
#4851=ORIENTED_EDGE('',*,*,#4850,.F.);
#4852=CARTESIAN_POINT('',(-0.528533576800713,-1.546466423199288,0.9));
#4853=VERTEX_POINT('',#4852);
#4854=CARTESIAN_POINT('',(-0.528533576800713,-1.546466423199288,0.9));
#4855=DIRECTION('',(0.0,-1.0,0.0));
#4856=VECTOR('',#4855,0.332067153601425);
#4857=LINE('',#4854,#4856);
#4858=EDGE_CURVE('',#4853,#4845,#4857,.T.);
#4859=ORIENTED_EDGE('',*,*,#4858,.F.);
#4860=CARTESIAN_POINT('',(0.528533576800713,-1.546466423199288,0.9));
#4861=DIRECTION('',(-1.0,0.0,0.0));
#4862=VECTOR('',#4861,1.057067153601426);
#4863=LINE('',#4860,#4862);
#4864=EDGE_CURVE('',#4837,#4853,#4863,.T.);
#4865=ORIENTED_EDGE('',*,*,#4864,.F.);
#4866=EDGE_LOOP('',(#4843,#4851,#4859,#4865));
#4867=FACE_OUTER_BOUND('',#4866,.T.);
#4868=ADVANCED_FACE('',(#4867),#4833,.T.);
#4869=CARTESIAN_POINT('',(0.750000000000001,-2.1,0.4));
#4870=DIRECTION('',(-0.997564050259824,-1.786320E-016,-0.069756473744125));
#4871=DIRECTION('',(0.0,-1.0,0.0));
#4872=AXIS2_PLACEMENT_3D('',#4869,#4870,#4871);
#4873=PLANE('',#4872);
#4874=CARTESIAN_POINT('',(0.728046386852678,-1.546466423199288,0.713951294748825));
#4875=VERTEX_POINT('',#4874);
#4876=CARTESIAN_POINT('',(0.75,-1.524512810051965,0.4));
#4877=DIRECTION('',(-0.069587374316664,-0.069587374316664,0.995145815783509));
#4878=VECTOR('',#4877,0.31548270592048);
#4879=LINE('',#4876,#4878);
#4880=EDGE_CURVE('',#4581,#4875,#4879,.T.);
#4881=ORIENTED_EDGE('',*,*,#4880,.F.);
#4882=ORIENTED_EDGE('',*,*,#4586,.F.);
#4883=CARTESIAN_POINT('',(0.749999408055083,-1.900486598003117,0.400008465206709));
#4884=VERTEX_POINT('',#4883);
#4885=CARTESIAN_POINT('',(0.750000000000001,-1.900486598003117,0.4));
#4886=DIRECTION('',(0.0,1.0,0.0));
#4887=VECTOR('',#4886,0.000486598003117);
#4888=LINE('',#4885,#4887);
#4889=EDGE_CURVE('',#4884,#4573,#4888,.T.);
#4890=ORIENTED_EDGE('',*,*,#4889,.F.);
#4891=CARTESIAN_POINT('',(0.728046386852678,-1.878533576800713,0.713951294748825));
#4892=VERTEX_POINT('',#4891);
#4893=CARTESIAN_POINT('',(0.728046386852678,-1.878533576800713,0.713951294748825));
#4894=DIRECTION('',(0.069587374316665,-0.069587374316665,-0.995145815783509));
#4895=VECTOR('',#4894,0.315474199421659);
#4896=LINE('',#4893,#4895);
#4897=EDGE_CURVE('',#4892,#4884,#4896,.T.);
#4898=ORIENTED_EDGE('',*,*,#4897,.F.);
#4899=CARTESIAN_POINT('',(0.728046386852678,-1.546466423199288,0.713951294748825));
#4900=DIRECTION('',(0.0,-1.0,0.0));
#4901=VECTOR('',#4900,0.332067153601425);
#4902=LINE('',#4899,#4901);
#4903=EDGE_CURVE('',#4875,#4892,#4902,.T.);
#4904=ORIENTED_EDGE('',*,*,#4903,.F.);
#4905=EDGE_LOOP('',(#4881,#4882,#4890,#4898,#4904));
#4906=FACE_OUTER_BOUND('',#4905,.T.);
#4907=ADVANCED_FACE('',(#4906),#4873,.T.);
#4908=CARTESIAN_POINT('',(-0.528533576800713,-1.878533576800713,0.7));
#4909=DIRECTION('',(0.362330205202182,-0.83511280938975,-0.413888170876269));
#4910=DIRECTION('',(-0.550078717633357,-0.550078717633358,0.62835245588259));
#4911=AXIS2_PLACEMENT_3D('',#4908,#4909,#4910);
#4912=SPHERICAL_SURFACE('',#4911,0.2);
#4913=CARTESIAN_POINT('',(-0.728046386852677,-1.878533576800713,0.713951294748825));
#4914=VERTEX_POINT('',#4913);
#4915=CARTESIAN_POINT('',(-0.528533576800713,-2.078046386852678,0.713951294748825));
#4916=VERTEX_POINT('',#4915);
#4917=CARTESIAN_POINT('',(-0.528533576800713,-1.878533576800713,0.7));
#4918=DIRECTION('',(0.069587374316665,0.069587374316664,0.995145815783508));
#4919=DIRECTION('',(-0.997564050259824,0.0,0.069756473744125));
#4920=AXIS2_PLACEMENT_3D('',#4917,#4918,#4919);
#4921=CIRCLE('',#4920,0.2);
#4922=EDGE_CURVE('',#4914,#4916,#4921,.T.);
#4923=ORIENTED_EDGE('',*,*,#4922,.F.);
#4924=CARTESIAN_POINT('',(-0.528533576800713,-1.878533576800713,0.7));
#4925=DIRECTION('',(0.0,1.0,0.0));
#4926=DIRECTION('',(-0.681998360062498,0.0,0.731353701619171));
#4927=AXIS2_PLACEMENT_3D('',#4924,#4925,#4926);
#4928=CIRCLE('',#4927,0.2);
#4929=EDGE_CURVE('',#4914,#4845,#4928,.T.);
#4930=ORIENTED_EDGE('',*,*,#4929,.T.);
#4931=CARTESIAN_POINT('',(-0.528533576800713,-1.878533576800713,0.7));
#4932=DIRECTION('',(1.0,0.0,0.0));
#4933=DIRECTION('',(0.0,-0.681998360062498,0.731353701619171));
#4934=AXIS2_PLACEMENT_3D('',#4931,#4932,#4933);
#4935=CIRCLE('',#4934,0.2);
#4936=EDGE_CURVE('',#4845,#4916,#4935,.T.);
#4937=ORIENTED_EDGE('',*,*,#4936,.T.);
#4938=EDGE_LOOP('',(#4923,#4930,#4937));
#4939=FACE_OUTER_BOUND('',#4938,.T.);
#4940=ADVANCED_FACE('',(#4939),#4912,.F.);
#4941=CARTESIAN_POINT('',(-0.549576880278579,-1.899576880278579,0.399066740024327));
#4942=DIRECTION('',(0.069587374316665,0.069587374316665,0.995145815783509));
#4943=DIRECTION('',(-0.703674354609938,-0.703674354609938,0.09841140852856));
#4944=AXIS2_PLACEMENT_3D('',#4941,#4942,#4943);
#4945=CYLINDRICAL_SURFACE('',#4944,0.2);
#4946=CARTESIAN_POINT('',(-0.75,-1.900487189948035,0.4));
#4947=VERTEX_POINT('',#4946);
#4948=CARTESIAN_POINT('',(-0.75,-1.900487189948035,0.4));
#4949=DIRECTION('',(0.069587374316664,0.069587374316664,0.995145815783509));
#4950=VECTOR('',#4949,0.31548270592048);
#4951=LINE('',#4948,#4950);
#4952=EDGE_CURVE('',#4947,#4914,#4951,.T.);
#4953=ORIENTED_EDGE('',*,*,#4952,.T.);
#4954=ORIENTED_EDGE('',*,*,#4922,.T.);
#4955=CARTESIAN_POINT('',(-0.550486598003117,-2.099999408055083,0.400008465206712));
#4956=VERTEX_POINT('',#4955);
#4957=CARTESIAN_POINT('',(-0.528533576800712,-2.078046386852678,0.713951294748825));
#4958=DIRECTION('',(-0.069587374316665,-0.069587374316665,-0.995145815783508));
#4959=VECTOR('',#4958,0.315474199421656);
#4960=LINE('',#4957,#4959);
#4961=EDGE_CURVE('',#4916,#4956,#4960,.T.);
#4962=ORIENTED_EDGE('',*,*,#4961,.T.);
#4963=CARTESIAN_POINT('',(-0.55,-1.9,0.393015846101652));
#4964=DIRECTION('',(0.034835987916569,0.034835987916571,0.998785716703915));
#4965=DIRECTION('',(0.70624815323358,0.706248153233629,-0.049265526570278));
#4966=AXIS2_PLACEMENT_3D('',#4963,#4964,#4965);
#4967=ELLIPSE('',#4966,0.200243151914525,0.2);
#4968=EDGE_CURVE('',#4947,#4956,#4967,.T.);
#4969=ORIENTED_EDGE('',*,*,#4968,.F.);
#4970=EDGE_LOOP('',(#4953,#4954,#4962,#4969));
#4971=FACE_OUTER_BOUND('',#4970,.T.);
#4972=ADVANCED_FACE('',(#4971),#4945,.F.);
#4973=CARTESIAN_POINT('',(-0.55,-1.9,0.0));
#4974=DIRECTION('',(0.0,0.0,1.0));
#4975=DIRECTION('',(-0.707106781186547,-0.707106781186548,0.0));
#4976=AXIS2_PLACEMENT_3D('',#4973,#4974,#4975);
#4977=CYLINDRICAL_SURFACE('',#4976,0.2);
#4978=ORIENTED_EDGE('',*,*,#4497,.T.);
#4979=ORIENTED_EDGE('',*,*,#4610,.T.);
#4980=CARTESIAN_POINT('',(-0.75,-1.9,0.4));
#4981=DIRECTION('',(0.0,-1.0,0.0));
#4982=VECTOR('',#4981,0.000487189948035);
#4983=LINE('',#4980,#4982);
#4984=EDGE_CURVE('',#4605,#4947,#4983,.T.);
#4985=ORIENTED_EDGE('',*,*,#4984,.T.);
#4986=ORIENTED_EDGE('',*,*,#4968,.T.);
#4987=CARTESIAN_POINT('',(-0.55,-2.1,0.4));
#4988=VERTEX_POINT('',#4987);
#4989=CARTESIAN_POINT('',(-0.550486598003117,-2.1,0.4));
#4990=DIRECTION('',(1.0,0.0,0.0));
#4991=VECTOR('',#4990,0.000486598003117);
#4992=LINE('',#4989,#4991);
#4993=EDGE_CURVE('',#4956,#4988,#4992,.T.);
#4994=ORIENTED_EDGE('',*,*,#4993,.T.);
#4995=CARTESIAN_POINT('',(-0.55,-2.1,0.4));
#4996=DIRECTION('',(0.0,0.0,-1.0));
#4997=VECTOR('',#4996,0.4);
#4998=LINE('',#4995,#4997);
#4999=EDGE_CURVE('',#4988,#4491,#4998,.T.);
#5000=ORIENTED_EDGE('',*,*,#4999,.T.);
#5001=EDGE_LOOP('',(#4978,#4979,#4985,#4986,#4994,#5000));
#5002=FACE_OUTER_BOUND('',#5001,.T.);
#5003=ADVANCED_FACE('',(#5002),#4977,.F.);
#5004=CARTESIAN_POINT('',(0.750000000000001,-2.1,0.0));
#5005=DIRECTION('',(0.0,1.0,0.0));
#5006=DIRECTION('',(-1.0,0.0,0.0));
#5007=AXIS2_PLACEMENT_3D('',#5004,#5005,#5006);
#5008=PLANE('',#5007);
#5009=CARTESIAN_POINT('',(0.55,-2.1,0.4));
#5010=VERTEX_POINT('',#5009);
#5011=CARTESIAN_POINT('',(0.55,-2.1,0.0));
#5012=DIRECTION('',(0.0,0.0,1.0));
#5013=VECTOR('',#5012,0.4);
#5014=LINE('',#5011,#5013);
#5015=EDGE_CURVE('',#4500,#5010,#5014,.T.);
#5016=ORIENTED_EDGE('',*,*,#5015,.F.);
#5017=ORIENTED_EDGE('',*,*,#4505,.F.);
#5018=ORIENTED_EDGE('',*,*,#4999,.F.);
#5019=CARTESIAN_POINT('',(-0.55,-2.1,0.4));
#5020=DIRECTION('',(1.0,0.0,0.0));
#5021=VECTOR('',#5020,1.100000000000001);
#5022=LINE('',#5019,#5021);
#5023=EDGE_CURVE('',#4988,#5010,#5022,.T.);
#5024=ORIENTED_EDGE('',*,*,#5023,.T.);
#5025=EDGE_LOOP('',(#5016,#5017,#5018,#5024));
#5026=FACE_OUTER_BOUND('',#5025,.T.);
#5027=ADVANCED_FACE('',(#5026),#5008,.T.);
#5028=CARTESIAN_POINT('',(-0.75,-2.1,0.4));
#5029=DIRECTION('',(0.0,0.997564050259824,-0.069756473744125));
#5030=DIRECTION('',(-1.0,0.0,0.0));
#5031=AXIS2_PLACEMENT_3D('',#5028,#5029,#5030);
#5032=PLANE('',#5031);
#5033=CARTESIAN_POINT('',(0.550487189948036,-2.1,0.4));
#5034=VERTEX_POINT('',#5033);
#5035=CARTESIAN_POINT('',(0.528533576800713,-2.078046386852678,0.713951294748825));
#5036=VERTEX_POINT('',#5035);
#5037=CARTESIAN_POINT('',(0.550487189948036,-2.100000000000001,0.4));
#5038=DIRECTION('',(-0.069587374316664,0.069587374316664,0.995145815783509));
#5039=VECTOR('',#5038,0.31548270592048);
#5040=LINE('',#5037,#5039);
#5041=EDGE_CURVE('',#5034,#5036,#5040,.T.);
#5042=ORIENTED_EDGE('',*,*,#5041,.F.);
#5043=CARTESIAN_POINT('',(0.55,-2.1,0.4));
#5044=DIRECTION('',(1.0,0.0,0.0));
#5045=VECTOR('',#5044,0.000487189948035);
#5046=LINE('',#5043,#5045);
#5047=EDGE_CURVE('',#5010,#5034,#5046,.T.);
#5048=ORIENTED_EDGE('',*,*,#5047,.F.);
#5049=ORIENTED_EDGE('',*,*,#5023,.F.);
#5050=ORIENTED_EDGE('',*,*,#4993,.F.);
#5051=ORIENTED_EDGE('',*,*,#4961,.F.);
#5052=CARTESIAN_POINT('',(0.528533576800713,-2.078046386852678,0.713951294748825));
#5053=DIRECTION('',(-1.0,0.0,0.0));
#5054=VECTOR('',#5053,1.057067153601426);
#5055=LINE('',#5052,#5054);
#5056=EDGE_CURVE('',#5036,#4916,#5055,.T.);
#5057=ORIENTED_EDGE('',*,*,#5056,.F.);
#5058=EDGE_LOOP('',(#5042,#5048,#5049,#5050,#5051,#5057));
#5059=FACE_OUTER_BOUND('',#5058,.T.);
#5060=ADVANCED_FACE('',(#5059),#5032,.T.);
#5061=CARTESIAN_POINT('',(-0.375,-1.878533576800713,0.7));
#5062=DIRECTION('',(1.0,0.0,0.0));
#5063=DIRECTION('',(0.0,-0.681998360062498,0.73135370161917));
#5064=AXIS2_PLACEMENT_3D('',#5061,#5062,#5063);
#5065=CYLINDRICAL_SURFACE('',#5064,0.2);
#5066=CARTESIAN_POINT('',(0.528533576800713,-1.878533576800713,0.7));
#5067=DIRECTION('',(-1.0,0.0,0.0));
#5068=DIRECTION('',(0.0,-0.681998360062498,0.731353701619171));
#5069=AXIS2_PLACEMENT_3D('',#5066,#5067,#5068);
#5070=CIRCLE('',#5069,0.2);
#5071=EDGE_CURVE('',#5036,#4835,#5070,.T.);
#5072=ORIENTED_EDGE('',*,*,#5071,.F.);
#5073=ORIENTED_EDGE('',*,*,#5056,.T.);
#5074=ORIENTED_EDGE('',*,*,#4936,.F.);
#5075=ORIENTED_EDGE('',*,*,#4850,.T.);
#5076=EDGE_LOOP('',(#5072,#5073,#5074,#5075));
#5077=FACE_OUTER_BOUND('',#5076,.T.);
#5078=ADVANCED_FACE('',(#5077),#5065,.F.);
#5079=CARTESIAN_POINT('',(0.528533576800713,-1.878533576800713,0.7));
#5080=DIRECTION('',(-0.362330205202182,-0.83511280938975,-0.413888170876269));
#5081=DIRECTION('',(0.550078717633358,-0.550078717633357,0.62835245588259));
#5082=AXIS2_PLACEMENT_3D('',#5079,#5080,#5081);
#5083=SPHERICAL_SURFACE('',#5082,0.2);
#5084=CARTESIAN_POINT('',(0.528533576800713,-1.878533576800713,0.7));
#5085=DIRECTION('',(-0.069587374316665,0.069587374316665,0.995145815783509));
#5086=DIRECTION('',(6.938894E-016,-0.997564050259824,0.069756473744126));
#5087=AXIS2_PLACEMENT_3D('',#5084,#5085,#5086);
#5088=CIRCLE('',#5087,0.2);
#5089=EDGE_CURVE('',#5036,#4892,#5088,.T.);
#5090=ORIENTED_EDGE('',*,*,#5089,.F.);
#5091=ORIENTED_EDGE('',*,*,#5071,.T.);
#5092=CARTESIAN_POINT('',(0.528533576800713,-1.878533576800713,0.7));
#5093=DIRECTION('',(0.0,1.0,0.0));
#5094=DIRECTION('',(0.681998360062499,0.0,0.73135370161917));
#5095=AXIS2_PLACEMENT_3D('',#5092,#5093,#5094);
#5096=CIRCLE('',#5095,0.2);
#5097=EDGE_CURVE('',#4835,#4892,#5096,.T.);
#5098=ORIENTED_EDGE('',*,*,#5097,.T.);
#5099=EDGE_LOOP('',(#5090,#5091,#5098));
#5100=FACE_OUTER_BOUND('',#5099,.T.);
#5101=ADVANCED_FACE('',(#5100),#5083,.F.);
#5102=CARTESIAN_POINT('',(0.55,-1.9,0.0));
#5103=DIRECTION('',(0.0,0.0,1.0));
#5104=DIRECTION('',(0.707106781186548,-0.707106781186548,0.0));
#5105=AXIS2_PLACEMENT_3D('',#5102,#5103,#5104);
#5106=CYLINDRICAL_SURFACE('',#5105,0.2);
#5107=ORIENTED_EDGE('',*,*,#4514,.T.);
#5108=ORIENTED_EDGE('',*,*,#5015,.T.);
#5109=ORIENTED_EDGE('',*,*,#5047,.T.);
#5110=CARTESIAN_POINT('',(0.550000000000001,-1.9,0.39301584610165));
#5111=DIRECTION('',(0.034835987916568,-0.034835987916591,-0.998785716703914));
#5112=DIRECTION('',(0.706248153233833,-0.706248153233375,0.049265526570292));
#5113=AXIS2_PLACEMENT_3D('',#5110,#5111,#5112);
#5114=ELLIPSE('',#5113,0.200243151914525,0.2);
#5115=EDGE_CURVE('',#4884,#5034,#5114,.T.);
#5116=ORIENTED_EDGE('',*,*,#5115,.F.);
#5117=ORIENTED_EDGE('',*,*,#4889,.T.);
#5118=ORIENTED_EDGE('',*,*,#4578,.T.);
#5119=EDGE_LOOP('',(#5107,#5108,#5109,#5116,#5117,#5118));
#5120=FACE_OUTER_BOUND('',#5119,.T.);
#5121=ADVANCED_FACE('',(#5120),#5106,.F.);
#5122=CARTESIAN_POINT('',(0.547821509312775,-1.897821509312775,0.424169714363016));
#5123=DIRECTION('',(-0.069587374316665,0.069587374316665,0.995145815783509));
#5124=DIRECTION('',(0.703674354609936,-0.703674354609939,0.09841140852856));
#5125=AXIS2_PLACEMENT_3D('',#5122,#5123,#5124);
#5126=CYLINDRICAL_SURFACE('',#5125,0.2);
#5127=ORIENTED_EDGE('',*,*,#5041,.T.);
#5128=ORIENTED_EDGE('',*,*,#5089,.T.);
#5129=ORIENTED_EDGE('',*,*,#4897,.T.);
#5130=ORIENTED_EDGE('',*,*,#5115,.T.);
#5131=EDGE_LOOP('',(#5127,#5128,#5129,#5130));
#5132=FACE_OUTER_BOUND('',#5131,.T.);
#5133=ADVANCED_FACE('',(#5132),#5126,.F.);
#5134=CARTESIAN_POINT('',(-0.528533576800713,-1.51875,0.7));
#5135=DIRECTION('',(0.0,-1.0,0.0));
#5136=DIRECTION('',(-0.681998360062498,0.0,0.73135370161917));
#5137=AXIS2_PLACEMENT_3D('',#5134,#5135,#5136);
#5138=CYLINDRICAL_SURFACE('',#5137,0.2);
#5139=CARTESIAN_POINT('',(-0.728046386852677,-1.546466423199288,0.713951294748825));
#5140=VERTEX_POINT('',#5139);
#5141=CARTESIAN_POINT('',(-0.528533576800713,-1.546466423199288,0.7));
#5142=DIRECTION('',(0.0,-1.0,0.0));
#5143=DIRECTION('',(-0.681998360062498,0.0,0.731353701619171));
#5144=AXIS2_PLACEMENT_3D('',#5141,#5142,#5143);
#5145=CIRCLE('',#5144,0.2);
#5146=EDGE_CURVE('',#4853,#5140,#5145,.T.);
#5147=ORIENTED_EDGE('',*,*,#5146,.F.);
#5148=ORIENTED_EDGE('',*,*,#4858,.T.);
#5149=ORIENTED_EDGE('',*,*,#4929,.F.);
#5150=CARTESIAN_POINT('',(-0.728046386852677,-1.878533576800713,0.713951294748825));
#5151=DIRECTION('',(0.0,1.0,0.0));
#5152=VECTOR('',#5151,0.332067153601425);
#5153=LINE('',#5150,#5152);
#5154=EDGE_CURVE('',#4914,#5140,#5153,.T.);
#5155=ORIENTED_EDGE('',*,*,#5154,.T.);
#5156=EDGE_LOOP('',(#5147,#5148,#5149,#5155));
#5157=FACE_OUTER_BOUND('',#5156,.T.);
#5158=ADVANCED_FACE('',(#5157),#5138,.F.);
#5159=CARTESIAN_POINT('',(-0.75,-1.325,0.4));
#5160=DIRECTION('',(0.997564050259824,0.0,-0.069756473744125));
#5161=DIRECTION('',(0.0,1.0,0.0));
#5162=AXIS2_PLACEMENT_3D('',#5159,#5160,#5161);
#5163=PLANE('',#5162);
#5164=CARTESIAN_POINT('',(-0.728046386852678,-1.546466423199288,0.713951294748825));
#5165=DIRECTION('',(-0.069587374316664,0.069587374316664,-0.995145815783509));
#5166=VECTOR('',#5165,0.31548270592048);
#5167=LINE('',#5164,#5166);
#5168=EDGE_CURVE('',#5140,#4615,#5167,.T.);
#5169=ORIENTED_EDGE('',*,*,#5168,.F.);
#5170=ORIENTED_EDGE('',*,*,#5154,.F.);
#5171=ORIENTED_EDGE('',*,*,#4952,.F.);
#5172=ORIENTED_EDGE('',*,*,#4984,.F.);
#5173=ORIENTED_EDGE('',*,*,#4626,.F.);
#5174=EDGE_LOOP('',(#5169,#5170,#5171,#5172,#5173));
#5175=FACE_OUTER_BOUND('',#5174,.T.);
#5176=ADVANCED_FACE('',(#5175),#5163,.T.);
#5177=CARTESIAN_POINT('',(-0.547821509312775,-1.527178490687226,0.424169714363016));
#5178=DIRECTION('',(0.069587374316665,-0.069587374316665,0.995145815783509));
#5179=DIRECTION('',(-0.703674354609937,0.703674354609939,0.09841140852856));
#5180=AXIS2_PLACEMENT_3D('',#5177,#5178,#5179);
#5181=CYLINDRICAL_SURFACE('',#5180,0.2);
#5182=ORIENTED_EDGE('',*,*,#4651,.T.);
#5183=CARTESIAN_POINT('',(-0.528533576800713,-1.346953613147323,0.713951294748825));
#5184=VERTEX_POINT('',#5183);
#5185=CARTESIAN_POINT('',(-0.550487189948035,-1.325,0.4));
#5186=DIRECTION('',(0.069587374316664,-0.069587374316664,0.995145815783509));
#5187=VECTOR('',#5186,0.31548270592048);
#5188=LINE('',#5185,#5187);
#5189=EDGE_CURVE('',#4639,#5184,#5188,.T.);
#5190=ORIENTED_EDGE('',*,*,#5189,.T.);
#5191=CARTESIAN_POINT('',(-0.528533576800713,-1.546466423199288,0.7));
#5192=DIRECTION('',(-0.069587374316665,0.069587374316664,-0.995145815783508));
#5193=DIRECTION('',(-0.997564050259824,0.0,0.069756473744125));
#5194=AXIS2_PLACEMENT_3D('',#5191,#5192,#5193);
#5195=CIRCLE('',#5194,0.2);
#5196=EDGE_CURVE('',#5140,#5184,#5195,.T.);
#5197=ORIENTED_EDGE('',*,*,#5196,.F.);
#5198=ORIENTED_EDGE('',*,*,#5168,.T.);
#5199=EDGE_LOOP('',(#5182,#5190,#5197,#5198));
#5200=FACE_OUTER_BOUND('',#5199,.T.);
#5201=ADVANCED_FACE('',(#5200),#5181,.F.);
#5202=CARTESIAN_POINT('',(-0.528533576800713,-1.546466423199288,0.7));
#5203=DIRECTION('',(-0.362330205202182,-0.83511280938975,0.413888170876269));
#5204=DIRECTION('',(-0.550078717633357,0.550078717633358,0.62835245588259));
#5205=AXIS2_PLACEMENT_3D('',#5202,#5203,#5204);
#5206=SPHERICAL_SURFACE('',#5205,0.2);
#5207=ORIENTED_EDGE('',*,*,#5196,.T.);
#5208=CARTESIAN_POINT('',(-0.528533576800713,-1.546466423199288,0.7));
#5209=DIRECTION('',(1.0,0.0,0.0));
#5210=DIRECTION('',(0.0,0.681998360062498,0.731353701619171));
#5211=AXIS2_PLACEMENT_3D('',#5208,#5209,#5210);
#5212=CIRCLE('',#5211,0.2);
#5213=EDGE_CURVE('',#5184,#4853,#5212,.T.);
#5214=ORIENTED_EDGE('',*,*,#5213,.T.);
#5215=ORIENTED_EDGE('',*,*,#5146,.T.);
#5216=EDGE_LOOP('',(#5207,#5214,#5215));
#5217=FACE_OUTER_BOUND('',#5216,.T.);
#5218=ADVANCED_FACE('',(#5217),#5206,.F.);
#5219=CARTESIAN_POINT('',(0.528533576800713,-1.90625,0.7));
#5220=DIRECTION('',(-1.790682E-016,1.0,0.0));
#5221=DIRECTION('',(0.681998360062498,0.0,0.73135370161917));
#5222=AXIS2_PLACEMENT_3D('',#5219,#5220,#5221);
#5223=CYLINDRICAL_SURFACE('',#5222,0.2);
#5224=CARTESIAN_POINT('',(0.528533576800713,-1.546466423199288,0.7));
#5225=DIRECTION('',(0.0,-1.0,0.0));
#5226=DIRECTION('',(0.681998360062499,0.0,0.73135370161917));
#5227=AXIS2_PLACEMENT_3D('',#5224,#5225,#5226);
#5228=CIRCLE('',#5227,0.2);
#5229=EDGE_CURVE('',#4875,#4837,#5228,.T.);
#5230=ORIENTED_EDGE('',*,*,#5229,.F.);
#5231=ORIENTED_EDGE('',*,*,#4903,.T.);
#5232=ORIENTED_EDGE('',*,*,#5097,.F.);
#5233=ORIENTED_EDGE('',*,*,#4842,.T.);
#5234=EDGE_LOOP('',(#5230,#5231,#5232,#5233));
#5235=FACE_OUTER_BOUND('',#5234,.T.);
#5236=ADVANCED_FACE('',(#5235),#5223,.F.);
#5237=CARTESIAN_POINT('',(0.375,-1.546466423199288,0.7));
#5238=DIRECTION('',(-1.0,0.0,0.0));
#5239=DIRECTION('',(0.0,0.681998360062498,0.73135370161917));
#5240=AXIS2_PLACEMENT_3D('',#5237,#5238,#5239);
#5241=CYLINDRICAL_SURFACE('',#5240,0.2);
#5242=CARTESIAN_POINT('',(0.528533576800713,-1.346953613147323,0.713951294748825));
#5243=VERTEX_POINT('',#5242);
#5244=CARTESIAN_POINT('',(0.528533576800713,-1.546466423199288,0.7));
#5245=DIRECTION('',(-1.0,0.0,0.0));
#5246=DIRECTION('',(0.0,0.681998360062498,0.731353701619171));
#5247=AXIS2_PLACEMENT_3D('',#5244,#5245,#5246);
#5248=CIRCLE('',#5247,0.2);
#5249=EDGE_CURVE('',#4837,#5243,#5248,.T.);
#5250=ORIENTED_EDGE('',*,*,#5249,.F.);
#5251=ORIENTED_EDGE('',*,*,#4864,.T.);
#5252=ORIENTED_EDGE('',*,*,#5213,.F.);
#5253=CARTESIAN_POINT('',(-0.528533576800713,-1.346953613147323,0.713951294748825));
#5254=DIRECTION('',(1.0,0.0,0.0));
#5255=VECTOR('',#5254,1.057067153601426);
#5256=LINE('',#5253,#5255);
#5257=EDGE_CURVE('',#5184,#5243,#5256,.T.);
#5258=ORIENTED_EDGE('',*,*,#5257,.T.);
#5259=EDGE_LOOP('',(#5250,#5251,#5252,#5258));
#5260=FACE_OUTER_BOUND('',#5259,.T.);
#5261=ADVANCED_FACE('',(#5260),#5241,.F.);
#5262=CARTESIAN_POINT('',(0.75,-1.325,0.4));
#5263=DIRECTION('',(0.0,-0.997564050259824,-0.069756473744125));
#5264=DIRECTION('',(1.0,0.0,0.0));
#5265=AXIS2_PLACEMENT_3D('',#5262,#5263,#5264);
#5266=PLANE('',#5265);
#5267=CARTESIAN_POINT('',(0.528533576800713,-1.346953613147323,0.713951294748825));
#5268=DIRECTION('',(0.069587374316664,0.069587374316664,-0.995145815783509));
#5269=VECTOR('',#5268,0.31548270592048);
#5270=LINE('',#5267,#5269);
#5271=EDGE_CURVE('',#5243,#4637,#5270,.T.);
#5272=ORIENTED_EDGE('',*,*,#5271,.F.);
#5273=ORIENTED_EDGE('',*,*,#5257,.F.);
#5274=ORIENTED_EDGE('',*,*,#5189,.F.);
#5275=ORIENTED_EDGE('',*,*,#4644,.F.);
#5276=EDGE_LOOP('',(#5272,#5273,#5274,#5275));
#5277=FACE_OUTER_BOUND('',#5276,.T.);
#5278=ADVANCED_FACE('',(#5277),#5266,.T.);
#5279=CARTESIAN_POINT('',(0.549576880278579,-1.525423119721421,0.399066740024327));
#5280=DIRECTION('',(-0.069587374316665,-0.069587374316665,0.995145815783509));
#5281=DIRECTION('',(0.703674354609937,0.703674354609938,0.09841140852856));
#5282=AXIS2_PLACEMENT_3D('',#5279,#5280,#5281);
#5283=CYLINDRICAL_SURFACE('',#5282,0.2);
#5284=ORIENTED_EDGE('',*,*,#4692,.F.);
#5285=ORIENTED_EDGE('',*,*,#4880,.T.);
#5286=CARTESIAN_POINT('',(0.528533576800713,-1.546466423199288,0.7));
#5287=DIRECTION('',(0.069587374316665,0.069587374316664,-0.995145815783509));
#5288=DIRECTION('',(0.0,0.997564050259824,0.069756473744125));
#5289=AXIS2_PLACEMENT_3D('',#5286,#5287,#5288);
#5290=CIRCLE('',#5289,0.2);
#5291=EDGE_CURVE('',#5243,#4875,#5290,.T.);
#5292=ORIENTED_EDGE('',*,*,#5291,.F.);
#5293=ORIENTED_EDGE('',*,*,#5271,.T.);
#5294=EDGE_LOOP('',(#5284,#5285,#5292,#5293));
#5295=FACE_OUTER_BOUND('',#5294,.T.);
#5296=ADVANCED_FACE('',(#5295),#5283,.F.);
#5297=CARTESIAN_POINT('',(0.528533576800713,-1.546466423199288,0.7));
#5298=DIRECTION('',(0.362330205202182,-0.83511280938975,0.413888170876269));
#5299=DIRECTION('',(0.550078717633357,0.550078717633357,0.62835245588259));
#5300=AXIS2_PLACEMENT_3D('',#5297,#5298,#5299);
#5301=SPHERICAL_SURFACE('',#5300,0.2);
#5302=ORIENTED_EDGE('',*,*,#5291,.T.);
#5303=ORIENTED_EDGE('',*,*,#5229,.T.);
#5304=ORIENTED_EDGE('',*,*,#5249,.T.);
#5305=EDGE_LOOP('',(#5302,#5303,#5304));
#5306=FACE_OUTER_BOUND('',#5305,.T.);
#5307=ADVANCED_FACE('',(#5306),#5301,.F.);
#5308=CARTESIAN_POINT('',(-0.547821509312775,-0.447821509312774,0.424169714363016));
#5309=DIRECTION('',(0.069587374316665,0.069587374316665,0.995145815783509));
#5310=DIRECTION('',(-0.703674354609938,-0.703674354609937,0.09841140852856));
#5311=AXIS2_PLACEMENT_3D('',#5308,#5309,#5310);
#5312=CYLINDRICAL_SURFACE('',#5311,0.2);
#5313=ORIENTED_EDGE('',*,*,#4738,.T.);
#5314=CARTESIAN_POINT('',(-0.728046386852677,-0.428533576800712,0.713951294748825));
#5315=VERTEX_POINT('',#5314);
#5316=CARTESIAN_POINT('',(-0.75,-0.450487189948035,0.4));
#5317=DIRECTION('',(0.069587374316664,0.069587374316665,0.995145815783509));
#5318=VECTOR('',#5317,0.31548270592048);
#5319=LINE('',#5316,#5318);
#5320=EDGE_CURVE('',#4724,#5315,#5319,.T.);
#5321=ORIENTED_EDGE('',*,*,#5320,.T.);
#5322=CARTESIAN_POINT('',(-0.528533576800713,-0.628046386852677,0.713951294748825));
#5323=VERTEX_POINT('',#5322);
#5324=CARTESIAN_POINT('',(-0.528533576800713,-0.428533576800712,0.7));
#5325=DIRECTION('',(-0.069587374316665,-0.069587374316664,-0.995145815783508));
#5326=DIRECTION('',(-3.469447E-016,-0.997564050259824,0.069756473744125));
#5327=AXIS2_PLACEMENT_3D('',#5324,#5325,#5326);
#5328=CIRCLE('',#5327,0.2);
#5329=EDGE_CURVE('',#5323,#5315,#5328,.T.);
#5330=ORIENTED_EDGE('',*,*,#5329,.F.);
#5331=CARTESIAN_POINT('',(-0.528533576800712,-0.628046386852677,0.713951294748825));
#5332=DIRECTION('',(-0.069587374316665,-0.069587374316664,-0.995145815783509));
#5333=VECTOR('',#5332,0.31548270592048);
#5334=LINE('',#5331,#5333);
#5335=EDGE_CURVE('',#5323,#4732,#5334,.T.);
#5336=ORIENTED_EDGE('',*,*,#5335,.T.);
#5337=EDGE_LOOP('',(#5313,#5321,#5330,#5336));
#5338=FACE_OUTER_BOUND('',#5337,.T.);
#5339=ADVANCED_FACE('',(#5338),#5312,.F.);
#5340=CARTESIAN_POINT('',(-0.528533576800713,-0.428533576800712,0.7));
#5341=DIRECTION('',(0.362330205202182,-0.83511280938975,-0.413888170876269));
#5342=DIRECTION('',(-0.550078717633357,-0.550078717633357,0.62835245588259));
#5343=AXIS2_PLACEMENT_3D('',#5340,#5341,#5342);
#5344=SPHERICAL_SURFACE('',#5343,0.2);
#5345=ORIENTED_EDGE('',*,*,#5329,.T.);
#5346=CARTESIAN_POINT('',(-0.528533576800713,-0.428533576800712,0.7));
#5347=DIRECTION('',(0.0,1.0,0.0));
#5348=DIRECTION('',(-0.681998360062498,0.0,0.731353701619171));
#5349=AXIS2_PLACEMENT_3D('',#5346,#5347,#5348);
#5350=CIRCLE('',#5349,0.2);
#5351=EDGE_CURVE('',#5315,#4278,#5350,.T.);
#5352=ORIENTED_EDGE('',*,*,#5351,.T.);
#5353=CARTESIAN_POINT('',(-0.528533576800713,-0.428533576800712,0.7));
#5354=DIRECTION('',(1.0,0.0,0.0));
#5355=DIRECTION('',(0.0,-0.681998360062498,0.731353701619171));
#5356=AXIS2_PLACEMENT_3D('',#5353,#5354,#5355);
#5357=CIRCLE('',#5356,0.2);
#5358=EDGE_CURVE('',#4278,#5323,#5357,.T.);
#5359=ORIENTED_EDGE('',*,*,#5358,.T.);
#5360=EDGE_LOOP('',(#5345,#5352,#5359));
#5361=FACE_OUTER_BOUND('',#5360,.T.);
#5362=ADVANCED_FACE('',(#5361),#5344,.F.);
#5363=CARTESIAN_POINT('',(0.75,-0.65,0.4));
#5364=DIRECTION('',(-1.845864E-016,-0.997564050259824,0.069756473744125));
#5365=DIRECTION('',(1.0,0.0,0.0));
#5366=AXIS2_PLACEMENT_3D('',#5363,#5364,#5365);
#5367=PLANE('',#5366);
#5368=CARTESIAN_POINT('',(0.528533576800712,-0.628046386852677,0.713951294748825));
#5369=VERTEX_POINT('',#5368);
#5370=CARTESIAN_POINT('',(0.550487189948035,-0.65,0.4));
#5371=DIRECTION('',(-0.069587374316665,0.069587374316665,0.995145815783508));
#5372=VECTOR('',#5371,0.31548270592048);
#5373=LINE('',#5370,#5372);
#5374=EDGE_CURVE('',#4741,#5369,#5373,.T.);
#5375=ORIENTED_EDGE('',*,*,#5374,.F.);
#5376=ORIENTED_EDGE('',*,*,#4746,.F.);
#5377=ORIENTED_EDGE('',*,*,#5335,.F.);
#5378=CARTESIAN_POINT('',(0.528533576800712,-0.628046386852677,0.713951294748825));
#5379=DIRECTION('',(-1.0,0.0,0.0));
#5380=VECTOR('',#5379,1.057067153601425);
#5381=LINE('',#5378,#5380);
#5382=EDGE_CURVE('',#5369,#5323,#5381,.T.);
#5383=ORIENTED_EDGE('',*,*,#5382,.F.);
#5384=EDGE_LOOP('',(#5375,#5376,#5377,#5383));
#5385=FACE_OUTER_BOUND('',#5384,.T.);
#5386=ADVANCED_FACE('',(#5385),#5367,.F.);
#5387=CARTESIAN_POINT('',(0.375,-0.428533576800713,0.7));
#5388=DIRECTION('',(-1.0,1.850372E-016,0.0));
#5389=DIRECTION('',(0.0,-0.681998360062498,0.73135370161917));
#5390=AXIS2_PLACEMENT_3D('',#5387,#5388,#5389);
#5391=CYLINDRICAL_SURFACE('',#5390,0.2);
#5392=CARTESIAN_POINT('',(0.528533576800713,-0.428533576800713,0.7));
#5393=DIRECTION('',(-1.0,0.0,0.0));
#5394=DIRECTION('',(0.0,-0.681998360062498,0.731353701619171));
#5395=AXIS2_PLACEMENT_3D('',#5392,#5393,#5394);
#5396=CIRCLE('',#5395,0.2);
#5397=EDGE_CURVE('',#5369,#4280,#5396,.T.);
#5398=ORIENTED_EDGE('',*,*,#5397,.F.);
#5399=ORIENTED_EDGE('',*,*,#5382,.T.);
#5400=ORIENTED_EDGE('',*,*,#5358,.F.);
#5401=ORIENTED_EDGE('',*,*,#4285,.T.);
#5402=EDGE_LOOP('',(#5398,#5399,#5400,#5401));
#5403=FACE_OUTER_BOUND('',#5402,.T.);
#5404=ADVANCED_FACE('',(#5403),#5391,.F.);
#5405=CARTESIAN_POINT('',(0.528533576800713,-0.428533576800713,0.7));
#5406=DIRECTION('',(-0.362330205202182,-0.83511280938975,-0.413888170876269));
#5407=DIRECTION('',(0.550078717633357,-0.550078717633357,0.62835245588259));
#5408=AXIS2_PLACEMENT_3D('',#5405,#5406,#5407);
#5409=SPHERICAL_SURFACE('',#5408,0.2);
#5410=CARTESIAN_POINT('',(0.728046386852677,-0.428533576800712,0.713951294748825));
#5411=VERTEX_POINT('',#5410);
#5412=CARTESIAN_POINT('',(0.528533576800712,-0.428533576800712,0.7));
#5413=DIRECTION('',(-0.069587374316665,0.069587374316664,0.995145815783509));
#5414=DIRECTION('',(-3.469447E-016,-0.997564050259824,0.069756473744125));
#5415=AXIS2_PLACEMENT_3D('',#5412,#5413,#5414);
#5416=CIRCLE('',#5415,0.2);
#5417=EDGE_CURVE('',#5369,#5411,#5416,.T.);
#5418=ORIENTED_EDGE('',*,*,#5417,.F.);
#5419=ORIENTED_EDGE('',*,*,#5397,.T.);
#5420=CARTESIAN_POINT('',(0.528533576800713,-0.428533576800713,0.7));
#5421=DIRECTION('',(-2.366157E-016,1.0,-2.537393E-016));
#5422=DIRECTION('',(0.681998360062499,3.469447E-016,0.73135370161917));
#5423=AXIS2_PLACEMENT_3D('',#5420,#5421,#5422);
#5424=CIRCLE('',#5423,0.2);
#5425=EDGE_CURVE('',#4280,#5411,#5424,.T.);
#5426=ORIENTED_EDGE('',*,*,#5425,.T.);
#5427=EDGE_LOOP('',(#5418,#5419,#5426));
#5428=FACE_OUTER_BOUND('',#5427,.T.);
#5429=ADVANCED_FACE('',(#5428),#5409,.F.);
#5430=CARTESIAN_POINT('',(0.548305749579203,-0.448305749579203,0.417244755924757));
#5431=DIRECTION('',(-0.069587374316665,0.069587374316665,0.995145815783509));
#5432=DIRECTION('',(0.703674354609937,-0.703674354609939,0.09841140852856));
#5433=AXIS2_PLACEMENT_3D('',#5430,#5431,#5432);
#5434=CYLINDRICAL_SURFACE('',#5433,0.2);
#5435=ORIENTED_EDGE('',*,*,#4753,.T.);
#5436=ORIENTED_EDGE('',*,*,#5374,.T.);
#5437=ORIENTED_EDGE('',*,*,#5417,.T.);
#5438=CARTESIAN_POINT('',(0.728046386852677,-0.428533576800712,0.713951294748825));
#5439=DIRECTION('',(0.069587374316665,-0.069587374316664,-0.995145815783508));
#5440=VECTOR('',#5439,0.31548270592048);
#5441=LINE('',#5438,#5440);
#5442=EDGE_CURVE('',#5411,#4697,#5441,.T.);
#5443=ORIENTED_EDGE('',*,*,#5442,.T.);
#5444=EDGE_LOOP('',(#5435,#5436,#5437,#5443));
#5445=FACE_OUTER_BOUND('',#5444,.T.);
#5446=ADVANCED_FACE('',(#5445),#5434,.F.);
#5447=CARTESIAN_POINT('',(-0.528533576800713,-0.325,0.7));
#5448=DIRECTION('',(0.0,1.0,0.0));
#5449=DIRECTION('',(-0.681998360062498,0.0,0.731353701619171));
#5450=AXIS2_PLACEMENT_3D('',#5447,#5448,#5449);
#5451=CYLINDRICAL_SURFACE('',#5450,0.2);
#5452=CARTESIAN_POINT('',(-0.728046386852677,0.428533576800713,0.713951294748825));
#5453=VERTEX_POINT('',#5452);
#5454=CARTESIAN_POINT('',(-0.528533576800713,0.428533576800713,0.7));
#5455=DIRECTION('',(0.0,-1.0,0.0));
#5456=DIRECTION('',(-0.681998360062498,0.0,0.731353701619171));
#5457=AXIS2_PLACEMENT_3D('',#5454,#5455,#5456);
#5458=CIRCLE('',#5457,0.2);
#5459=EDGE_CURVE('',#4288,#5453,#5458,.T.);
#5460=ORIENTED_EDGE('',*,*,#5459,.F.);
#5461=ORIENTED_EDGE('',*,*,#4293,.T.);
#5462=ORIENTED_EDGE('',*,*,#5351,.F.);
#5463=CARTESIAN_POINT('',(-0.728046386852677,-0.428533576800712,0.713951294748825));
#5464=DIRECTION('',(0.0,1.0,0.0));
#5465=VECTOR('',#5464,0.857067153601425);
#5466=LINE('',#5463,#5465);
#5467=EDGE_CURVE('',#5315,#5453,#5466,.T.);
#5468=ORIENTED_EDGE('',*,*,#5467,.T.);
#5469=EDGE_LOOP('',(#5460,#5461,#5462,#5468));
#5470=FACE_OUTER_BOUND('',#5469,.T.);
#5471=ADVANCED_FACE('',(#5470),#5451,.F.);
#5472=CARTESIAN_POINT('',(-0.75,-0.65,0.4));
#5473=DIRECTION('',(-0.997564050259824,0.0,0.069756473744125));
#5474=DIRECTION('',(0.0,-1.0,0.0));
#5475=AXIS2_PLACEMENT_3D('',#5472,#5473,#5474);
#5476=PLANE('',#5475);
#5477=CARTESIAN_POINT('',(-0.728046386852677,0.428533576800712,0.713951294748825));
#5478=DIRECTION('',(-0.069587374316665,0.069587374316664,-0.995145815783508));
#5479=VECTOR('',#5478,0.31548270592048);
#5480=LINE('',#5477,#5479);
#5481=EDGE_CURVE('',#5453,#4715,#5480,.T.);
#5482=ORIENTED_EDGE('',*,*,#5481,.F.);
#5483=ORIENTED_EDGE('',*,*,#5467,.F.);
#5484=ORIENTED_EDGE('',*,*,#5320,.F.);
#5485=ORIENTED_EDGE('',*,*,#4729,.F.);
#5486=EDGE_LOOP('',(#5482,#5483,#5484,#5485));
#5487=FACE_OUTER_BOUND('',#5486,.T.);
#5488=ADVANCED_FACE('',(#5487),#5476,.F.);
#5489=CARTESIAN_POINT('',(-0.548305749579203,0.448305749579203,0.417244755924757));
#5490=DIRECTION('',(0.069587374316665,-0.069587374316665,0.995145815783509));
#5491=DIRECTION('',(-0.703674354609938,0.703674354609938,0.09841140852856));
#5492=AXIS2_PLACEMENT_3D('',#5489,#5490,#5491);
#5493=CYLINDRICAL_SURFACE('',#5492,0.2);
#5494=ORIENTED_EDGE('',*,*,#4721,.T.);
#5495=ORIENTED_EDGE('',*,*,#4261,.T.);
#5496=CARTESIAN_POINT('',(-0.528533576800713,0.428533576800713,0.7));
#5497=DIRECTION('',(-0.069587374316665,0.069587374316665,-0.995145815783508));
#5498=DIRECTION('',(-0.997564050259824,0.0,0.069756473744125));
#5499=AXIS2_PLACEMENT_3D('',#5496,#5497,#5498);
#5500=CIRCLE('',#5499,0.2);
#5501=EDGE_CURVE('',#5453,#4248,#5500,.T.);
#5502=ORIENTED_EDGE('',*,*,#5501,.F.);
#5503=ORIENTED_EDGE('',*,*,#5481,.T.);
#5504=EDGE_LOOP('',(#5494,#5495,#5502,#5503));
#5505=FACE_OUTER_BOUND('',#5504,.T.);
#5506=ADVANCED_FACE('',(#5505),#5493,.F.);
#5507=CARTESIAN_POINT('',(-0.528533576800713,0.428533576800713,0.7));
#5508=DIRECTION('',(-0.362330205202182,-0.83511280938975,0.413888170876269));
#5509=DIRECTION('',(-0.550078717633357,0.550078717633357,0.62835245588259));
#5510=AXIS2_PLACEMENT_3D('',#5507,#5508,#5509);
#5511=SPHERICAL_SURFACE('',#5510,0.2);
#5512=ORIENTED_EDGE('',*,*,#5501,.T.);
#5513=CARTESIAN_POINT('',(-0.528533576800713,0.428533576800713,0.7));
#5514=DIRECTION('',(1.0,0.0,0.0));
#5515=DIRECTION('',(0.0,0.681998360062498,0.731353701619171));
#5516=AXIS2_PLACEMENT_3D('',#5513,#5514,#5515);
#5517=CIRCLE('',#5516,0.2);
#5518=EDGE_CURVE('',#4248,#4288,#5517,.T.);
#5519=ORIENTED_EDGE('',*,*,#5518,.T.);
#5520=ORIENTED_EDGE('',*,*,#5459,.T.);
#5521=EDGE_LOOP('',(#5512,#5519,#5520));
#5522=FACE_OUTER_BOUND('',#5521,.T.);
#5523=ADVANCED_FACE('',(#5522),#5511,.F.);
#5524=CARTESIAN_POINT('',(0.75,0.65,0.4));
#5525=DIRECTION('',(0.997564050259824,-2.129843E-016,0.069756473744125));
#5526=DIRECTION('',(0.0,1.0,0.0));
#5527=AXIS2_PLACEMENT_3D('',#5524,#5525,#5526);
#5528=PLANE('',#5527);
#5529=CARTESIAN_POINT('',(0.728046386852678,0.428533576800712,0.713951294748825));
#5530=VERTEX_POINT('',#5529);
#5531=CARTESIAN_POINT('',(0.75,0.450487189948035,0.4));
#5532=DIRECTION('',(-0.069587374316664,-0.069587374316665,0.995145815783509));
#5533=VECTOR('',#5532,0.31548270592048);
#5534=LINE('',#5531,#5533);
#5535=EDGE_CURVE('',#4699,#5530,#5534,.T.);
#5536=ORIENTED_EDGE('',*,*,#5535,.F.);
#5537=ORIENTED_EDGE('',*,*,#4704,.F.);
#5538=ORIENTED_EDGE('',*,*,#5442,.F.);
#5539=CARTESIAN_POINT('',(0.728046386852678,0.428533576800712,0.713951294748825));
#5540=DIRECTION('',(0.0,-1.0,0.0));
#5541=VECTOR('',#5540,0.857067153601425);
#5542=LINE('',#5539,#5541);
#5543=EDGE_CURVE('',#5530,#5411,#5542,.T.);
#5544=ORIENTED_EDGE('',*,*,#5543,.F.);
#5545=EDGE_LOOP('',(#5536,#5537,#5538,#5544));
#5546=FACE_OUTER_BOUND('',#5545,.T.);
#5547=ADVANCED_FACE('',(#5546),#5528,.F.);
#5548=CARTESIAN_POINT('',(0.528533576800713,0.325,0.7));
#5549=DIRECTION('',(-2.135044E-016,-1.0,0.0));
#5550=DIRECTION('',(0.681998360062498,-4.743870E-016,0.73135370161917));
#5551=AXIS2_PLACEMENT_3D('',#5548,#5549,#5550);
#5552=CYLINDRICAL_SURFACE('',#5551,0.2);
#5553=CARTESIAN_POINT('',(0.528533576800713,0.428533576800713,0.7));
#5554=DIRECTION('',(-2.366157E-016,-1.0,-2.537393E-016));
#5555=DIRECTION('',(0.681998360062499,-3.469447E-016,0.73135370161917));
#5556=AXIS2_PLACEMENT_3D('',#5553,#5554,#5555);
#5557=CIRCLE('',#5556,0.2);
#5558=EDGE_CURVE('',#5530,#4296,#5557,.T.);
#5559=ORIENTED_EDGE('',*,*,#5558,.F.);
#5560=ORIENTED_EDGE('',*,*,#5543,.T.);
#5561=ORIENTED_EDGE('',*,*,#5425,.F.);
#5562=ORIENTED_EDGE('',*,*,#4307,.T.);
#5563=EDGE_LOOP('',(#5559,#5560,#5561,#5562));
#5564=FACE_OUTER_BOUND('',#5563,.T.);
#5565=ADVANCED_FACE('',(#5564),#5552,.F.);
#5566=CARTESIAN_POINT('',(-0.375,0.428533576800713,0.7));
#5567=DIRECTION('',(1.0,0.0,0.0));
#5568=DIRECTION('',(0.0,0.681998360062498,0.73135370161917));
#5569=AXIS2_PLACEMENT_3D('',#5566,#5567,#5568);
#5570=CYLINDRICAL_SURFACE('',#5569,0.2);
#5571=CARTESIAN_POINT('',(0.528533576800713,0.428533576800713,0.7));
#5572=DIRECTION('',(-1.0,0.0,0.0));
#5573=DIRECTION('',(0.0,0.681998360062498,0.731353701619171));
#5574=AXIS2_PLACEMENT_3D('',#5571,#5572,#5573);
#5575=CIRCLE('',#5574,0.2);
#5576=EDGE_CURVE('',#4296,#4238,#5575,.T.);
#5577=ORIENTED_EDGE('',*,*,#5576,.F.);
#5578=ORIENTED_EDGE('',*,*,#4301,.T.);
#5579=ORIENTED_EDGE('',*,*,#5518,.F.);
#5580=ORIENTED_EDGE('',*,*,#4253,.T.);
#5581=EDGE_LOOP('',(#5577,#5578,#5579,#5580));
#5582=FACE_OUTER_BOUND('',#5581,.T.);
#5583=ADVANCED_FACE('',(#5582),#5570,.F.);
#5584=CARTESIAN_POINT('',(0.528533576800713,0.428533576800713,0.7));
#5585=DIRECTION('',(0.362330205202182,-0.835112809389751,0.413888170876269));
#5586=DIRECTION('',(0.550078717633357,0.550078717633357,0.62835245588259));
#5587=AXIS2_PLACEMENT_3D('',#5584,#5585,#5586);
#5588=SPHERICAL_SURFACE('',#5587,0.2);
#5589=CARTESIAN_POINT('',(0.528533576800713,0.428533576800712,0.7));
#5590=DIRECTION('',(-0.069587374316665,-0.069587374316665,0.995145815783509));
#5591=DIRECTION('',(0.997564050259824,-3.469447E-016,0.069756473744125));
#5592=AXIS2_PLACEMENT_3D('',#5589,#5590,#5591);
#5593=CIRCLE('',#5592,0.2);
#5594=EDGE_CURVE('',#5530,#4238,#5593,.T.);
#5595=ORIENTED_EDGE('',*,*,#5594,.F.);
#5596=ORIENTED_EDGE('',*,*,#5558,.T.);
#5597=ORIENTED_EDGE('',*,*,#5576,.T.);
#5598=EDGE_LOOP('',(#5595,#5596,#5597));
#5599=FACE_OUTER_BOUND('',#5598,.T.);
#5600=ADVANCED_FACE('',(#5599),#5588,.F.);
#5601=CARTESIAN_POINT('',(0.547821509312775,0.447821509312775,0.424169714363016));
#5602=DIRECTION('',(-0.069587374316665,-0.069587374316665,0.995145815783509));
#5603=DIRECTION('',(0.703674354609938,0.703674354609938,0.09841140852856));
#5604=AXIS2_PLACEMENT_3D('',#5601,#5602,#5603);
#5605=CYLINDRICAL_SURFACE('',#5604,0.2);
#5606=ORIENTED_EDGE('',*,*,#4711,.T.);
#5607=ORIENTED_EDGE('',*,*,#5535,.T.);
#5608=ORIENTED_EDGE('',*,*,#5594,.T.);
#5609=ORIENTED_EDGE('',*,*,#4245,.T.);
#5610=EDGE_LOOP('',(#5606,#5607,#5608,#5609));
#5611=FACE_OUTER_BOUND('',#5610,.T.);
#5612=ADVANCED_FACE('',(#5611),#5605,.F.);
#5613=CARTESIAN_POINT('',(0.549576880278579,1.525423119721421,0.399066740024327));
#5614=DIRECTION('',(-0.069587374316665,0.069587374316665,0.995145815783509));
#5615=DIRECTION('',(0.703674354609937,-0.703674354609938,0.09841140852856));
#5616=AXIS2_PLACEMENT_3D('',#5613,#5614,#5615);
#5617=CYLINDRICAL_SURFACE('',#5616,0.2);
#5618=ORIENTED_EDGE('',*,*,#4680,.T.);
#5619=ORIENTED_EDGE('',*,*,#4823,.T.);
#5620=CARTESIAN_POINT('',(0.728046386852678,1.546466423199288,0.713951294748825));
#5621=VERTEX_POINT('',#5620);
#5622=CARTESIAN_POINT('',(0.528533576800713,1.546466423199288,0.7));
#5623=DIRECTION('',(0.069587374316664,-0.069587374316665,-0.995145815783509));
#5624=DIRECTION('',(0.997564050259824,0.0,0.069756473744125));
#5625=AXIS2_PLACEMENT_3D('',#5622,#5623,#5624);
#5626=CIRCLE('',#5625,0.2);
#5627=EDGE_CURVE('',#5621,#4812,#5626,.T.);
#5628=ORIENTED_EDGE('',*,*,#5627,.F.);
#5629=CARTESIAN_POINT('',(0.728046386852678,1.546466423199288,0.713951294748825));
#5630=DIRECTION('',(0.069587374316664,-0.069587374316664,-0.995145815783509));
#5631=VECTOR('',#5630,0.31548270592048);
#5632=LINE('',#5629,#5631);
#5633=EDGE_CURVE('',#5621,#4427,#5632,.T.);
#5634=ORIENTED_EDGE('',*,*,#5633,.T.);
#5635=EDGE_LOOP('',(#5618,#5619,#5628,#5634));
#5636=FACE_OUTER_BOUND('',#5635,.T.);
#5637=ADVANCED_FACE('',(#5636),#5617,.F.);
#5638=CARTESIAN_POINT('',(0.528533576800713,1.546466423199288,0.7));
#5639=DIRECTION('',(-0.362330205202182,-0.83511280938975,-0.413888170876269));
#5640=DIRECTION('',(0.550078717633357,-0.550078717633357,0.62835245588259));
#5641=AXIS2_PLACEMENT_3D('',#5638,#5639,#5640);
#5642=SPHERICAL_SURFACE('',#5641,0.2);
#5643=ORIENTED_EDGE('',*,*,#5627,.T.);
#5644=CARTESIAN_POINT('',(0.528533576800713,1.546466423199288,0.7));
#5645=DIRECTION('',(-1.0,0.0,0.0));
#5646=DIRECTION('',(0.0,-0.681998360062498,0.731353701619171));
#5647=AXIS2_PLACEMENT_3D('',#5644,#5645,#5646);
#5648=CIRCLE('',#5647,0.2);
#5649=EDGE_CURVE('',#4812,#4766,#5648,.T.);
#5650=ORIENTED_EDGE('',*,*,#5649,.T.);
#5651=CARTESIAN_POINT('',(0.528533576800713,1.546466423199288,0.7));
#5652=DIRECTION('',(0.0,1.0,0.0));
#5653=DIRECTION('',(0.681998360062499,0.0,0.73135370161917));
#5654=AXIS2_PLACEMENT_3D('',#5651,#5652,#5653);
#5655=CIRCLE('',#5654,0.2);
#5656=EDGE_CURVE('',#4766,#5621,#5655,.T.);
#5657=ORIENTED_EDGE('',*,*,#5656,.T.);
#5658=EDGE_LOOP('',(#5643,#5650,#5657));
#5659=FACE_OUTER_BOUND('',#5658,.T.);
#5660=ADVANCED_FACE('',(#5659),#5642,.F.);
#5661=CARTESIAN_POINT('',(-0.75,1.325,0.4));
#5662=DIRECTION('',(-0.997564050259824,0.0,0.069756473744125));
#5663=DIRECTION('',(0.0,-1.0,0.0));
#5664=AXIS2_PLACEMENT_3D('',#5661,#5662,#5663);
#5665=PLANE('',#5664);
#5666=CARTESIAN_POINT('',(-0.728046386852677,1.878533576800713,0.713951294748825));
#5667=VERTEX_POINT('',#5666);
#5668=CARTESIAN_POINT('',(-0.749999408055082,1.900486598003117,0.400008465206712));
#5669=VERTEX_POINT('',#5668);
#5670=CARTESIAN_POINT('',(-0.728046386852677,1.878533576800713,0.713951294748825));
#5671=DIRECTION('',(-0.069587374316665,0.069587374316664,-0.995145815783509));
#5672=VECTOR('',#5671,0.315474199421657);
#5673=LINE('',#5670,#5672);
#5674=EDGE_CURVE('',#5667,#5669,#5673,.T.);
#5675=ORIENTED_EDGE('',*,*,#5674,.F.);
#5676=CARTESIAN_POINT('',(-0.728046386852677,1.546466423199288,0.713951294748825));
#5677=VERTEX_POINT('',#5676);
#5678=CARTESIAN_POINT('',(-0.728046386852677,1.546466423199288,0.713951294748825));
#5679=DIRECTION('',(0.0,1.0,0.0));
#5680=VECTOR('',#5679,0.332067153601425);
#5681=LINE('',#5678,#5680);
#5682=EDGE_CURVE('',#5677,#5667,#5681,.T.);
#5683=ORIENTED_EDGE('',*,*,#5682,.F.);
#5684=CARTESIAN_POINT('',(-0.75,1.524512810051965,0.4));
#5685=DIRECTION('',(0.069587374316664,0.069587374316664,0.995145815783509));
#5686=VECTOR('',#5685,0.31548270592048);
#5687=LINE('',#5684,#5686);
#5688=EDGE_CURVE('',#4457,#5677,#5687,.T.);
#5689=ORIENTED_EDGE('',*,*,#5688,.F.);
#5690=ORIENTED_EDGE('',*,*,#4462,.T.);
#5691=CARTESIAN_POINT('',(-0.75,1.9,0.4));
#5692=DIRECTION('',(0.0,1.0,0.0));
#5693=VECTOR('',#5692,0.000486598003117);
#5694=LINE('',#5691,#5693);
#5695=EDGE_CURVE('',#4449,#5669,#5694,.T.);
#5696=ORIENTED_EDGE('',*,*,#5695,.T.);
#5697=EDGE_LOOP('',(#5675,#5683,#5689,#5690,#5696));
#5698=FACE_OUTER_BOUND('',#5697,.T.);
#5699=ADVANCED_FACE('',(#5698),#5665,.F.);
#5700=CARTESIAN_POINT('',(-0.528533576800713,1.51875,0.7));
#5701=DIRECTION('',(0.0,1.0,0.0));
#5702=DIRECTION('',(-0.681998360062498,0.0,0.731353701619171));
#5703=AXIS2_PLACEMENT_3D('',#5700,#5701,#5702);
#5704=CYLINDRICAL_SURFACE('',#5703,0.2);
#5705=CARTESIAN_POINT('',(-0.528533576800713,1.878533576800713,0.7));
#5706=DIRECTION('',(0.0,-1.0,0.0));
#5707=DIRECTION('',(-0.681998360062498,0.0,0.731353701619171));
#5708=AXIS2_PLACEMENT_3D('',#5705,#5706,#5707);
#5709=CIRCLE('',#5708,0.2);
#5710=EDGE_CURVE('',#4774,#5667,#5709,.T.);
#5711=ORIENTED_EDGE('',*,*,#5710,.F.);
#5712=ORIENTED_EDGE('',*,*,#4779,.T.);
#5713=CARTESIAN_POINT('',(-0.528533576800713,1.546466423199288,0.7));
#5714=DIRECTION('',(0.0,1.0,0.0));
#5715=DIRECTION('',(-0.681998360062498,0.0,0.731353701619171));
#5716=AXIS2_PLACEMENT_3D('',#5713,#5714,#5715);
#5717=CIRCLE('',#5716,0.2);
#5718=EDGE_CURVE('',#5677,#4764,#5717,.T.);
#5719=ORIENTED_EDGE('',*,*,#5718,.F.);
#5720=ORIENTED_EDGE('',*,*,#5682,.T.);
#5721=EDGE_LOOP('',(#5711,#5712,#5719,#5720));
#5722=FACE_OUTER_BOUND('',#5721,.T.);
#5723=ADVANCED_FACE('',(#5722),#5704,.F.);
#5724=CARTESIAN_POINT('',(0.375,1.546466423199288,0.7));
#5725=DIRECTION('',(-1.0,0.0,0.0));
#5726=DIRECTION('',(0.0,-0.681998360062498,0.73135370161917));
#5727=AXIS2_PLACEMENT_3D('',#5724,#5725,#5726);
#5728=CYLINDRICAL_SURFACE('',#5727,0.2);
#5729=CARTESIAN_POINT('',(-0.528533576800712,1.546466423199288,0.7));
#5730=DIRECTION('',(1.0,0.0,0.0));
#5731=DIRECTION('',(0.0,-0.681998360062498,0.731353701619171));
#5732=AXIS2_PLACEMENT_3D('',#5729,#5730,#5731);
#5733=CIRCLE('',#5732,0.2);
#5734=EDGE_CURVE('',#4764,#4804,#5733,.T.);
#5735=ORIENTED_EDGE('',*,*,#5734,.F.);
#5736=ORIENTED_EDGE('',*,*,#4771,.T.);
#5737=ORIENTED_EDGE('',*,*,#5649,.F.);
#5738=ORIENTED_EDGE('',*,*,#4817,.T.);
#5739=EDGE_LOOP('',(#5735,#5736,#5737,#5738));
#5740=FACE_OUTER_BOUND('',#5739,.T.);
#5741=ADVANCED_FACE('',(#5740),#5728,.F.);
#5742=CARTESIAN_POINT('',(-0.528533576800713,1.546466423199288,0.7));
#5743=DIRECTION('',(0.362330205202182,-0.83511280938975,-0.41388817087627));
#5744=DIRECTION('',(-0.550078717633357,-0.550078717633358,0.62835245588259));
#5745=AXIS2_PLACEMENT_3D('',#5742,#5743,#5744);
#5746=SPHERICAL_SURFACE('',#5745,0.2);
#5747=CARTESIAN_POINT('',(-0.528533576800712,1.546466423199288,0.7));
#5748=DIRECTION('',(0.069587374316664,0.069587374316665,0.995145815783509));
#5749=DIRECTION('',(-0.997564050259824,0.0,0.069756473744125));
#5750=AXIS2_PLACEMENT_3D('',#5747,#5748,#5749);
#5751=CIRCLE('',#5750,0.2);
#5752=EDGE_CURVE('',#5677,#4804,#5751,.T.);
#5753=ORIENTED_EDGE('',*,*,#5752,.F.);
#5754=ORIENTED_EDGE('',*,*,#5718,.T.);
#5755=ORIENTED_EDGE('',*,*,#5734,.T.);
#5756=EDGE_LOOP('',(#5753,#5754,#5755));
#5757=FACE_OUTER_BOUND('',#5756,.T.);
#5758=ADVANCED_FACE('',(#5757),#5746,.F.);
#5759=CARTESIAN_POINT('',(-0.547821509312775,1.527178490687225,0.424169714363016));
#5760=DIRECTION('',(0.069587374316665,0.069587374316665,0.995145815783509));
#5761=DIRECTION('',(-0.703674354609938,-0.703674354609938,0.09841140852856));
#5762=AXIS2_PLACEMENT_3D('',#5759,#5760,#5761);
#5763=CYLINDRICAL_SURFACE('',#5762,0.2);
#5764=ORIENTED_EDGE('',*,*,#4665,.F.);
#5765=ORIENTED_EDGE('',*,*,#5688,.T.);
#5766=ORIENTED_EDGE('',*,*,#5752,.T.);
#5767=ORIENTED_EDGE('',*,*,#4809,.T.);
#5768=EDGE_LOOP('',(#5764,#5765,#5766,#5767));
#5769=FACE_OUTER_BOUND('',#5768,.T.);
#5770=ADVANCED_FACE('',(#5769),#5763,.F.);
#5771=CARTESIAN_POINT('',(0.750000000000001,2.1,0.0));
#5772=DIRECTION('',(0.0,1.0,0.0));
#5773=DIRECTION('',(-1.0,0.0,0.0));
#5774=AXIS2_PLACEMENT_3D('',#5771,#5772,#5773);
#5775=PLANE('',#5774);
#5776=CARTESIAN_POINT('',(0.55,2.1,0.4));
#5777=VERTEX_POINT('',#5776);
#5778=CARTESIAN_POINT('',(0.55,2.1,0.4));
#5779=DIRECTION('',(0.0,0.0,-1.0));
#5780=VECTOR('',#5779,0.4);
#5781=LINE('',#5778,#5780);
#5782=EDGE_CURVE('',#5777,#4328,#5781,.T.);
#5783=ORIENTED_EDGE('',*,*,#5782,.F.);
#5784=CARTESIAN_POINT('',(-0.55,2.1,0.4));
#5785=VERTEX_POINT('',#5784);
#5786=CARTESIAN_POINT('',(-0.55,2.1,0.4));
#5787=DIRECTION('',(1.0,0.0,0.0));
#5788=VECTOR('',#5787,1.100000000000001);
#5789=LINE('',#5786,#5788);
#5790=EDGE_CURVE('',#5785,#5777,#5789,.T.);
#5791=ORIENTED_EDGE('',*,*,#5790,.F.);
#5792=CARTESIAN_POINT('',(-0.55,2.1,0.0));
#5793=DIRECTION('',(0.0,0.0,1.0));
#5794=VECTOR('',#5793,0.4);
#5795=LINE('',#5792,#5794);
#5796=EDGE_CURVE('',#4337,#5785,#5795,.T.);
#5797=ORIENTED_EDGE('',*,*,#5796,.F.);
#5798=ORIENTED_EDGE('',*,*,#4342,.F.);
#5799=EDGE_LOOP('',(#5783,#5791,#5797,#5798));
#5800=FACE_OUTER_BOUND('',#5799,.T.);
#5801=ADVANCED_FACE('',(#5800),#5775,.F.);
#5802=CARTESIAN_POINT('',(-0.528533576800713,1.878533576800713,0.7));
#5803=DIRECTION('',(-0.362330205202182,-0.83511280938975,0.413888170876269));
#5804=DIRECTION('',(-0.550078717633357,0.550078717633358,0.62835245588259));
#5805=AXIS2_PLACEMENT_3D('',#5802,#5803,#5804);
#5806=SPHERICAL_SURFACE('',#5805,0.2);
#5807=CARTESIAN_POINT('',(-0.528533576800713,2.078046386852678,0.713951294748825));
#5808=VERTEX_POINT('',#5807);
#5809=CARTESIAN_POINT('',(-0.528533576800713,1.878533576800713,0.7));
#5810=DIRECTION('',(0.069587374316665,-0.069587374316664,0.995145815783509));
#5811=DIRECTION('',(0.0,0.997564050259824,0.069756473744125));
#5812=AXIS2_PLACEMENT_3D('',#5809,#5810,#5811);
#5813=CIRCLE('',#5812,0.2);
#5814=EDGE_CURVE('',#5808,#5667,#5813,.T.);
#5815=ORIENTED_EDGE('',*,*,#5814,.F.);
#5816=CARTESIAN_POINT('',(-0.528533576800713,1.878533576800713,0.7));
#5817=DIRECTION('',(1.0,0.0,0.0));
#5818=DIRECTION('',(0.0,0.681998360062498,0.731353701619171));
#5819=AXIS2_PLACEMENT_3D('',#5816,#5817,#5818);
#5820=CIRCLE('',#5819,0.2);
#5821=EDGE_CURVE('',#5808,#4774,#5820,.T.);
#5822=ORIENTED_EDGE('',*,*,#5821,.T.);
#5823=ORIENTED_EDGE('',*,*,#5710,.T.);
#5824=EDGE_LOOP('',(#5815,#5822,#5823));
#5825=FACE_OUTER_BOUND('',#5824,.T.);
#5826=ADVANCED_FACE('',(#5825),#5806,.F.);
#5827=CARTESIAN_POINT('',(-0.55,1.9,0.0));
#5828=DIRECTION('',(0.0,0.0,1.0));
#5829=DIRECTION('',(-0.707106781186547,0.707106781186548,0.0));
#5830=AXIS2_PLACEMENT_3D('',#5827,#5828,#5829);
#5831=CYLINDRICAL_SURFACE('',#5830,0.2);
#5832=ORIENTED_EDGE('',*,*,#4351,.T.);
#5833=ORIENTED_EDGE('',*,*,#5796,.T.);
#5834=CARTESIAN_POINT('',(-0.550487189948035,2.1,0.4));
#5835=VERTEX_POINT('',#5834);
#5836=CARTESIAN_POINT('',(-0.550487189948035,2.1,0.4));
#5837=DIRECTION('',(1.0,0.0,0.0));
#5838=VECTOR('',#5837,0.000487189948035);
#5839=LINE('',#5836,#5838);
#5840=EDGE_CURVE('',#5835,#5785,#5839,.T.);
#5841=ORIENTED_EDGE('',*,*,#5840,.F.);
#5842=CARTESIAN_POINT('',(-0.55,1.9,0.393015846101652));
#5843=DIRECTION('',(-0.034835987916568,0.034835987916571,-0.998785716703915));
#5844=DIRECTION('',(-0.706248153233626,0.706248153233583,0.049265526570278));
#5845=AXIS2_PLACEMENT_3D('',#5842,#5843,#5844);
#5846=ELLIPSE('',#5845,0.200243151914525,0.2);
#5847=EDGE_CURVE('',#5669,#5835,#5846,.T.);
#5848=ORIENTED_EDGE('',*,*,#5847,.F.);
#5849=ORIENTED_EDGE('',*,*,#5695,.F.);
#5850=ORIENTED_EDGE('',*,*,#4454,.T.);
#5851=EDGE_LOOP('',(#5832,#5833,#5841,#5848,#5849,#5850));
#5852=FACE_OUTER_BOUND('',#5851,.T.);
#5853=ADVANCED_FACE('',(#5852),#5831,.F.);
#5854=CARTESIAN_POINT('',(-0.549576880278579,1.899576880278579,0.399066740024327));
#5855=DIRECTION('',(0.069587374316665,-0.069587374316665,0.995145815783509));
#5856=DIRECTION('',(-0.703674354609938,0.703674354609938,0.09841140852856));
#5857=AXIS2_PLACEMENT_3D('',#5854,#5855,#5856);
#5858=CYLINDRICAL_SURFACE('',#5857,0.2);
#5859=CARTESIAN_POINT('',(-0.550487189948035,2.100000000000001,0.4));
#5860=DIRECTION('',(0.069587374316665,-0.069587374316666,0.995145815783508));
#5861=VECTOR('',#5860,0.31548270592048);
#5862=LINE('',#5859,#5861);
#5863=EDGE_CURVE('',#5835,#5808,#5862,.T.);
#5864=ORIENTED_EDGE('',*,*,#5863,.T.);
#5865=ORIENTED_EDGE('',*,*,#5814,.T.);
#5866=ORIENTED_EDGE('',*,*,#5674,.T.);
#5867=ORIENTED_EDGE('',*,*,#5847,.T.);
#5868=EDGE_LOOP('',(#5864,#5865,#5866,#5867));
#5869=FACE_OUTER_BOUND('',#5868,.T.);
#5870=ADVANCED_FACE('',(#5869),#5858,.F.);
#5871=CARTESIAN_POINT('',(0.750000000000001,2.1,0.4));
#5872=DIRECTION('',(0.997564050259824,-1.786320E-016,0.069756473744125));
#5873=DIRECTION('',(0.0,1.0,0.0));
#5874=AXIS2_PLACEMENT_3D('',#5871,#5872,#5873);
#5875=PLANE('',#5874);
#5876=CARTESIAN_POINT('',(0.750000000000001,1.900487189948036,0.4));
#5877=VERTEX_POINT('',#5876);
#5878=CARTESIAN_POINT('',(0.728046386852678,1.878533576800713,0.713951294748825));
#5879=VERTEX_POINT('',#5878);
#5880=CARTESIAN_POINT('',(0.75,1.900487189948035,0.4));
#5881=DIRECTION('',(-0.069587374316664,-0.069587374316664,0.995145815783509));
#5882=VECTOR('',#5881,0.31548270592048);
#5883=LINE('',#5880,#5882);
#5884=EDGE_CURVE('',#5877,#5879,#5883,.T.);
#5885=ORIENTED_EDGE('',*,*,#5884,.F.);
#5886=CARTESIAN_POINT('',(0.750000000000001,1.900487189948035,0.4));
#5887=DIRECTION('',(0.0,-1.0,0.0));
#5888=VECTOR('',#5887,0.000487189948035);
#5889=LINE('',#5886,#5888);
#5890=EDGE_CURVE('',#5877,#4417,#5889,.T.);
#5891=ORIENTED_EDGE('',*,*,#5890,.T.);
#5892=ORIENTED_EDGE('',*,*,#4438,.T.);
#5893=ORIENTED_EDGE('',*,*,#5633,.F.);
#5894=CARTESIAN_POINT('',(0.728046386852678,1.878533576800713,0.713951294748825));
#5895=DIRECTION('',(0.0,-1.0,0.0));
#5896=VECTOR('',#5895,0.332067153601425);
#5897=LINE('',#5894,#5896);
#5898=EDGE_CURVE('',#5879,#5621,#5897,.T.);
#5899=ORIENTED_EDGE('',*,*,#5898,.F.);
#5900=EDGE_LOOP('',(#5885,#5891,#5892,#5893,#5899));
#5901=FACE_OUTER_BOUND('',#5900,.T.);
#5902=ADVANCED_FACE('',(#5901),#5875,.F.);
#5903=CARTESIAN_POINT('',(0.528533576800713,1.90625,0.7));
#5904=DIRECTION('',(-1.790682E-016,-1.0,0.0));
#5905=DIRECTION('',(0.681998360062498,0.0,0.73135370161917));
#5906=AXIS2_PLACEMENT_3D('',#5903,#5904,#5905);
#5907=CYLINDRICAL_SURFACE('',#5906,0.2);
#5908=CARTESIAN_POINT('',(0.528533576800713,1.878533576800713,0.7));
#5909=DIRECTION('',(0.0,-1.0,0.0));
#5910=DIRECTION('',(0.681998360062499,0.0,0.73135370161917));
#5911=AXIS2_PLACEMENT_3D('',#5908,#5909,#5910);
#5912=CIRCLE('',#5911,0.2);
#5913=EDGE_CURVE('',#5879,#4782,#5912,.T.);
#5914=ORIENTED_EDGE('',*,*,#5913,.F.);
#5915=ORIENTED_EDGE('',*,*,#5898,.T.);
#5916=ORIENTED_EDGE('',*,*,#5656,.F.);
#5917=ORIENTED_EDGE('',*,*,#4793,.T.);
#5918=EDGE_LOOP('',(#5914,#5915,#5916,#5917));
#5919=FACE_OUTER_BOUND('',#5918,.T.);
#5920=ADVANCED_FACE('',(#5919),#5907,.F.);
#5921=CARTESIAN_POINT('',(-0.375,1.878533576800713,0.7));
#5922=DIRECTION('',(1.0,0.0,0.0));
#5923=DIRECTION('',(0.0,0.681998360062498,0.73135370161917));
#5924=AXIS2_PLACEMENT_3D('',#5921,#5922,#5923);
#5925=CYLINDRICAL_SURFACE('',#5924,0.2);
#5926=CARTESIAN_POINT('',(0.528533576800713,2.078046386852678,0.713951294748825));
#5927=VERTEX_POINT('',#5926);
#5928=CARTESIAN_POINT('',(0.528533576800713,1.878533576800713,0.7));
#5929=DIRECTION('',(-1.0,0.0,0.0));
#5930=DIRECTION('',(0.0,0.681998360062498,0.731353701619171));
#5931=AXIS2_PLACEMENT_3D('',#5928,#5929,#5930);
#5932=CIRCLE('',#5931,0.2);
#5933=EDGE_CURVE('',#4782,#5927,#5932,.T.);
#5934=ORIENTED_EDGE('',*,*,#5933,.F.);
#5935=ORIENTED_EDGE('',*,*,#4787,.T.);
#5936=ORIENTED_EDGE('',*,*,#5821,.F.);
#5937=CARTESIAN_POINT('',(-0.528533576800713,2.078046386852678,0.713951294748825));
#5938=DIRECTION('',(1.0,0.0,0.0));
#5939=VECTOR('',#5938,1.057067153601426);
#5940=LINE('',#5937,#5939);
#5941=EDGE_CURVE('',#5808,#5927,#5940,.T.);
#5942=ORIENTED_EDGE('',*,*,#5941,.T.);
#5943=EDGE_LOOP('',(#5934,#5935,#5936,#5942));
#5944=FACE_OUTER_BOUND('',#5943,.T.);
#5945=ADVANCED_FACE('',(#5944),#5925,.F.);
#5946=CARTESIAN_POINT('',(-0.75,2.1,0.4));
#5947=DIRECTION('',(0.0,0.997564050259824,0.069756473744125));
#5948=DIRECTION('',(-1.0,0.0,0.0));
#5949=AXIS2_PLACEMENT_3D('',#5946,#5947,#5948);
#5950=PLANE('',#5949);
#5951=CARTESIAN_POINT('',(0.550486598003118,2.099999408055083,0.400008465206713));
#5952=VERTEX_POINT('',#5951);
#5953=CARTESIAN_POINT('',(0.528533576800713,2.078046386852678,0.713951294748825));
#5954=DIRECTION('',(0.069587374316664,0.069587374316664,-0.995145815783509));
#5955=VECTOR('',#5954,0.315474199421655);
#5956=LINE('',#5953,#5955);
#5957=EDGE_CURVE('',#5927,#5952,#5956,.T.);
#5958=ORIENTED_EDGE('',*,*,#5957,.F.);
#5959=ORIENTED_EDGE('',*,*,#5941,.F.);
#5960=ORIENTED_EDGE('',*,*,#5863,.F.);
#5961=ORIENTED_EDGE('',*,*,#5840,.T.);
#5962=ORIENTED_EDGE('',*,*,#5790,.T.);
#5963=CARTESIAN_POINT('',(0.55,2.1,0.4));
#5964=DIRECTION('',(1.0,0.0,0.0));
#5965=VECTOR('',#5964,0.000486598003117);
#5966=LINE('',#5963,#5965);
#5967=EDGE_CURVE('',#5777,#5952,#5966,.T.);
#5968=ORIENTED_EDGE('',*,*,#5967,.T.);
#5969=EDGE_LOOP('',(#5958,#5959,#5960,#5961,#5962,#5968));
#5970=FACE_OUTER_BOUND('',#5969,.T.);
#5971=ADVANCED_FACE('',(#5970),#5950,.F.);
#5972=CARTESIAN_POINT('',(0.528533576800713,1.878533576800713,0.7));
#5973=DIRECTION('',(0.362330205202183,-0.83511280938975,0.413888170876269));
#5974=DIRECTION('',(0.550078717633357,0.550078717633358,0.62835245588259));
#5975=AXIS2_PLACEMENT_3D('',#5972,#5973,#5974);
#5976=SPHERICAL_SURFACE('',#5975,0.2);
#5977=CARTESIAN_POINT('',(0.528533576800713,1.878533576800713,0.7));
#5978=DIRECTION('',(-0.069587374316664,-0.069587374316665,0.995145815783509));
#5979=DIRECTION('',(0.997564050259824,0.0,0.069756473744125));
#5980=AXIS2_PLACEMENT_3D('',#5977,#5978,#5979);
#5981=CIRCLE('',#5980,0.2);
#5982=EDGE_CURVE('',#5879,#5927,#5981,.T.);
#5983=ORIENTED_EDGE('',*,*,#5982,.F.);
#5984=ORIENTED_EDGE('',*,*,#5913,.T.);
#5985=ORIENTED_EDGE('',*,*,#5933,.T.);
#5986=EDGE_LOOP('',(#5983,#5984,#5985));
#5987=FACE_OUTER_BOUND('',#5986,.T.);
#5988=ADVANCED_FACE('',(#5987),#5976,.F.);
#5989=CARTESIAN_POINT('',(0.547821509312775,1.897821509312775,0.424169714363016));
#5990=DIRECTION('',(-0.069587374316665,-0.069587374316665,0.995145815783509));
#5991=DIRECTION('',(0.703674354609938,0.703674354609938,0.09841140852856));
#5992=AXIS2_PLACEMENT_3D('',#5989,#5990,#5991);
#5993=CYLINDRICAL_SURFACE('',#5992,0.2);
#5994=ORIENTED_EDGE('',*,*,#5884,.T.);
#5995=ORIENTED_EDGE('',*,*,#5982,.T.);
#5996=ORIENTED_EDGE('',*,*,#5957,.T.);
#5997=CARTESIAN_POINT('',(0.55,1.9,0.393015846101654));
#5998=DIRECTION('',(-0.034835987916548,-0.034835987916568,0.998785716703916));
#5999=DIRECTION('',(-0.706248153233403,-0.706248153233807,-0.049265526570262));
#6000=AXIS2_PLACEMENT_3D('',#5997,#5998,#5999);
#6001=ELLIPSE('',#6000,0.200243151914525,0.2);
#6002=EDGE_CURVE('',#5877,#5952,#6001,.T.);
#6003=ORIENTED_EDGE('',*,*,#6002,.F.);
#6004=EDGE_LOOP('',(#5994,#5995,#5996,#6003));
#6005=FACE_OUTER_BOUND('',#6004,.T.);
#6006=ADVANCED_FACE('',(#6005),#5993,.F.);
#6007=CARTESIAN_POINT('',(0.55,1.9,0.0));
#6008=DIRECTION('',(0.0,0.0,1.0));
#6009=DIRECTION('',(0.707106781186548,0.707106781186548,0.0));
#6010=AXIS2_PLACEMENT_3D('',#6007,#6008,#6009);
#6011=CYLINDRICAL_SURFACE('',#6010,0.2);
#6012=ORIENTED_EDGE('',*,*,#4334,.T.);
#6013=ORIENTED_EDGE('',*,*,#4422,.T.);
#6014=ORIENTED_EDGE('',*,*,#5890,.F.);
#6015=ORIENTED_EDGE('',*,*,#6002,.T.);
#6016=ORIENTED_EDGE('',*,*,#5967,.F.);
#6017=ORIENTED_EDGE('',*,*,#5782,.T.);
#6018=EDGE_LOOP('',(#6012,#6013,#6014,#6015,#6016,#6017));
#6019=FACE_OUTER_BOUND('',#6018,.T.);
#6020=ADVANCED_FACE('',(#6019),#6011,.F.);
#6021=CARTESIAN_POINT('',(2.7,-2.7,0.0));
#6022=DIRECTION('',(0.0,0.0,1.0));
#6023=DIRECTION('',(0.707106781186547,-0.707106781186547,0.0));
#6024=AXIS2_PLACEMENT_3D('',#6021,#6022,#6023);
#6025=CYLINDRICAL_SURFACE('',#6024,0.3);
#6026=ORIENTED_EDGE('',*,*,#3296,.T.);
#6027=ORIENTED_EDGE('',*,*,#4529,.T.);
#6028=ORIENTED_EDGE('',*,*,#3126,.T.);
#6029=ORIENTED_EDGE('',*,*,#199,.F.);
#6030=EDGE_LOOP('',(#6026,#6027,#6028,#6029));
#6031=FACE_OUTER_BOUND('',#6030,.T.);
#6032=ADVANCED_FACE('',(#6031),#6025,.T.);
#6033=CARTESIAN_POINT('',(2.7,2.7,0.0));
#6034=DIRECTION('',(0.0,0.0,1.0));
#6035=DIRECTION('',(0.707106781186547,0.707106781186547,0.0));
#6036=AXIS2_PLACEMENT_3D('',#6033,#6034,#6035);
#6037=CYLINDRICAL_SURFACE('',#6036,0.3);
#6038=ORIENTED_EDGE('',*,*,#3172,.T.);
#6039=ORIENTED_EDGE('',*,*,#4375,.T.);
#6040=CARTESIAN_POINT('',(2.700000000000006,3.000000000000002,4.440892E-015));
#6041=DIRECTION('',(0.0,0.0,1.0));
#6042=VECTOR('',#6041,3.3);
#6043=LINE('',#6040,#6042);
#6044=EDGE_CURVE('',#4363,#874,#6043,.T.);
#6045=ORIENTED_EDGE('',*,*,#6044,.T.);
#6046=ORIENTED_EDGE('',*,*,#880,.F.);
#6047=EDGE_LOOP('',(#6038,#6039,#6045,#6046));
#6048=FACE_OUTER_BOUND('',#6047,.T.);
#6049=ADVANCED_FACE('',(#6048),#6037,.T.);
#6050=CARTESIAN_POINT('',(-3.000000000000001,3.0,0.0));
#6051=DIRECTION('',(0.0,1.0,0.0));
#6052=DIRECTION('',(0.0,0.0,1.0));
#6053=AXIS2_PLACEMENT_3D('',#6050,#6051,#6052);
#6054=PLANE('',#6053);
#6055=ORIENTED_EDGE('',*,*,#6044,.F.);
#6056=ORIENTED_EDGE('',*,*,#4368,.F.);
#6057=ORIENTED_EDGE('',*,*,#4156,.F.);
#6058=ORIENTED_EDGE('',*,*,#886,.F.);
#6059=EDGE_LOOP('',(#6055,#6056,#6057,#6058));
#6060=FACE_OUTER_BOUND('',#6059,.T.);
#6061=ORIENTED_EDGE('',*,*,#3614,.F.);
#6062=ORIENTED_EDGE('',*,*,#3581,.F.);
#6063=ORIENTED_EDGE('',*,*,#3715,.F.);
#6064=ORIENTED_EDGE('',*,*,#3737,.F.);
#6065=EDGE_LOOP('',(#6061,#6062,#6063,#6064));
#6066=FACE_BOUND('',#6065,.T.);
#6067=ORIENTED_EDGE('',*,*,#3992,.F.);
#6068=ORIENTED_EDGE('',*,*,#3959,.F.);
#6069=ORIENTED_EDGE('',*,*,#4093,.F.);
#6070=ORIENTED_EDGE('',*,*,#4115,.F.);
#6071=EDGE_LOOP('',(#6067,#6068,#6069,#6070));
#6072=FACE_BOUND('',#6071,.T.);
#6073=ADVANCED_FACE('',(#6060,#6066,#6072),#6054,.T.);
#6074=CARTESIAN_POINT('',(2.2,-2.200000000000001,4.100000000000001));
#6075=CARTESIAN_POINT('',(1.872376039599377,-2.457528110845271,4.108403942836575));
#6076=CARTESIAN_POINT('',(1.806904539567614,-2.508991842914098,3.699999999999998));
#6077=CARTESIAN_POINT('',(2.2,-2.200000000000002,4.100000000000001));
#6078=CARTESIAN_POINT('',(2.129904150444647,-2.785152071245895,4.108403942836575));
#6079=CARTESIAN_POINT('',(2.115896382481712,-2.902087303346485,3.699999999999997));
#6080=CARTESIAN_POINT('',(2.200000000000001,-2.200000000000002,4.100000000000001));
#6081=CARTESIAN_POINT('',(2.457528110845271,-2.527623960400625,4.108403942836576));
#6082=CARTESIAN_POINT('',(2.508991842914099,-2.593095460432387,3.699999999999998));
#6083=CARTESIAN_POINT('',(2.200000000000001,-2.200000000000002,4.100000000000001));
#6084=CARTESIAN_POINT('',(2.785152071245895,-2.270095849555355,4.108403942836577));
#6085=CARTESIAN_POINT('',(2.902087303346486,-2.284103617518289,3.699999999999999));
#6086=CARTESIAN_POINT('',(2.200000000000001,-2.200000000000001,4.100000000000001));
#6087=CARTESIAN_POINT('',(2.527623960400625,-1.942471889154731,4.108403942836577));
#6088=CARTESIAN_POINT('',(2.593095460432388,-1.891008157085902,3.699999999999999));
#6089=CARTESIAN_POINT('',(2.200000000000001,-2.200000000000001,4.100000000000001));
#6090=CARTESIAN_POINT('',(2.270095849555355,-1.614847928754107,4.108403942836577));
#6091=CARTESIAN_POINT('',(2.28410361751829,-1.497912696653516,3.7));
#6092=CARTESIAN_POINT('',(2.200000000000001,-2.200000000000001,4.100000000000001));
#6093=CARTESIAN_POINT('',(1.942471889154731,-1.872376039599377,4.108403942836576));
#6094=CARTESIAN_POINT('',(1.891008157085903,-1.806904539567614,3.699999999999999));
#6095=CARTESIAN_POINT('',(2.2,-2.200000000000001,4.100000000000001));
#6096=CARTESIAN_POINT('',(1.614847928754107,-2.129904150444647,4.108403942836575));
#6097=CARTESIAN_POINT('',(1.497912696653517,-2.115896382481711,3.699999999999998));
#6098=CARTESIAN_POINT('',(2.2,-2.200000000000001,4.100000000000001));
#6099=CARTESIAN_POINT('',(1.872376039599377,-2.457528110845271,4.108403942836575));
#6100=CARTESIAN_POINT('',(1.806904539567614,-2.508991842914098,3.699999999999998));
#6108=(BOUNDED_SURFACE()B_SPLINE_SURFACE(2,2,((#6074,#6077,#6080,#6083,#6086,#6089,#6092,#6095,#6098),(#6075,#6078,#6081,#6084,#6087,#6090,#6093,#6096,#6099),(#6076,#6079,#6082,#6085,#6088,#6091,#6094,#6097,#6100)),.UNSPECIFIED.,.F.,.T.,.U.)B_SPLINE_SURFACE_WITH_KNOTS((3,3),(3,2,2,2,3),(-1.590960322345518,-0.201150446797165),(0.0,1.570796326794897,3.141592653589793,4.71238898038469,6.283185307179586),.UNSPECIFIED.)GEOMETRIC_REPRESENTATION_ITEM()RATIONAL_B_SPLINE_SURFACE(((1.0,0.707106781186548,1.0,0.707106781186548,1.0,0.707106781186548,1.0,0.707106781186548,1.0),(0.768114574786858,0.543139024560009,0.768114574786858,0.543139024560009,0.768114574786858,0.543139024560009,0.768114574786858,0.543139024560009,0.768114574786858),(1.0,0.707106781186548,1.0,0.707106781186548,1.0,0.707106781186548,1.0,0.707106781186548,1.0)))REPRESENTATION_ITEM('')SURFACE());
#6109=ORIENTED_EDGE('',*,*,#575,.F.);
#6110=EDGE_LOOP('',(#6109));
#6111=FACE_OUTER_BOUND('',#6110,.T.);
#6112=ADVANCED_FACE('',(#6111),#6108,.T.);
#6113=CARTESIAN_POINT('',(-2.199999999999999,-2.2,4.1));
#6114=CARTESIAN_POINT('',(-2.457528110845269,-1.872376039599377,4.108403942836574));
#6115=CARTESIAN_POINT('',(-2.508991842914096,-1.806904539567614,3.699999999999997));
#6116=CARTESIAN_POINT('',(-2.2,-2.2,4.1));
#6117=CARTESIAN_POINT('',(-2.785152071245893,-2.129904150444647,4.108403942836574));
#6118=CARTESIAN_POINT('',(-2.902087303346483,-2.115896382481712,3.699999999999997));
#6119=CARTESIAN_POINT('',(-2.2,-2.200000000000001,4.1));
#6120=CARTESIAN_POINT('',(-2.527623960400623,-2.457528110845271,4.108403942836575));
#6121=CARTESIAN_POINT('',(-2.593095460432385,-2.508991842914099,3.699999999999998));
#6122=CARTESIAN_POINT('',(-2.2,-2.200000000000001,4.1));
#6123=CARTESIAN_POINT('',(-2.270095849555353,-2.785152071245895,4.108403942836576));
#6124=CARTESIAN_POINT('',(-2.284103617518287,-2.902087303346486,3.699999999999998));
#6125=CARTESIAN_POINT('',(-2.199999999999999,-2.200000000000001,4.1));
#6126=CARTESIAN_POINT('',(-1.942471889154729,-2.527623960400625,4.108403942836576));
#6127=CARTESIAN_POINT('',(-1.891008157085901,-2.593095460432388,3.699999999999999));
#6128=CARTESIAN_POINT('',(-2.199999999999999,-2.200000000000001,4.1));
#6129=CARTESIAN_POINT('',(-1.614847928754105,-2.270095849555355,4.108403942836576));
#6130=CARTESIAN_POINT('',(-1.497912696653514,-2.28410361751829,3.699999999999999));
#6131=CARTESIAN_POINT('',(-2.199999999999999,-2.200000000000001,4.1));
#6132=CARTESIAN_POINT('',(-1.872376039599375,-1.942471889154731,4.108403942836575));
#6133=CARTESIAN_POINT('',(-1.806904539567612,-1.891008157085903,3.699999999999998));
#6134=CARTESIAN_POINT('',(-2.199999999999999,-2.2,4.1));
#6135=CARTESIAN_POINT('',(-2.129904150444645,-1.614847928754107,4.108403942836574));
#6136=CARTESIAN_POINT('',(-2.11589638248171,-1.497912696653517,3.699999999999998));
#6137=CARTESIAN_POINT('',(-2.199999999999999,-2.2,4.1));
#6138=CARTESIAN_POINT('',(-2.457528110845269,-1.872376039599377,4.108403942836574));
#6139=CARTESIAN_POINT('',(-2.508991842914096,-1.806904539567614,3.699999999999997));
#6147=(BOUNDED_SURFACE()B_SPLINE_SURFACE(2,2,((#6113,#6116,#6119,#6122,#6125,#6128,#6131,#6134,#6137),(#6114,#6117,#6120,#6123,#6126,#6129,#6132,#6135,#6138),(#6115,#6118,#6121,#6124,#6127,#6130,#6133,#6136,#6139)),.UNSPECIFIED.,.F.,.T.,.U.)B_SPLINE_SURFACE_WITH_KNOTS((3,3),(3,2,2,2,3),(-1.590960322345518,-0.201150446797165),(0.0,1.570796326794897,3.141592653589793,4.71238898038469,6.283185307179586),.UNSPECIFIED.)GEOMETRIC_REPRESENTATION_ITEM()RATIONAL_B_SPLINE_SURFACE(((1.0,0.707106781186548,1.0,0.707106781186548,1.0,0.707106781186548,1.0,0.707106781186548,1.0),(0.768114574786856,0.543139024560008,0.768114574786856,0.543139024560008,0.768114574786856,0.543139024560008,0.768114574786856,0.543139024560008,0.768114574786856),(1.0,0.707106781186548,1.0,0.707106781186548,1.0,0.707106781186548,1.0,0.707106781186548,1.0)))REPRESENTATION_ITEM('')SURFACE());
#6148=ORIENTED_EDGE('',*,*,#586,.F.);
#6149=EDGE_LOOP('',(#6148));
#6150=FACE_OUTER_BOUND('',#6149,.T.);
#6151=ADVANCED_FACE('',(#6150),#6147,.T.);
#6152=CARTESIAN_POINT('',(-2.2,2.2,4.1));
#6153=CARTESIAN_POINT('',(-1.872376039599377,2.45752811084527,4.108403942836574));
#6154=CARTESIAN_POINT('',(-1.806904539567614,2.508991842914097,3.699999999999997));
#6155=CARTESIAN_POINT('',(-2.2,2.2,4.1));
#6156=CARTESIAN_POINT('',(-2.129904150444647,2.785152071245894,4.108403942836574));
#6157=CARTESIAN_POINT('',(-2.115896382481712,2.902087303346484,3.699999999999997));
#6158=CARTESIAN_POINT('',(-2.200000000000001,2.2,4.1));
#6159=CARTESIAN_POINT('',(-2.457528110845271,2.527623960400624,4.108403942836575));
#6160=CARTESIAN_POINT('',(-2.508991842914099,2.593095460432386,3.699999999999998));
#6161=CARTESIAN_POINT('',(-2.200000000000001,2.2,4.1));
#6162=CARTESIAN_POINT('',(-2.785152071245895,2.270095849555354,4.108403942836576));
#6163=CARTESIAN_POINT('',(-2.902087303346486,2.284103617518288,3.699999999999998));
#6164=CARTESIAN_POINT('',(-2.200000000000001,2.2,4.1));
#6165=CARTESIAN_POINT('',(-2.527623960400625,1.94247188915473,4.108403942836576));
#6166=CARTESIAN_POINT('',(-2.593095460432388,1.891008157085901,3.699999999999999));
#6167=CARTESIAN_POINT('',(-2.200000000000001,2.199999999999999,4.1));
#6168=CARTESIAN_POINT('',(-2.270095849555355,1.614847928754106,4.108403942836576));
#6169=CARTESIAN_POINT('',(-2.28410361751829,1.497912696653514,3.699999999999999));
#6170=CARTESIAN_POINT('',(-2.200000000000001,2.199999999999999,4.1));
#6171=CARTESIAN_POINT('',(-1.942471889154731,1.872376039599376,4.108403942836575));
#6172=CARTESIAN_POINT('',(-1.891008157085903,1.806904539567612,3.699999999999998));
#6173=CARTESIAN_POINT('',(-2.2,2.199999999999999,4.1));
#6174=CARTESIAN_POINT('',(-1.614847928754107,2.129904150444646,4.108403942836574));
#6175=CARTESIAN_POINT('',(-1.497912696653517,2.11589638248171,3.699999999999998));
#6176=CARTESIAN_POINT('',(-2.2,2.2,4.1));
#6177=CARTESIAN_POINT('',(-1.872376039599377,2.45752811084527,4.108403942836574));
#6178=CARTESIAN_POINT('',(-1.806904539567614,2.508991842914097,3.699999999999997));
#6186=(BOUNDED_SURFACE()B_SPLINE_SURFACE(2,2,((#6152,#6155,#6158,#6161,#6164,#6167,#6170,#6173,#6176),(#6153,#6156,#6159,#6162,#6165,#6168,#6171,#6174,#6177),(#6154,#6157,#6160,#6163,#6166,#6169,#6172,#6175,#6178)),.UNSPECIFIED.,.F.,.T.,.U.)B_SPLINE_SURFACE_WITH_KNOTS((3,3),(3,2,2,2,3),(-1.590960322345518,-0.201150446797165),(0.0,1.570796326794897,3.141592653589793,4.71238898038469,6.283185307179586),.UNSPECIFIED.)GEOMETRIC_REPRESENTATION_ITEM()RATIONAL_B_SPLINE_SURFACE(((1.0,0.707106781186548,1.0,0.707106781186548,1.0,0.707106781186548,1.0,0.707106781186548,1.0),(0.768114574786856,0.543139024560008,0.768114574786856,0.543139024560008,0.768114574786856,0.543139024560008,0.768114574786856,0.543139024560008,0.768114574786856),(1.0,0.707106781186548,1.0,0.707106781186548,1.0,0.707106781186548,1.0,0.707106781186548,1.0)))REPRESENTATION_ITEM('')SURFACE());
#6187=ORIENTED_EDGE('',*,*,#597,.F.);
#6188=EDGE_LOOP('',(#6187));
#6189=FACE_OUTER_BOUND('',#6188,.T.);
#6190=ADVANCED_FACE('',(#6189),#6186,.T.);
#6191=CARTESIAN_POINT('',(2.200000000000001,2.200000000000001,4.1));
#6192=CARTESIAN_POINT('',(2.457528110845271,1.872376039599378,4.108403942836574));
#6193=CARTESIAN_POINT('',(2.508991842914098,1.806904539567615,3.699999999999997));
#6194=CARTESIAN_POINT('',(2.200000000000001,2.200000000000001,4.1));
#6195=CARTESIAN_POINT('',(2.785152071245894,2.129904150444648,4.108403942836574));
#6196=CARTESIAN_POINT('',(2.902087303346484,2.115896382481713,3.699999999999997));
#6197=CARTESIAN_POINT('',(2.200000000000001,2.200000000000001,4.1));
#6198=CARTESIAN_POINT('',(2.527623960400624,2.457528110845271,4.108403942836575));
#6199=CARTESIAN_POINT('',(2.593095460432386,2.508991842914099,3.699999999999998));
#6200=CARTESIAN_POINT('',(2.200000000000001,2.200000000000001,4.1));
#6201=CARTESIAN_POINT('',(2.270095849555354,2.785152071245895,4.108403942836576));
#6202=CARTESIAN_POINT('',(2.284103617518289,2.902087303346486,3.699999999999998));
#6203=CARTESIAN_POINT('',(2.200000000000001,2.200000000000001,4.1));
#6204=CARTESIAN_POINT('',(1.942471889154731,2.527623960400625,4.108403942836576));
#6205=CARTESIAN_POINT('',(1.891008157085902,2.593095460432388,3.699999999999999));
#6206=CARTESIAN_POINT('',(2.200000000000001,2.200000000000001,4.1));
#6207=CARTESIAN_POINT('',(1.614847928754107,2.270095849555355,4.108403942836576));
#6208=CARTESIAN_POINT('',(1.497912696653515,2.28410361751829,3.699999999999999));
#6209=CARTESIAN_POINT('',(2.200000000000001,2.200000000000001,4.1));
#6210=CARTESIAN_POINT('',(1.872376039599377,1.942471889154731,4.108403942836575));
#6211=CARTESIAN_POINT('',(1.806904539567613,1.891008157085904,3.699999999999998));
#6212=CARTESIAN_POINT('',(2.200000000000001,2.200000000000001,4.1));
#6213=CARTESIAN_POINT('',(2.129904150444647,1.614847928754107,4.108403942836574));
#6214=CARTESIAN_POINT('',(2.115896382481711,1.497912696653517,3.699999999999998));
#6215=CARTESIAN_POINT('',(2.200000000000001,2.200000000000001,4.1));
#6216=CARTESIAN_POINT('',(2.457528110845271,1.872376039599378,4.108403942836574));
#6217=CARTESIAN_POINT('',(2.508991842914098,1.806904539567615,3.699999999999997));
#6225=(BOUNDED_SURFACE()B_SPLINE_SURFACE(2,2,((#6191,#6194,#6197,#6200,#6203,#6206,#6209,#6212,#6215),(#6192,#6195,#6198,#6201,#6204,#6207,#6210,#6213,#6216),(#6193,#6196,#6199,#6202,#6205,#6208,#6211,#6214,#6217)),.UNSPECIFIED.,.F.,.T.,.U.)B_SPLINE_SURFACE_WITH_KNOTS((3,3),(3,2,2,2,3),(-1.590960322345518,-0.201150446797165),(0.0,1.570796326794897,3.141592653589793,4.71238898038469,6.283185307179586),.UNSPECIFIED.)GEOMETRIC_REPRESENTATION_ITEM()RATIONAL_B_SPLINE_SURFACE(((1.0,0.707106781186548,1.0,0.707106781186548,1.0,0.707106781186548,1.0,0.707106781186548,1.0),(0.768114574786858,0.543139024560009,0.768114574786858,0.543139024560009,0.768114574786858,0.543139024560009,0.768114574786858,0.543139024560009,0.768114574786858),(1.0,0.707106781186548,1.0,0.707106781186548,1.0,0.707106781186548,1.0,0.707106781186548,1.0)))REPRESENTATION_ITEM('')SURFACE());
#6226=ORIENTED_EDGE('',*,*,#608,.F.);
#6227=EDGE_LOOP('',(#6226));
#6228=FACE_OUTER_BOUND('',#6227,.T.);
#6229=ADVANCED_FACE('',(#6228),#6225,.T.);
#6230=CLOSED_SHELL('',(#95,#115,#135,#155,#175,#184,#217,#250,#290,#330,#350,#623,#655,#679,#711,#735,#759,#890,#907,#924,#941,#958,#975,#992,#1009,#1031,#1043,#1055,#1224,#1392,#1423,#1447,#1478,#1527,#1679,#1721,#1752,#1793,#1817,#1834,#1853,#1904,#2048,#2096,#2120,#2144,#2161,#2183,#2200,#2217,#2234,#2251,#2273,#2290,#2307,#2324,#2357,#2391,#2416,#2440,#2467,#2484,#2496,#2520,#2544,#2561,#2594,#2628,#2661,#2700,#2724,#2748,#2772,#2796,#2808,#2825,#2843,#2868,#2885,#2902,#2917,#2934,#2947,#2965,#2990,#3007,#3024,#3039,#3056,#3071,#3089,#3103,#3179,#3255,#3267,#3370,#3410,#3441,#3481,#3514,#3545,#3567,#3602,#3626,#3650,#3674,#3691,#3703,#3727,#3748,#3788,#3819,#3861,#3892,#3914,#3945,#3980,#4004,#4028,#4052,#4069,#4081,#4105,#4126,#4144,#4169,#4200,#4231,#4271,#4311,#4386,#4410,#4442,#4474,#4542,#4566,#4598,#4630,#4757,#4797,#4828,#4868,#4907,#4940,#4972,#5003,#5027,#5060,#5078,#5101,#5121,#5133,#5158,#5176,#5201,#5218,#5236,#5261,#5278,#5296,#5307,#5339,#5362,#5386,#5404,#5429,#5446,#5471,#5488,#5506,#5523,#5547,#5565,#5583,#5600,#5612,#5637,#5660,#5699,#5723,#5741,#5758,#5770,#5801,#5826,#5853,#5870,#5902,#5920,#5945,#5971,#5988,#6006,#6020,#6032,#6049,#6073,#6112,#6151,#6190,#6229));
#6231=CARTESIAN_POINT('',(-5.551115E-016,5.551115E-016,2.1));
#6232=DIRECTION('',(0.0,0.0,-1.0));
#6233=DIRECTION('',(-0.715785745157239,-0.698319960354633,0.0));
#6234=AXIS2_PLACEMENT_3D('',#6231,#6232,#6233);
#6235=PLANE('',#6234);
#6236=CARTESIAN_POINT('',(0.55,-2.1,2.099999999999999));
#6237=VERTEX_POINT('',#6236);
#6238=CARTESIAN_POINT('',(0.7,-1.95,2.099999999999999));
#6239=VERTEX_POINT('',#6238);
#6240=CARTESIAN_POINT('',(0.55,-1.95,2.099999999999999));
#6241=DIRECTION('',(0.0,0.0,1.0));
#6242=DIRECTION('',(0.707106781186547,-0.707106781186548,0.0));
#6243=AXIS2_PLACEMENT_3D('',#6240,#6241,#6242);
#6244=CIRCLE('',#6243,0.15);
#6245=EDGE_CURVE('',#6237,#6239,#6244,.T.);
#6246=ORIENTED_EDGE('',*,*,#6245,.F.);
#6247=CARTESIAN_POINT('',(-0.55,-2.1,2.099999999999999));
#6248=VERTEX_POINT('',#6247);
#6249=CARTESIAN_POINT('',(0.55,-2.1,2.099999999999999));
#6250=DIRECTION('',(-1.0,0.0,0.0));
#6251=VECTOR('',#6250,1.1);
#6252=LINE('',#6249,#6251);
#6253=EDGE_CURVE('',#6237,#6248,#6252,.T.);
#6254=ORIENTED_EDGE('',*,*,#6253,.T.);
#6255=CARTESIAN_POINT('',(-0.7,-1.95,2.099999999999999));
#6256=VERTEX_POINT('',#6255);
#6257=CARTESIAN_POINT('',(-0.55,-1.95,2.099999999999999));
#6258=DIRECTION('',(0.0,0.0,1.0));
#6259=DIRECTION('',(-0.707106781186547,-0.707106781186548,0.0));
#6260=AXIS2_PLACEMENT_3D('',#6257,#6258,#6259);
#6261=CIRCLE('',#6260,0.15);
#6262=EDGE_CURVE('',#6256,#6248,#6261,.T.);
#6263=ORIENTED_EDGE('',*,*,#6262,.F.);
#6264=CARTESIAN_POINT('',(-0.7,-1.810386699023167,2.099999999999999));
#6265=VERTEX_POINT('',#6264);
#6266=CARTESIAN_POINT('',(-0.7,-1.95,2.099999999999999));
#6267=DIRECTION('',(0.0,1.0,0.0));
#6268=VECTOR('',#6267,0.139613300976833);
#6269=LINE('',#6266,#6268);
#6270=EDGE_CURVE('',#6256,#6265,#6269,.T.);
#6271=ORIENTED_EDGE('',*,*,#6270,.T.);
#6272=CARTESIAN_POINT('',(-0.78625,-1.67460769659643,2.099999999999999));
#6273=VERTEX_POINT('',#6272);
#6274=CARTESIAN_POINT('',(-0.85,-1.810386699023167,2.099999999999999));
#6275=DIRECTION('',(0.0,0.0,-1.0));
#6276=DIRECTION('',(0.844097150806707,0.53619026473818,0.0));
#6277=AXIS2_PLACEMENT_3D('',#6274,#6275,#6276);
#6278=CIRCLE('',#6277,0.15);
#6279=EDGE_CURVE('',#6273,#6265,#6278,.T.);
#6280=ORIENTED_EDGE('',*,*,#6279,.F.);
#6281=CARTESIAN_POINT('',(-1.67460769659643,-0.78625,2.099999999999999));
#6282=VERTEX_POINT('',#6281);
#6283=CARTESIAN_POINT('',(0.0,0.0,2.099999999999999));
#6284=DIRECTION('',(0.0,0.0,-1.0));
#6285=DIRECTION('',(-1.0,0.0,0.0));
#6286=AXIS2_PLACEMENT_3D('',#6283,#6284,#6285);
#6287=CIRCLE('',#6286,1.85);
#6288=EDGE_CURVE('',#6273,#6282,#6287,.T.);
#6289=ORIENTED_EDGE('',*,*,#6288,.T.);
#6290=CARTESIAN_POINT('',(-1.810386699023167,-0.7,2.099999999999999));
#6291=VERTEX_POINT('',#6290);
#6292=CARTESIAN_POINT('',(-1.810386699023167,-0.85,2.099999999999999));
#6293=DIRECTION('',(0.0,0.0,-1.0));
#6294=DIRECTION('',(0.536190264738181,0.844097150806707,0.0));
#6295=AXIS2_PLACEMENT_3D('',#6292,#6293,#6294);
#6296=CIRCLE('',#6295,0.15);
#6297=EDGE_CURVE('',#6291,#6282,#6296,.T.);
#6298=ORIENTED_EDGE('',*,*,#6297,.F.);
#6299=CARTESIAN_POINT('',(-1.9,-0.7,2.099999999999999));
#6300=VERTEX_POINT('',#6299);
#6301=CARTESIAN_POINT('',(-1.810386699023167,-0.7,2.099999999999999));
#6302=DIRECTION('',(-1.0,0.0,0.0));
#6303=VECTOR('',#6302,0.089613300976833);
#6304=LINE('',#6301,#6303);
#6305=EDGE_CURVE('',#6291,#6300,#6304,.T.);
#6306=ORIENTED_EDGE('',*,*,#6305,.T.);
#6307=CARTESIAN_POINT('',(-1.9,0.7,2.099999999999999));
#6308=VERTEX_POINT('',#6307);
#6309=CARTESIAN_POINT('',(-1.9,-0.7,2.099999999999999));
#6310=DIRECTION('',(0.0,1.0,0.0));
#6311=VECTOR('',#6310,1.4);
#6312=LINE('',#6309,#6311);
#6313=EDGE_CURVE('',#6300,#6308,#6312,.T.);
#6314=ORIENTED_EDGE('',*,*,#6313,.T.);
#6315=CARTESIAN_POINT('',(-1.810386699023168,0.7,2.099999999999999));
#6316=VERTEX_POINT('',#6315);
#6317=CARTESIAN_POINT('',(-1.9,0.7,2.099999999999999));
#6318=DIRECTION('',(1.0,0.0,0.0));
#6319=VECTOR('',#6318,0.089613300976833);
#6320=LINE('',#6317,#6319);
#6321=EDGE_CURVE('',#6308,#6316,#6320,.T.);
#6322=ORIENTED_EDGE('',*,*,#6321,.T.);
#6323=CARTESIAN_POINT('',(-1.67460769659643,0.78625,2.099999999999999));
#6324=VERTEX_POINT('',#6323);
#6325=CARTESIAN_POINT('',(-1.810386699023168,0.85,2.099999999999999));
#6326=DIRECTION('',(0.0,0.0,-1.0));
#6327=DIRECTION('',(0.536190264738179,-0.844097150806707,0.0));
#6328=AXIS2_PLACEMENT_3D('',#6325,#6326,#6327);
#6329=CIRCLE('',#6328,0.15);
#6330=EDGE_CURVE('',#6324,#6316,#6329,.T.);
#6331=ORIENTED_EDGE('',*,*,#6330,.F.);
#6332=CARTESIAN_POINT('',(-0.78625,1.67460769659643,2.099999999999999));
#6333=VERTEX_POINT('',#6332);
#6334=CARTESIAN_POINT('',(0.0,0.0,2.099999999999999));
#6335=DIRECTION('',(0.0,0.0,-1.0));
#6336=DIRECTION('',(-1.0,0.0,0.0));
#6337=AXIS2_PLACEMENT_3D('',#6334,#6335,#6336);
#6338=CIRCLE('',#6337,1.85);
#6339=EDGE_CURVE('',#6324,#6333,#6338,.T.);
#6340=ORIENTED_EDGE('',*,*,#6339,.T.);
#6341=CARTESIAN_POINT('',(-0.7,1.810386699023167,2.099999999999999));
#6342=VERTEX_POINT('',#6341);
#6343=CARTESIAN_POINT('',(-0.85,1.810386699023167,2.099999999999999));
#6344=DIRECTION('',(0.0,0.0,-1.0));
#6345=DIRECTION('',(0.844097150806707,-0.53619026473818,0.0));
#6346=AXIS2_PLACEMENT_3D('',#6343,#6344,#6345);
#6347=CIRCLE('',#6346,0.15);
#6348=EDGE_CURVE('',#6342,#6333,#6347,.T.);
#6349=ORIENTED_EDGE('',*,*,#6348,.F.);
#6350=CARTESIAN_POINT('',(-0.7,1.95,2.099999999999999));
#6351=VERTEX_POINT('',#6350);
#6352=CARTESIAN_POINT('',(-0.7,1.810386699023167,2.099999999999999));
#6353=DIRECTION('',(0.0,1.0,0.0));
#6354=VECTOR('',#6353,0.139613300976833);
#6355=LINE('',#6352,#6354);
#6356=EDGE_CURVE('',#6342,#6351,#6355,.T.);
#6357=ORIENTED_EDGE('',*,*,#6356,.T.);
#6358=CARTESIAN_POINT('',(-0.55,2.1,2.099999999999999));
#6359=VERTEX_POINT('',#6358);
#6360=CARTESIAN_POINT('',(-0.55,1.95,2.099999999999999));
#6361=DIRECTION('',(0.0,0.0,1.0));
#6362=DIRECTION('',(-0.707106781186547,0.707106781186548,0.0));
#6363=AXIS2_PLACEMENT_3D('',#6360,#6361,#6362);
#6364=CIRCLE('',#6363,0.15);
#6365=EDGE_CURVE('',#6359,#6351,#6364,.T.);
#6366=ORIENTED_EDGE('',*,*,#6365,.F.);
#6367=CARTESIAN_POINT('',(0.55,2.1,2.099999999999999));
#6368=VERTEX_POINT('',#6367);
#6369=CARTESIAN_POINT('',(-0.55,2.1,2.099999999999999));
#6370=DIRECTION('',(1.0,0.0,0.0));
#6371=VECTOR('',#6370,1.1);
#6372=LINE('',#6369,#6371);
#6373=EDGE_CURVE('',#6359,#6368,#6372,.T.);
#6374=ORIENTED_EDGE('',*,*,#6373,.T.);
#6375=CARTESIAN_POINT('',(0.7,1.95,2.099999999999999));
#6376=VERTEX_POINT('',#6375);
#6377=CARTESIAN_POINT('',(0.55,1.95,2.099999999999999));
#6378=DIRECTION('',(0.0,0.0,1.0));
#6379=DIRECTION('',(0.707106781186547,0.707106781186548,0.0));
#6380=AXIS2_PLACEMENT_3D('',#6377,#6378,#6379);
#6381=CIRCLE('',#6380,0.15);
#6382=EDGE_CURVE('',#6376,#6368,#6381,.T.);
#6383=ORIENTED_EDGE('',*,*,#6382,.F.);
#6384=CARTESIAN_POINT('',(0.7,1.810386699023168,2.099999999999999));
#6385=VERTEX_POINT('',#6384);
#6386=CARTESIAN_POINT('',(0.7,1.95,2.099999999999999));
#6387=DIRECTION('',(0.0,-1.0,0.0));
#6388=VECTOR('',#6387,0.139613300976832);
#6389=LINE('',#6386,#6388);
#6390=EDGE_CURVE('',#6376,#6385,#6389,.T.);
#6391=ORIENTED_EDGE('',*,*,#6390,.T.);
#6392=CARTESIAN_POINT('',(0.78625,1.67460769659643,2.099999999999999));
#6393=VERTEX_POINT('',#6392);
#6394=CARTESIAN_POINT('',(0.85,1.810386699023168,2.099999999999999));
#6395=DIRECTION('',(0.0,0.0,-1.0));
#6396=DIRECTION('',(-0.844097150806708,-0.536190264738179,0.0));
#6397=AXIS2_PLACEMENT_3D('',#6394,#6395,#6396);
#6398=CIRCLE('',#6397,0.15);
#6399=EDGE_CURVE('',#6393,#6385,#6398,.T.);
#6400=ORIENTED_EDGE('',*,*,#6399,.F.);
#6401=CARTESIAN_POINT('',(1.67460769659643,0.78625,2.099999999999999));
#6402=VERTEX_POINT('',#6401);
#6403=CARTESIAN_POINT('',(0.0,0.0,2.099999999999999));
#6404=DIRECTION('',(0.0,0.0,-1.0));
#6405=DIRECTION('',(-1.0,0.0,0.0));
#6406=AXIS2_PLACEMENT_3D('',#6403,#6404,#6405);
#6407=CIRCLE('',#6406,1.85);
#6408=EDGE_CURVE('',#6393,#6402,#6407,.T.);
#6409=ORIENTED_EDGE('',*,*,#6408,.T.);
#6410=CARTESIAN_POINT('',(1.810386699023167,0.7,2.099999999999999));
#6411=VERTEX_POINT('',#6410);
#6412=CARTESIAN_POINT('',(1.810386699023167,0.85,2.099999999999999));
#6413=DIRECTION('',(0.0,0.0,-1.0));
#6414=DIRECTION('',(-0.53619026473818,-0.844097150806707,0.0));
#6415=AXIS2_PLACEMENT_3D('',#6412,#6413,#6414);
#6416=CIRCLE('',#6415,0.15);
#6417=EDGE_CURVE('',#6411,#6402,#6416,.T.);
#6418=ORIENTED_EDGE('',*,*,#6417,.F.);
#6419=CARTESIAN_POINT('',(1.9,0.7,2.099999999999999));
#6420=VERTEX_POINT('',#6419);
#6421=CARTESIAN_POINT('',(1.810386699023167,0.7,2.099999999999999));
#6422=DIRECTION('',(1.0,0.0,0.0));
#6423=VECTOR('',#6422,0.089613300976833);
#6424=LINE('',#6421,#6423);
#6425=EDGE_CURVE('',#6411,#6420,#6424,.T.);
#6426=ORIENTED_EDGE('',*,*,#6425,.T.);
#6427=CARTESIAN_POINT('',(1.9,-0.7,2.099999999999999));
#6428=VERTEX_POINT('',#6427);
#6429=CARTESIAN_POINT('',(1.9,0.7,2.099999999999999));
#6430=DIRECTION('',(0.0,-1.0,0.0));
#6431=VECTOR('',#6430,1.4);
#6432=LINE('',#6429,#6431);
#6433=EDGE_CURVE('',#6420,#6428,#6432,.T.);
#6434=ORIENTED_EDGE('',*,*,#6433,.T.);
#6435=CARTESIAN_POINT('',(1.810386699023167,-0.7,2.099999999999999));
#6436=VERTEX_POINT('',#6435);
#6437=CARTESIAN_POINT('',(1.9,-0.7,2.099999999999999));
#6438=DIRECTION('',(-1.0,0.0,0.0));
#6439=VECTOR('',#6438,0.089613300976833);
#6440=LINE('',#6437,#6439);
#6441=EDGE_CURVE('',#6428,#6436,#6440,.T.);
#6442=ORIENTED_EDGE('',*,*,#6441,.T.);
#6443=CARTESIAN_POINT('',(1.67460769659643,-0.78625,2.099999999999999));
#6444=VERTEX_POINT('',#6443);
#6445=CARTESIAN_POINT('',(1.810386699023167,-0.85,2.099999999999999));
#6446=DIRECTION('',(0.0,0.0,-1.0));
#6447=DIRECTION('',(-0.536190264738181,0.844097150806707,0.0));
#6448=AXIS2_PLACEMENT_3D('',#6445,#6446,#6447);
#6449=CIRCLE('',#6448,0.15);
#6450=EDGE_CURVE('',#6444,#6436,#6449,.T.);
#6451=ORIENTED_EDGE('',*,*,#6450,.F.);
#6452=CARTESIAN_POINT('',(0.78625,-1.67460769659643,2.099999999999999));
#6453=VERTEX_POINT('',#6452);
#6454=CARTESIAN_POINT('',(0.0,0.0,2.099999999999999));
#6455=DIRECTION('',(0.0,0.0,-1.0));
#6456=DIRECTION('',(-1.0,0.0,0.0));
#6457=AXIS2_PLACEMENT_3D('',#6454,#6455,#6456);
#6458=CIRCLE('',#6457,1.85);
#6459=EDGE_CURVE('',#6444,#6453,#6458,.T.);
#6460=ORIENTED_EDGE('',*,*,#6459,.T.);
#6461=CARTESIAN_POINT('',(0.7,-1.810386699023168,2.099999999999999));
#6462=VERTEX_POINT('',#6461);
#6463=CARTESIAN_POINT('',(0.85,-1.810386699023168,2.099999999999999));
#6464=DIRECTION('',(0.0,0.0,-1.0));
#6465=DIRECTION('',(-0.844097150806708,0.536190264738179,0.0));
#6466=AXIS2_PLACEMENT_3D('',#6463,#6464,#6465);
#6467=CIRCLE('',#6466,0.15);
#6468=EDGE_CURVE('',#6462,#6453,#6467,.T.);
#6469=ORIENTED_EDGE('',*,*,#6468,.F.);
#6470=CARTESIAN_POINT('',(0.7,-1.810386699023168,2.099999999999999));
#6471=DIRECTION('',(0.0,-1.0,0.0));
#6472=VECTOR('',#6471,0.139613300976832);
#6473=LINE('',#6470,#6472);
#6474=EDGE_CURVE('',#6462,#6239,#6473,.T.);
#6475=ORIENTED_EDGE('',*,*,#6474,.T.);
#6476=EDGE_LOOP('',(#6246,#6254,#6263,#6271,#6280,#6289,#6298,#6306,#6314,#6322,#6331,#6340,#6349,#6357,#6366,#6374,#6383,#6391,#6400,#6409,#6418,#6426,#6434,#6442,#6451,#6460,#6469,#6475));
#6477=FACE_OUTER_BOUND('',#6476,.T.);
#6478=ADVANCED_FACE('',(#6477),#6235,.T.);
#6479=CARTESIAN_POINT('',(-1.097167E-014,-9.722605E-015,-7.481249999999991));
#6480=DIRECTION('',(0.717492035139651,-0.696566708586595,-1.450480E-016));
#6481=DIRECTION('',(0.696566708586595,0.717492035139651,-1.643993E-015));
#6482=AXIS2_PLACEMENT_3D('',#6479,#6480,#6481);
#6483=SPHERICAL_SURFACE('',#6482,9.581249999999995);
#6484=CARTESIAN_POINT('',(1.218991740026542,1.25561106149439,1.938827046526741));
#6485=VERTEX_POINT('',#6484);
#6486=CARTESIAN_POINT('',(7.905701E-016,4.314153E-016,1.938827046526743));
#6487=DIRECTION('',(-1.145151E-015,-1.179552E-015,-1.0));
#6488=DIRECTION('',(0.696566708586595,0.717492035139651,-1.643993E-015));
#6489=AXIS2_PLACEMENT_3D('',#6486,#6487,#6488);
#6490=CIRCLE('',#6489,1.75);
#6491=EDGE_CURVE('',#6485,#6485,#6490,.T.);
#6492=ORIENTED_EDGE('',*,*,#6491,.F.);
#6493=EDGE_LOOP('',(#6492));
#6494=FACE_OUTER_BOUND('',#6493,.T.);
#6495=ADVANCED_FACE('',(#6494),#6483,.T.);
#6496=CARTESIAN_POINT('',(7.704074E-016,4.146894E-016,1.919413523263371));
#6497=DIRECTION('',(1.038591E-015,8.615583E-016,1.0));
#6498=DIRECTION('',(0.696566708586595,0.717492035139651,-1.643993E-015));
#6499=AXIS2_PLACEMENT_3D('',#6496,#6497,#6498);
#6500=CONICAL_SURFACE('',#6499,1.745000000000001,14.442782051042473);
#6501=CARTESIAN_POINT('',(0.5,1.666613332479974,1.899999999999998));
#6502=VERTEX_POINT('',#6501);
#6503=CARTESIAN_POINT('',(0.500000000000003,-1.666613332479972,1.900000000000001));
#6504=VERTEX_POINT('',#6503);
#6505=CARTESIAN_POINT('',(7.502447E-016,3.979635E-016,1.9));
#6506=DIRECTION('',(-1.145151E-015,-1.179552E-015,-1.0));
#6507=DIRECTION('',(0.696566708586595,0.717492035139651,-1.643993E-015));
#6508=AXIS2_PLACEMENT_3D('',#6505,#6506,#6507);
#6509=CIRCLE('',#6508,1.74);
#6510=EDGE_CURVE('',#6502,#6504,#6509,.T.);
#6511=ORIENTED_EDGE('',*,*,#6510,.F.);
#6512=CARTESIAN_POINT('',(-0.5,1.666613332479973,1.899999999999999));
#6513=VERTEX_POINT('',#6512);
#6514=CARTESIAN_POINT('',(7.502447E-016,3.979635E-016,1.900000000000001));
#6515=DIRECTION('',(-1.145151E-015,-1.179552E-015,-1.0));
#6516=DIRECTION('',(0.696566708586595,0.717492035139651,-1.643993E-015));
#6517=AXIS2_PLACEMENT_3D('',#6514,#6515,#6516);
#6518=CIRCLE('',#6517,1.74);
#6519=EDGE_CURVE('',#6513,#6502,#6518,.T.);
#6520=ORIENTED_EDGE('',*,*,#6519,.F.);
#6521=CARTESIAN_POINT('',(-0.499999999999998,-1.666613332479973,1.900000000000002));
#6522=VERTEX_POINT('',#6521);
#6523=CARTESIAN_POINT('',(7.502447E-016,3.979635E-016,1.9));
#6524=DIRECTION('',(-1.145151E-015,-1.179552E-015,-1.0));
#6525=DIRECTION('',(0.696566708586595,0.717492035139651,-1.643993E-015));
#6526=AXIS2_PLACEMENT_3D('',#6523,#6524,#6525);
#6527=CIRCLE('',#6526,1.74);
#6528=EDGE_CURVE('',#6522,#6513,#6527,.T.);
#6529=ORIENTED_EDGE('',*,*,#6528,.F.);
#6530=CARTESIAN_POINT('',(7.502447E-016,3.979635E-016,1.899999999999998));
#6531=DIRECTION('',(-1.145151E-015,-1.179552E-015,-1.0));
#6532=DIRECTION('',(0.696566708586595,0.717492035139651,-1.643993E-015));
#6533=AXIS2_PLACEMENT_3D('',#6530,#6531,#6532);
#6534=CIRCLE('',#6533,1.74);
#6535=EDGE_CURVE('',#6504,#6522,#6534,.T.);
#6536=ORIENTED_EDGE('',*,*,#6535,.F.);
#6537=EDGE_LOOP('',(#6511,#6520,#6529,#6536));
#6538=FACE_OUTER_BOUND('',#6537,.T.);
#6539=ORIENTED_EDGE('',*,*,#6491,.T.);
#6540=EDGE_LOOP('',(#6539));
#6541=FACE_BOUND('',#6540,.T.);
#6542=ADVANCED_FACE('',(#6538,#6541),#6500,.T.);
#6543=CARTESIAN_POINT('',(-1.097167E-014,-9.722605E-015,-7.481249999999991));
#6544=DIRECTION('',(0.717492035139651,-0.696566708586595,-1.450480E-016));
#6545=DIRECTION('',(0.696566708586595,0.717492035139651,-1.643993E-015));
#6546=AXIS2_PLACEMENT_3D('',#6543,#6544,#6545);
#6547=SPHERICAL_SURFACE('',#6546,9.541249999999995);
#6548=ORIENTED_EDGE('',*,*,#6510,.T.);
#6549=ORIENTED_EDGE('',*,*,#6535,.T.);
#6550=ORIENTED_EDGE('',*,*,#6528,.T.);
#6551=ORIENTED_EDGE('',*,*,#6519,.T.);
#6552=EDGE_LOOP('',(#6548,#6549,#6550,#6551));
#6553=FACE_OUTER_BOUND('',#6552,.T.);
#6554=ADVANCED_FACE('',(#6553),#6547,.F.);
#6555=CARTESIAN_POINT('',(-1.448114E-016,1.674999999999991,1.9));
#6556=DIRECTION('',(0.0,0.0,-1.0));
#6557=DIRECTION('',(-1.0,0.0,0.0));
#6558=AXIS2_PLACEMENT_3D('',#6555,#6556,#6557);
#6559=PLANE('',#6558);
#6560=CARTESIAN_POINT('',(7.502447E-016,3.979635E-016,1.900000000000001));
#6561=DIRECTION('',(-1.145151E-015,-1.179552E-015,-1.0));
#6562=DIRECTION('',(0.696566708586595,0.717492035139651,-1.643993E-015));
#6563=AXIS2_PLACEMENT_3D('',#6560,#6561,#6562);
#6564=CIRCLE('',#6563,1.74);
#6565=EDGE_CURVE('',#6513,#6502,#6564,.T.);
#6566=ORIENTED_EDGE('',*,*,#6565,.F.);
#6567=CARTESIAN_POINT('',(-0.5,1.449999999999989,1.9));
#6568=VERTEX_POINT('',#6567);
#6569=CARTESIAN_POINT('',(-0.5,1.666613332479973,1.9));
#6570=DIRECTION('',(0.0,-1.0,0.0));
#6571=VECTOR('',#6570,0.216613332479984);
#6572=LINE('',#6569,#6571);
#6573=EDGE_CURVE('',#6513,#6568,#6572,.T.);
#6574=ORIENTED_EDGE('',*,*,#6573,.T.);
#6575=CARTESIAN_POINT('',(0.5,1.449999999999992,1.9));
#6576=VERTEX_POINT('',#6575);
#6577=CARTESIAN_POINT('',(-0.5,1.449999999999989,1.9));
#6578=DIRECTION('',(1.0,0.0,0.0));
#6579=VECTOR('',#6578,1.0);
#6580=LINE('',#6577,#6579);
#6581=EDGE_CURVE('',#6568,#6576,#6580,.T.);
#6582=ORIENTED_EDGE('',*,*,#6581,.T.);
#6583=CARTESIAN_POINT('',(0.5,1.449999999999992,1.899999999999999));
#6584=DIRECTION('',(0.0,1.0,0.0));
#6585=VECTOR('',#6584,0.216613332479981);
#6586=LINE('',#6583,#6585);
#6587=EDGE_CURVE('',#6576,#6502,#6586,.T.);
#6588=ORIENTED_EDGE('',*,*,#6587,.T.);
#6589=EDGE_LOOP('',(#6566,#6574,#6582,#6588));
#6590=FACE_OUTER_BOUND('',#6589,.T.);
#6591=ADVANCED_FACE('',(#6590),#6559,.F.);
#6592=CARTESIAN_POINT('',(2.458662E-015,-1.674999999999991,1.9));
#6593=DIRECTION('',(0.0,0.0,1.0));
#6594=DIRECTION('',(-1.0,0.0,0.0));
#6595=AXIS2_PLACEMENT_3D('',#6592,#6593,#6594);
#6596=PLANE('',#6595);
#6597=CARTESIAN_POINT('',(7.502447E-016,3.979635E-016,1.899999999999998));
#6598=DIRECTION('',(-1.145151E-015,-1.179552E-015,-1.0));
#6599=DIRECTION('',(0.696566708586595,0.717492035139651,-1.643993E-015));
#6600=AXIS2_PLACEMENT_3D('',#6597,#6598,#6599);
#6601=CIRCLE('',#6600,1.74);
#6602=EDGE_CURVE('',#6504,#6522,#6601,.T.);
#6603=ORIENTED_EDGE('',*,*,#6602,.F.);
#6604=CARTESIAN_POINT('',(0.500000000000002,-1.449999999999992,1.9));
#6605=VERTEX_POINT('',#6604);
#6606=CARTESIAN_POINT('',(0.500000000000002,-1.449999999999992,1.899999999999999));
#6607=DIRECTION('',(0.0,-1.0,0.0));
#6608=VECTOR('',#6607,0.216613332479981);
#6609=LINE('',#6606,#6608);
#6610=EDGE_CURVE('',#6605,#6504,#6609,.T.);
#6611=ORIENTED_EDGE('',*,*,#6610,.F.);
#6612=CARTESIAN_POINT('',(-0.499999999999998,-1.44999999999999,1.9));
#6613=VERTEX_POINT('',#6612);
#6614=CARTESIAN_POINT('',(-0.499999999999998,-1.44999999999999,1.9));
#6615=DIRECTION('',(1.0,0.0,0.0));
#6616=VECTOR('',#6615,1.0);
#6617=LINE('',#6614,#6616);
#6618=EDGE_CURVE('',#6613,#6605,#6617,.T.);
#6619=ORIENTED_EDGE('',*,*,#6618,.F.);
#6620=CARTESIAN_POINT('',(-0.499999999999998,-1.666613332479973,1.9));
#6621=DIRECTION('',(0.0,1.0,0.0));
#6622=VECTOR('',#6621,0.216613332479983);
#6623=LINE('',#6620,#6622);
#6624=EDGE_CURVE('',#6522,#6613,#6623,.T.);
#6625=ORIENTED_EDGE('',*,*,#6624,.F.);
#6626=EDGE_LOOP('',(#6603,#6611,#6619,#6625));
#6627=FACE_OUTER_BOUND('',#6626,.T.);
#6628=ADVANCED_FACE('',(#6627),#6596,.T.);
#6629=CARTESIAN_POINT('',(0.85,1.810386699023168,2.099999999999999));
#6630=DIRECTION('',(0.0,0.0,-1.0));
#6631=DIRECTION('',(-0.844097150806708,-0.536190264738179,0.0));
#6632=AXIS2_PLACEMENT_3D('',#6629,#6630,#6631);
#6633=CYLINDRICAL_SURFACE('',#6632,0.15);
#6634=ORIENTED_EDGE('',*,*,#6399,.T.);
#6635=CARTESIAN_POINT('',(0.7,1.810386699023168,1.699999999999999));
#6636=VERTEX_POINT('',#6635);
#6637=CARTESIAN_POINT('',(0.7,1.810386699023168,2.099999999999999));
#6638=DIRECTION('',(0.0,0.0,-1.0));
#6639=VECTOR('',#6638,0.4);
#6640=LINE('',#6637,#6639);
#6641=EDGE_CURVE('',#6385,#6636,#6640,.T.);
#6642=ORIENTED_EDGE('',*,*,#6641,.T.);
#6643=CARTESIAN_POINT('',(0.78625,1.67460769659643,1.699999999999999));
#6644=VERTEX_POINT('',#6643);
#6645=CARTESIAN_POINT('',(0.85,1.810386699023168,1.7));
#6646=DIRECTION('',(0.0,0.0,-1.0));
#6647=DIRECTION('',(-0.844097150806708,-0.536190264738179,0.0));
#6648=AXIS2_PLACEMENT_3D('',#6645,#6646,#6647);
#6649=CIRCLE('',#6648,0.15);
#6650=EDGE_CURVE('',#6644,#6636,#6649,.T.);
#6651=ORIENTED_EDGE('',*,*,#6650,.F.);
#6652=CARTESIAN_POINT('',(0.78625,1.674607696596431,1.699999999999999));
#6653=DIRECTION('',(0.0,0.0,1.0));
#6654=VECTOR('',#6653,0.4);
#6655=LINE('',#6652,#6654);
#6656=EDGE_CURVE('',#6644,#6393,#6655,.T.);
#6657=ORIENTED_EDGE('',*,*,#6656,.T.);
#6658=EDGE_LOOP('',(#6634,#6642,#6651,#6657));
#6659=FACE_OUTER_BOUND('',#6658,.T.);
#6660=ADVANCED_FACE('',(#6659),#6633,.T.);
#6661=CARTESIAN_POINT('',(0.7,2.1,2.099999999999999));
#6662=DIRECTION('',(1.0,0.0,0.0));
#6663=DIRECTION('',(0.0,-1.0,0.0));
#6664=AXIS2_PLACEMENT_3D('',#6661,#6662,#6663);
#6665=PLANE('',#6664);
#6666=ORIENTED_EDGE('',*,*,#6641,.F.);
#6667=ORIENTED_EDGE('',*,*,#6390,.F.);
#6668=CARTESIAN_POINT('',(0.7,1.95,1.699999999999999));
#6669=VERTEX_POINT('',#6668);
#6670=CARTESIAN_POINT('',(0.7,1.95,1.699999999999999));
#6671=DIRECTION('',(0.0,0.0,1.0));
#6672=VECTOR('',#6671,0.4);
#6673=LINE('',#6670,#6672);
#6674=EDGE_CURVE('',#6669,#6376,#6673,.T.);
#6675=ORIENTED_EDGE('',*,*,#6674,.F.);
#6676=CARTESIAN_POINT('',(0.7,1.810386699023168,1.699999999999999));
#6677=DIRECTION('',(0.0,1.0,0.0));
#6678=VECTOR('',#6677,0.139613300976833);
#6679=LINE('',#6676,#6678);
#6680=EDGE_CURVE('',#6636,#6669,#6679,.T.);
#6681=ORIENTED_EDGE('',*,*,#6680,.F.);
#6682=EDGE_LOOP('',(#6666,#6667,#6675,#6681));
#6683=FACE_OUTER_BOUND('',#6682,.T.);
#6684=ADVANCED_FACE('',(#6683),#6665,.F.);
#6685=CARTESIAN_POINT('',(-0.85,1.810386699023167,2.099999999999999));
#6686=DIRECTION('',(0.0,0.0,1.0));
#6687=DIRECTION('',(0.844097150806707,-0.53619026473818,0.0));
#6688=AXIS2_PLACEMENT_3D('',#6685,#6686,#6687);
#6689=CYLINDRICAL_SURFACE('',#6688,0.15);
#6690=ORIENTED_EDGE('',*,*,#6348,.T.);
#6691=CARTESIAN_POINT('',(-0.78625,1.67460769659643,1.699999999999999));
#6692=VERTEX_POINT('',#6691);
#6693=CARTESIAN_POINT('',(-0.78625,1.67460769659643,2.099999999999999));
#6694=DIRECTION('',(0.0,0.0,-1.0));
#6695=VECTOR('',#6694,0.4);
#6696=LINE('',#6693,#6695);
#6697=EDGE_CURVE('',#6333,#6692,#6696,.T.);
#6698=ORIENTED_EDGE('',*,*,#6697,.T.);
#6699=CARTESIAN_POINT('',(-0.7,1.810386699023167,1.699999999999999));
#6700=VERTEX_POINT('',#6699);
#6701=CARTESIAN_POINT('',(-0.85,1.810386699023167,1.7));
#6702=DIRECTION('',(0.0,0.0,-1.0));
#6703=DIRECTION('',(0.844097150806707,-0.53619026473818,0.0));
#6704=AXIS2_PLACEMENT_3D('',#6701,#6702,#6703);
#6705=CIRCLE('',#6704,0.15);
#6706=EDGE_CURVE('',#6700,#6692,#6705,.T.);
#6707=ORIENTED_EDGE('',*,*,#6706,.F.);
#6708=CARTESIAN_POINT('',(-0.7,1.810386699023167,1.699999999999999));
#6709=DIRECTION('',(0.0,0.0,1.0));
#6710=VECTOR('',#6709,0.4);
#6711=LINE('',#6708,#6710);
#6712=EDGE_CURVE('',#6700,#6342,#6711,.T.);
#6713=ORIENTED_EDGE('',*,*,#6712,.T.);
#6714=EDGE_LOOP('',(#6690,#6698,#6707,#6713));
#6715=FACE_OUTER_BOUND('',#6714,.T.);
#6716=ADVANCED_FACE('',(#6715),#6689,.T.);
#6717=CARTESIAN_POINT('',(0.0,0.0,2.099999999999999));
#6718=DIRECTION('',(0.0,0.0,-1.0));
#6719=DIRECTION('',(-1.0,0.0,0.0));
#6720=AXIS2_PLACEMENT_3D('',#6717,#6718,#6719);
#6721=CYLINDRICAL_SURFACE('',#6720,1.85);
#6722=ORIENTED_EDGE('',*,*,#6697,.F.);
#6723=ORIENTED_EDGE('',*,*,#6339,.F.);
#6724=CARTESIAN_POINT('',(-1.67460769659643,0.78625,1.699999999999999));
#6725=VERTEX_POINT('',#6724);
#6726=CARTESIAN_POINT('',(-1.674607696596431,0.78625,1.699999999999999));
#6727=DIRECTION('',(0.0,0.0,1.0));
#6728=VECTOR('',#6727,0.4);
#6729=LINE('',#6726,#6728);
#6730=EDGE_CURVE('',#6725,#6324,#6729,.T.);
#6731=ORIENTED_EDGE('',*,*,#6730,.F.);
#6732=CARTESIAN_POINT('',(0.0,0.0,1.699999999999999));
#6733=DIRECTION('',(0.0,0.0,-1.0));
#6734=DIRECTION('',(-1.0,0.0,0.0));
#6735=AXIS2_PLACEMENT_3D('',#6732,#6733,#6734);
#6736=CIRCLE('',#6735,1.85);
#6737=EDGE_CURVE('',#6725,#6692,#6736,.T.);
#6738=ORIENTED_EDGE('',*,*,#6737,.T.);
#6739=EDGE_LOOP('',(#6722,#6723,#6731,#6738));
#6740=FACE_OUTER_BOUND('',#6739,.T.);
#6741=ADVANCED_FACE('',(#6740),#6721,.F.);
#6742=CARTESIAN_POINT('',(-0.85,-1.810386699023167,2.099999999999999));
#6743=DIRECTION('',(0.0,0.0,-1.0));
#6744=DIRECTION('',(0.844097150806707,0.53619026473818,0.0));
#6745=AXIS2_PLACEMENT_3D('',#6742,#6743,#6744);
#6746=CYLINDRICAL_SURFACE('',#6745,0.15);
#6747=ORIENTED_EDGE('',*,*,#6279,.T.);
#6748=CARTESIAN_POINT('',(-0.7,-1.810386699023167,1.699999999999999));
#6749=VERTEX_POINT('',#6748);
#6750=CARTESIAN_POINT('',(-0.7,-1.810386699023167,2.099999999999999));
#6751=DIRECTION('',(0.0,0.0,-1.0));
#6752=VECTOR('',#6751,0.4);
#6753=LINE('',#6750,#6752);
#6754=EDGE_CURVE('',#6265,#6749,#6753,.T.);
#6755=ORIENTED_EDGE('',*,*,#6754,.T.);
#6756=CARTESIAN_POINT('',(-0.78625,-1.67460769659643,1.699999999999999));
#6757=VERTEX_POINT('',#6756);
#6758=CARTESIAN_POINT('',(-0.85,-1.810386699023167,1.7));
#6759=DIRECTION('',(0.0,0.0,-1.0));
#6760=DIRECTION('',(0.844097150806707,0.53619026473818,0.0));
#6761=AXIS2_PLACEMENT_3D('',#6758,#6759,#6760);
#6762=CIRCLE('',#6761,0.15);
#6763=EDGE_CURVE('',#6757,#6749,#6762,.T.);
#6764=ORIENTED_EDGE('',*,*,#6763,.F.);
#6765=CARTESIAN_POINT('',(-0.78625,-1.67460769659643,1.699999999999999));
#6766=DIRECTION('',(0.0,0.0,1.0));
#6767=VECTOR('',#6766,0.4);
#6768=LINE('',#6765,#6767);
#6769=EDGE_CURVE('',#6757,#6273,#6768,.T.);
#6770=ORIENTED_EDGE('',*,*,#6769,.T.);
#6771=EDGE_LOOP('',(#6747,#6755,#6764,#6770));
#6772=FACE_OUTER_BOUND('',#6771,.T.);
#6773=ADVANCED_FACE('',(#6772),#6746,.T.);
#6774=CARTESIAN_POINT('',(-0.7,-1.6,2.099999999999999));
#6775=DIRECTION('',(1.0,0.0,0.0));
#6776=DIRECTION('',(0.0,-1.0,0.0));
#6777=AXIS2_PLACEMENT_3D('',#6774,#6775,#6776);
#6778=PLANE('',#6777);
#6779=ORIENTED_EDGE('',*,*,#6754,.F.);
#6780=ORIENTED_EDGE('',*,*,#6270,.F.);
#6781=CARTESIAN_POINT('',(-0.7,-1.95,1.699999999999999));
#6782=VERTEX_POINT('',#6781);
#6783=CARTESIAN_POINT('',(-0.7,-1.95,1.699999999999999));
#6784=DIRECTION('',(0.0,0.0,1.0));
#6785=VECTOR('',#6784,0.4);
#6786=LINE('',#6783,#6785);
#6787=EDGE_CURVE('',#6782,#6256,#6786,.T.);
#6788=ORIENTED_EDGE('',*,*,#6787,.F.);
#6789=CARTESIAN_POINT('',(-0.7,-1.810386699023167,1.7));
#6790=DIRECTION('',(0.0,-1.0,0.0));
#6791=VECTOR('',#6790,0.139613300976833);
#6792=LINE('',#6789,#6791);
#6793=EDGE_CURVE('',#6749,#6782,#6792,.T.);
#6794=ORIENTED_EDGE('',*,*,#6793,.F.);
#6795=EDGE_LOOP('',(#6779,#6780,#6788,#6794));
#6796=FACE_OUTER_BOUND('',#6795,.T.);
#6797=ADVANCED_FACE('',(#6796),#6778,.T.);
#6798=CARTESIAN_POINT('',(0.85,-1.810386699023168,2.099999999999999));
#6799=DIRECTION('',(0.0,0.0,1.0));
#6800=DIRECTION('',(-0.844097150806708,0.536190264738179,0.0));
#6801=AXIS2_PLACEMENT_3D('',#6798,#6799,#6800);
#6802=CYLINDRICAL_SURFACE('',#6801,0.15);
#6803=ORIENTED_EDGE('',*,*,#6468,.T.);
#6804=CARTESIAN_POINT('',(0.78625,-1.67460769659643,1.699999999999999));
#6805=VERTEX_POINT('',#6804);
#6806=CARTESIAN_POINT('',(0.78625,-1.674607696596431,2.099999999999999));
#6807=DIRECTION('',(0.0,0.0,-1.0));
#6808=VECTOR('',#6807,0.4);
#6809=LINE('',#6806,#6808);
#6810=EDGE_CURVE('',#6453,#6805,#6809,.T.);
#6811=ORIENTED_EDGE('',*,*,#6810,.T.);
#6812=CARTESIAN_POINT('',(0.7,-1.810386699023168,1.699999999999999));
#6813=VERTEX_POINT('',#6812);
#6814=CARTESIAN_POINT('',(0.85,-1.810386699023168,1.7));
#6815=DIRECTION('',(0.0,0.0,-1.0));
#6816=DIRECTION('',(-0.844097150806708,0.536190264738179,0.0));
#6817=AXIS2_PLACEMENT_3D('',#6814,#6815,#6816);
#6818=CIRCLE('',#6817,0.15);
#6819=EDGE_CURVE('',#6813,#6805,#6818,.T.);
#6820=ORIENTED_EDGE('',*,*,#6819,.F.);
#6821=CARTESIAN_POINT('',(0.7,-1.810386699023168,1.699999999999999));
#6822=DIRECTION('',(0.0,0.0,1.0));
#6823=VECTOR('',#6822,0.4);
#6824=LINE('',#6821,#6823);
#6825=EDGE_CURVE('',#6813,#6462,#6824,.T.);
#6826=ORIENTED_EDGE('',*,*,#6825,.T.);
#6827=EDGE_LOOP('',(#6803,#6811,#6820,#6826));
#6828=FACE_OUTER_BOUND('',#6827,.T.);
#6829=ADVANCED_FACE('',(#6828),#6802,.T.);
#6830=CARTESIAN_POINT('',(0.0,0.0,2.099999999999999));
#6831=DIRECTION('',(0.0,0.0,-1.0));
#6832=DIRECTION('',(-1.0,0.0,0.0));
#6833=AXIS2_PLACEMENT_3D('',#6830,#6831,#6832);
#6834=CYLINDRICAL_SURFACE('',#6833,1.85);
#6835=ORIENTED_EDGE('',*,*,#6810,.F.);
#6836=ORIENTED_EDGE('',*,*,#6459,.F.);
#6837=CARTESIAN_POINT('',(1.67460769659643,-0.78625,1.699999999999999));
#6838=VERTEX_POINT('',#6837);
#6839=CARTESIAN_POINT('',(1.67460769659643,-0.78625,1.699999999999999));
#6840=DIRECTION('',(0.0,0.0,1.0));
#6841=VECTOR('',#6840,0.4);
#6842=LINE('',#6839,#6841);
#6843=EDGE_CURVE('',#6838,#6444,#6842,.T.);
#6844=ORIENTED_EDGE('',*,*,#6843,.F.);
#6845=CARTESIAN_POINT('',(0.0,0.0,1.7));
#6846=DIRECTION('',(0.0,0.0,1.0));
#6847=DIRECTION('',(-1.0,0.0,0.0));
#6848=AXIS2_PLACEMENT_3D('',#6845,#6846,#6847);
#6849=CIRCLE('',#6848,1.85);
#6850=EDGE_CURVE('',#6805,#6838,#6849,.T.);
#6851=ORIENTED_EDGE('',*,*,#6850,.F.);
#6852=EDGE_LOOP('',(#6835,#6836,#6844,#6851));
#6853=FACE_OUTER_BOUND('',#6852,.T.);
#6854=ADVANCED_FACE('',(#6853),#6834,.F.);
#6855=CARTESIAN_POINT('',(1.810386699023167,-0.85,2.099999999999999));
#6856=DIRECTION('',(0.0,0.0,-1.0));
#6857=DIRECTION('',(-0.536190264738181,0.844097150806707,0.0));
#6858=AXIS2_PLACEMENT_3D('',#6855,#6856,#6857);
#6859=CYLINDRICAL_SURFACE('',#6858,0.15);
#6860=ORIENTED_EDGE('',*,*,#6450,.T.);
#6861=CARTESIAN_POINT('',(1.810386699023167,-0.7,1.699999999999999));
#6862=VERTEX_POINT('',#6861);
#6863=CARTESIAN_POINT('',(1.810386699023167,-0.7,2.099999999999999));
#6864=DIRECTION('',(0.0,0.0,-1.0));
#6865=VECTOR('',#6864,0.4);
#6866=LINE('',#6863,#6865);
#6867=EDGE_CURVE('',#6436,#6862,#6866,.T.);
#6868=ORIENTED_EDGE('',*,*,#6867,.T.);
#6869=CARTESIAN_POINT('',(1.810386699023167,-0.85,1.699999999999999));
#6870=DIRECTION('',(0.0,0.0,-1.0));
#6871=DIRECTION('',(-0.536190264738181,0.844097150806707,0.0));
#6872=AXIS2_PLACEMENT_3D('',#6869,#6870,#6871);
#6873=CIRCLE('',#6872,0.15);
#6874=EDGE_CURVE('',#6862,#6838,#6873,.F.);
#6875=ORIENTED_EDGE('',*,*,#6874,.T.);
#6876=ORIENTED_EDGE('',*,*,#6843,.T.);
#6877=EDGE_LOOP('',(#6860,#6868,#6875,#6876));
#6878=FACE_OUTER_BOUND('',#6877,.T.);
#6879=ADVANCED_FACE('',(#6878),#6859,.T.);
#6880=CARTESIAN_POINT('',(1.6,-0.7,2.099999999999999));
#6881=DIRECTION('',(0.0,1.0,0.0));
#6882=DIRECTION('',(1.0,0.0,0.0));
#6883=AXIS2_PLACEMENT_3D('',#6880,#6881,#6882);
#6884=PLANE('',#6883);
#6885=ORIENTED_EDGE('',*,*,#6867,.F.);
#6886=ORIENTED_EDGE('',*,*,#6441,.F.);
#6887=CARTESIAN_POINT('',(1.9,-0.7,1.699999999999999));
#6888=VERTEX_POINT('',#6887);
#6889=CARTESIAN_POINT('',(1.9,-0.7,2.099999999999999));
#6890=DIRECTION('',(0.0,0.0,-1.0));
#6891=VECTOR('',#6890,0.4);
#6892=LINE('',#6889,#6891);
#6893=EDGE_CURVE('',#6428,#6888,#6892,.T.);
#6894=ORIENTED_EDGE('',*,*,#6893,.T.);
#6895=CARTESIAN_POINT('',(1.810386699023167,-0.7,1.699999999999999));
#6896=DIRECTION('',(1.0,0.0,0.0));
#6897=VECTOR('',#6896,0.089613300976833);
#6898=LINE('',#6895,#6897);
#6899=EDGE_CURVE('',#6862,#6888,#6898,.T.);
#6900=ORIENTED_EDGE('',*,*,#6899,.F.);
#6901=EDGE_LOOP('',(#6885,#6886,#6894,#6900));
#6902=FACE_OUTER_BOUND('',#6901,.T.);
#6903=ADVANCED_FACE('',(#6902),#6884,.T.);
#6904=CARTESIAN_POINT('',(1.810386699023167,0.85,2.099999999999999));
#6905=DIRECTION('',(0.0,0.0,1.0));
#6906=DIRECTION('',(-0.53619026473818,-0.844097150806707,0.0));
#6907=AXIS2_PLACEMENT_3D('',#6904,#6905,#6906);
#6908=CYLINDRICAL_SURFACE('',#6907,0.15);
#6909=ORIENTED_EDGE('',*,*,#6417,.T.);
#6910=CARTESIAN_POINT('',(1.67460769659643,0.78625,1.699999999999999));
#6911=VERTEX_POINT('',#6910);
#6912=CARTESIAN_POINT('',(1.67460769659643,0.78625,2.099999999999999));
#6913=DIRECTION('',(0.0,0.0,-1.0));
#6914=VECTOR('',#6913,0.4);
#6915=LINE('',#6912,#6914);
#6916=EDGE_CURVE('',#6402,#6911,#6915,.T.);
#6917=ORIENTED_EDGE('',*,*,#6916,.T.);
#6918=CARTESIAN_POINT('',(1.810386699023167,0.7,1.699999999999999));
#6919=VERTEX_POINT('',#6918);
#6920=CARTESIAN_POINT('',(1.810386699023167,0.85,1.699999999999999));
#6921=DIRECTION('',(0.0,0.0,-1.0));
#6922=DIRECTION('',(-0.53619026473818,-0.844097150806707,0.0));
#6923=AXIS2_PLACEMENT_3D('',#6920,#6921,#6922);
#6924=CIRCLE('',#6923,0.15);
#6925=EDGE_CURVE('',#6911,#6919,#6924,.F.);
#6926=ORIENTED_EDGE('',*,*,#6925,.T.);
#6927=CARTESIAN_POINT('',(1.810386699023167,0.7,1.699999999999999));
#6928=DIRECTION('',(0.0,0.0,1.0));
#6929=VECTOR('',#6928,0.4);
#6930=LINE('',#6927,#6929);
#6931=EDGE_CURVE('',#6919,#6411,#6930,.T.);
#6932=ORIENTED_EDGE('',*,*,#6931,.T.);
#6933=EDGE_LOOP('',(#6909,#6917,#6926,#6932));
#6934=FACE_OUTER_BOUND('',#6933,.T.);
#6935=ADVANCED_FACE('',(#6934),#6908,.T.);
#6936=CARTESIAN_POINT('',(0.0,0.0,2.099999999999999));
#6937=DIRECTION('',(0.0,0.0,-1.0));
#6938=DIRECTION('',(-1.0,0.0,0.0));
#6939=AXIS2_PLACEMENT_3D('',#6936,#6937,#6938);
#6940=CYLINDRICAL_SURFACE('',#6939,1.85);
#6941=ORIENTED_EDGE('',*,*,#6656,.F.);
#6942=CARTESIAN_POINT('',(0.0,0.0,1.7));
#6943=DIRECTION('',(0.0,0.0,1.0));
#6944=DIRECTION('',(-1.0,0.0,0.0));
#6945=AXIS2_PLACEMENT_3D('',#6942,#6943,#6944);
#6946=CIRCLE('',#6945,1.85);
#6947=EDGE_CURVE('',#6911,#6644,#6946,.T.);
#6948=ORIENTED_EDGE('',*,*,#6947,.F.);
#6949=ORIENTED_EDGE('',*,*,#6916,.F.);
#6950=ORIENTED_EDGE('',*,*,#6408,.F.);
#6951=EDGE_LOOP('',(#6941,#6948,#6949,#6950));
#6952=FACE_OUTER_BOUND('',#6951,.T.);
#6953=ADVANCED_FACE('',(#6952),#6940,.F.);
#6954=CARTESIAN_POINT('',(-1.810386699023167,-0.85,2.099999999999999));
#6955=DIRECTION('',(0.0,0.0,1.0));
#6956=DIRECTION('',(0.536190264738181,0.844097150806707,0.0));
#6957=AXIS2_PLACEMENT_3D('',#6954,#6955,#6956);
#6958=CYLINDRICAL_SURFACE('',#6957,0.15);
#6959=ORIENTED_EDGE('',*,*,#6297,.T.);
#6960=CARTESIAN_POINT('',(-1.67460769659643,-0.78625,1.699999999999999));
#6961=VERTEX_POINT('',#6960);
#6962=CARTESIAN_POINT('',(-1.67460769659643,-0.78625,2.099999999999999));
#6963=DIRECTION('',(0.0,0.0,-1.0));
#6964=VECTOR('',#6963,0.4);
#6965=LINE('',#6962,#6964);
#6966=EDGE_CURVE('',#6282,#6961,#6965,.T.);
#6967=ORIENTED_EDGE('',*,*,#6966,.T.);
#6968=CARTESIAN_POINT('',(-1.810386699023167,-0.7,1.699999999999999));
#6969=VERTEX_POINT('',#6968);
#6970=CARTESIAN_POINT('',(-1.810386699023167,-0.85,1.699999999999999));
#6971=DIRECTION('',(0.0,0.0,-1.0));
#6972=DIRECTION('',(0.536190264738181,0.844097150806707,0.0));
#6973=AXIS2_PLACEMENT_3D('',#6970,#6971,#6972);
#6974=CIRCLE('',#6973,0.15);
#6975=EDGE_CURVE('',#6961,#6969,#6974,.F.);
#6976=ORIENTED_EDGE('',*,*,#6975,.T.);
#6977=CARTESIAN_POINT('',(-1.810386699023167,-0.7,1.699999999999999));
#6978=DIRECTION('',(0.0,0.0,1.0));
#6979=VECTOR('',#6978,0.4);
#6980=LINE('',#6977,#6979);
#6981=EDGE_CURVE('',#6969,#6291,#6980,.T.);
#6982=ORIENTED_EDGE('',*,*,#6981,.T.);
#6983=EDGE_LOOP('',(#6959,#6967,#6976,#6982));
#6984=FACE_OUTER_BOUND('',#6983,.T.);
#6985=ADVANCED_FACE('',(#6984),#6958,.T.);
#6986=CARTESIAN_POINT('',(0.0,0.0,2.099999999999999));
#6987=DIRECTION('',(0.0,0.0,-1.0));
#6988=DIRECTION('',(-1.0,0.0,0.0));
#6989=AXIS2_PLACEMENT_3D('',#6986,#6987,#6988);
#6990=CYLINDRICAL_SURFACE('',#6989,1.85);
#6991=ORIENTED_EDGE('',*,*,#6769,.F.);
#6992=CARTESIAN_POINT('',(0.0,0.0,1.7));
#6993=DIRECTION('',(0.0,0.0,1.0));
#6994=DIRECTION('',(-1.0,0.0,0.0));
#6995=AXIS2_PLACEMENT_3D('',#6992,#6993,#6994);
#6996=CIRCLE('',#6995,1.85);
#6997=EDGE_CURVE('',#6961,#6757,#6996,.T.);
#6998=ORIENTED_EDGE('',*,*,#6997,.F.);
#6999=ORIENTED_EDGE('',*,*,#6966,.F.);
#7000=ORIENTED_EDGE('',*,*,#6288,.F.);
#7001=EDGE_LOOP('',(#6991,#6998,#6999,#7000));
#7002=FACE_OUTER_BOUND('',#7001,.T.);
#7003=ADVANCED_FACE('',(#7002),#6990,.F.);
#7004=CARTESIAN_POINT('',(-1.810386699023168,0.85,2.099999999999999));
#7005=DIRECTION('',(0.0,0.0,-1.0));
#7006=DIRECTION('',(0.536190264738179,-0.844097150806707,0.0));
#7007=AXIS2_PLACEMENT_3D('',#7004,#7005,#7006);
#7008=CYLINDRICAL_SURFACE('',#7007,0.15);
#7009=ORIENTED_EDGE('',*,*,#6330,.T.);
#7010=CARTESIAN_POINT('',(-1.810386699023168,0.7,1.699999999999999));
#7011=VERTEX_POINT('',#7010);
#7012=CARTESIAN_POINT('',(-1.810386699023168,0.7,2.099999999999999));
#7013=DIRECTION('',(0.0,0.0,-1.0));
#7014=VECTOR('',#7013,0.4);
#7015=LINE('',#7012,#7014);
#7016=EDGE_CURVE('',#6316,#7011,#7015,.T.);
#7017=ORIENTED_EDGE('',*,*,#7016,.T.);
#7018=CARTESIAN_POINT('',(-1.810386699023168,0.85,1.699999999999999));
#7019=DIRECTION('',(0.0,0.0,-1.0));
#7020=DIRECTION('',(0.536190264738179,-0.844097150806707,0.0));
#7021=AXIS2_PLACEMENT_3D('',#7018,#7019,#7020);
#7022=CIRCLE('',#7021,0.15);
#7023=EDGE_CURVE('',#7011,#6725,#7022,.F.);
#7024=ORIENTED_EDGE('',*,*,#7023,.T.);
#7025=ORIENTED_EDGE('',*,*,#6730,.T.);
#7026=EDGE_LOOP('',(#7009,#7017,#7024,#7025));
#7027=FACE_OUTER_BOUND('',#7026,.T.);
#7028=ADVANCED_FACE('',(#7027),#7008,.T.);
#7029=CARTESIAN_POINT('',(-1.9,0.7,2.099999999999999));
#7030=DIRECTION('',(0.0,1.0,0.0));
#7031=DIRECTION('',(1.0,0.0,0.0));
#7032=AXIS2_PLACEMENT_3D('',#7029,#7030,#7031);
#7033=PLANE('',#7032);
#7034=ORIENTED_EDGE('',*,*,#7016,.F.);
#7035=ORIENTED_EDGE('',*,*,#6321,.F.);
#7036=CARTESIAN_POINT('',(-1.9,0.7,1.699999999999999));
#7037=VERTEX_POINT('',#7036);
#7038=CARTESIAN_POINT('',(-1.9,0.7,2.099999999999999));
#7039=DIRECTION('',(0.0,0.0,-1.0));
#7040=VECTOR('',#7039,0.4);
#7041=LINE('',#7038,#7040);
#7042=EDGE_CURVE('',#6308,#7037,#7041,.T.);
#7043=ORIENTED_EDGE('',*,*,#7042,.T.);
#7044=CARTESIAN_POINT('',(-1.9,0.7,1.699999999999999));
#7045=DIRECTION('',(1.0,0.0,0.0));
#7046=VECTOR('',#7045,0.089613300976833);
#7047=LINE('',#7044,#7046);
#7048=EDGE_CURVE('',#7037,#7011,#7047,.T.);
#7049=ORIENTED_EDGE('',*,*,#7048,.T.);
#7050=EDGE_LOOP('',(#7034,#7035,#7043,#7049));
#7051=FACE_OUTER_BOUND('',#7050,.T.);
#7052=ADVANCED_FACE('',(#7051),#7033,.F.);
#7053=CARTESIAN_POINT('',(1.9,0.7,2.099999999999999));
#7054=DIRECTION('',(0.0,-1.0,0.0));
#7055=DIRECTION('',(-1.0,0.0,0.0));
#7056=AXIS2_PLACEMENT_3D('',#7053,#7054,#7055);
#7057=PLANE('',#7056);
#7058=ORIENTED_EDGE('',*,*,#6931,.F.);
#7059=CARTESIAN_POINT('',(1.9,0.7,1.699999999999999));
#7060=VERTEX_POINT('',#7059);
#7061=CARTESIAN_POINT('',(1.9,0.7,1.699999999999999));
#7062=DIRECTION('',(-1.0,0.0,0.0));
#7063=VECTOR('',#7062,0.089613300976833);
#7064=LINE('',#7061,#7063);
#7065=EDGE_CURVE('',#7060,#6919,#7064,.T.);
#7066=ORIENTED_EDGE('',*,*,#7065,.F.);
#7067=CARTESIAN_POINT('',(1.9,0.7,2.099999999999999));
#7068=DIRECTION('',(0.0,0.0,-1.0));
#7069=VECTOR('',#7068,0.4);
#7070=LINE('',#7067,#7069);
#7071=EDGE_CURVE('',#6420,#7060,#7070,.T.);
#7072=ORIENTED_EDGE('',*,*,#7071,.F.);
#7073=ORIENTED_EDGE('',*,*,#6425,.F.);
#7074=EDGE_LOOP('',(#7058,#7066,#7072,#7073));
#7075=FACE_OUTER_BOUND('',#7074,.T.);
#7076=ADVANCED_FACE('',(#7075),#7057,.T.);
#7077=CARTESIAN_POINT('',(1.9,-0.7,2.099999999999999));
#7078=DIRECTION('',(-1.0,0.0,0.0));
#7079=DIRECTION('',(0.0,1.0,0.0));
#7080=AXIS2_PLACEMENT_3D('',#7077,#7078,#7079);
#7081=PLANE('',#7080);
#7082=CARTESIAN_POINT('',(1.9,-0.7,1.699999999999999));
#7083=DIRECTION('',(0.0,1.0,0.0));
#7084=VECTOR('',#7083,1.4);
#7085=LINE('',#7082,#7084);
#7086=EDGE_CURVE('',#6888,#7060,#7085,.T.);
#7087=ORIENTED_EDGE('',*,*,#7086,.F.);
#7088=ORIENTED_EDGE('',*,*,#6893,.F.);
#7089=ORIENTED_EDGE('',*,*,#6433,.F.);
#7090=ORIENTED_EDGE('',*,*,#7071,.T.);
#7091=EDGE_LOOP('',(#7087,#7088,#7089,#7090));
#7092=FACE_OUTER_BOUND('',#7091,.T.);
#7093=ADVANCED_FACE('',(#7092),#7081,.T.);
#7094=CARTESIAN_POINT('',(-1.9,-0.7,2.099999999999999));
#7095=DIRECTION('',(-1.0,0.0,0.0));
#7096=DIRECTION('',(0.0,1.0,0.0));
#7097=AXIS2_PLACEMENT_3D('',#7094,#7095,#7096);
#7098=PLANE('',#7097);
#7099=CARTESIAN_POINT('',(-1.9,-0.7,1.699999999999999));
#7100=VERTEX_POINT('',#7099);
#7101=CARTESIAN_POINT('',(-1.9,-0.7,1.699999999999999));
#7102=DIRECTION('',(0.0,1.0,0.0));
#7103=VECTOR('',#7102,1.4);
#7104=LINE('',#7101,#7103);
#7105=EDGE_CURVE('',#7100,#7037,#7104,.T.);
#7106=ORIENTED_EDGE('',*,*,#7105,.T.);
#7107=ORIENTED_EDGE('',*,*,#7042,.F.);
#7108=ORIENTED_EDGE('',*,*,#6313,.F.);
#7109=CARTESIAN_POINT('',(-1.9,-0.7,2.099999999999999));
#7110=DIRECTION('',(0.0,0.0,-1.0));
#7111=VECTOR('',#7110,0.4);
#7112=LINE('',#7109,#7111);
#7113=EDGE_CURVE('',#6300,#7100,#7112,.T.);
#7114=ORIENTED_EDGE('',*,*,#7113,.T.);
#7115=EDGE_LOOP('',(#7106,#7107,#7108,#7114));
#7116=FACE_OUTER_BOUND('',#7115,.T.);
#7117=ADVANCED_FACE('',(#7116),#7098,.F.);
#7118=CARTESIAN_POINT('',(-1.6,-0.7,2.099999999999999));
#7119=DIRECTION('',(0.0,-1.0,0.0));
#7120=DIRECTION('',(-1.0,0.0,0.0));
#7121=AXIS2_PLACEMENT_3D('',#7118,#7119,#7120);
#7122=PLANE('',#7121);
#7123=ORIENTED_EDGE('',*,*,#6981,.F.);
#7124=CARTESIAN_POINT('',(-1.810386699023167,-0.7,1.699999999999999));
#7125=DIRECTION('',(-1.0,0.0,0.0));
#7126=VECTOR('',#7125,0.089613300976833);
#7127=LINE('',#7124,#7126);
#7128=EDGE_CURVE('',#6969,#7100,#7127,.T.);
#7129=ORIENTED_EDGE('',*,*,#7128,.T.);
#7130=ORIENTED_EDGE('',*,*,#7113,.F.);
#7131=ORIENTED_EDGE('',*,*,#6305,.F.);
#7132=EDGE_LOOP('',(#7123,#7129,#7130,#7131));
#7133=FACE_OUTER_BOUND('',#7132,.T.);
#7134=ADVANCED_FACE('',(#7133),#7122,.F.);
#7135=CARTESIAN_POINT('',(0.55,-1.95,2.099999999999999));
#7136=DIRECTION('',(0.0,0.0,-1.0));
#7137=DIRECTION('',(0.707106781186547,-0.707106781186548,0.0));
#7138=AXIS2_PLACEMENT_3D('',#7135,#7136,#7137);
#7139=CYLINDRICAL_SURFACE('',#7138,0.15);
#7140=CARTESIAN_POINT('',(0.55,-2.1,1.699999999999999));
#7141=VERTEX_POINT('',#7140);
#7142=CARTESIAN_POINT('',(0.7,-1.95,1.699999999999999));
#7143=VERTEX_POINT('',#7142);
#7144=CARTESIAN_POINT('',(0.55,-1.95,1.7));
#7145=DIRECTION('',(0.0,0.0,1.0));
#7146=DIRECTION('',(0.707106781186547,-0.707106781186548,0.0));
#7147=AXIS2_PLACEMENT_3D('',#7144,#7145,#7146);
#7148=CIRCLE('',#7147,0.15);
#7149=EDGE_CURVE('',#7141,#7143,#7148,.T.);
#7150=ORIENTED_EDGE('',*,*,#7149,.F.);
#7151=CARTESIAN_POINT('',(0.55,-2.1,1.699999999999999));
#7152=DIRECTION('',(0.0,0.0,1.0));
#7153=VECTOR('',#7152,0.4);
#7154=LINE('',#7151,#7153);
#7155=EDGE_CURVE('',#7141,#6237,#7154,.T.);
#7156=ORIENTED_EDGE('',*,*,#7155,.T.);
#7157=ORIENTED_EDGE('',*,*,#6245,.T.);
#7158=CARTESIAN_POINT('',(0.7,-1.95,2.099999999999999));
#7159=DIRECTION('',(0.0,0.0,-1.0));
#7160=VECTOR('',#7159,0.4);
#7161=LINE('',#7158,#7160);
#7162=EDGE_CURVE('',#6239,#7143,#7161,.T.);
#7163=ORIENTED_EDGE('',*,*,#7162,.T.);
#7164=EDGE_LOOP('',(#7150,#7156,#7157,#7163));
#7165=FACE_OUTER_BOUND('',#7164,.T.);
#7166=ADVANCED_FACE('',(#7165),#7139,.F.);
#7167=CARTESIAN_POINT('',(-0.7,-2.1,2.099999999999999));
#7168=DIRECTION('',(0.0,1.0,0.0));
#7169=DIRECTION('',(1.0,0.0,0.0));
#7170=AXIS2_PLACEMENT_3D('',#7167,#7168,#7169);
#7171=PLANE('',#7170);
#7172=ORIENTED_EDGE('',*,*,#7155,.F.);
#7173=CARTESIAN_POINT('',(-0.55,-2.1,1.699999999999999));
#7174=VERTEX_POINT('',#7173);
#7175=CARTESIAN_POINT('',(-0.55,-2.1,1.7));
#7176=DIRECTION('',(1.0,0.0,0.0));
#7177=VECTOR('',#7176,1.1);
#7178=LINE('',#7175,#7177);
#7179=EDGE_CURVE('',#7174,#7141,#7178,.T.);
#7180=ORIENTED_EDGE('',*,*,#7179,.F.);
#7181=CARTESIAN_POINT('',(-0.55,-2.1,2.099999999999999));
#7182=DIRECTION('',(0.0,0.0,-1.0));
#7183=VECTOR('',#7182,0.4);
#7184=LINE('',#7181,#7183);
#7185=EDGE_CURVE('',#6248,#7174,#7184,.T.);
#7186=ORIENTED_EDGE('',*,*,#7185,.F.);
#7187=ORIENTED_EDGE('',*,*,#6253,.F.);
#7188=EDGE_LOOP('',(#7172,#7180,#7186,#7187));
#7189=FACE_OUTER_BOUND('',#7188,.T.);
#7190=ADVANCED_FACE('',(#7189),#7171,.T.);
#7191=CARTESIAN_POINT('',(-0.55,-1.95,2.099999999999999));
#7192=DIRECTION('',(0.0,0.0,-1.0));
#7193=DIRECTION('',(-0.707106781186547,-0.707106781186548,0.0));
#7194=AXIS2_PLACEMENT_3D('',#7191,#7192,#7193);
#7195=CYLINDRICAL_SURFACE('',#7194,0.15);
#7196=CARTESIAN_POINT('',(-0.55,-1.95,1.7));
#7197=DIRECTION('',(0.0,0.0,1.0));
#7198=DIRECTION('',(-0.707106781186547,-0.707106781186548,0.0));
#7199=AXIS2_PLACEMENT_3D('',#7196,#7197,#7198);
#7200=CIRCLE('',#7199,0.15);
#7201=EDGE_CURVE('',#6782,#7174,#7200,.T.);
#7202=ORIENTED_EDGE('',*,*,#7201,.F.);
#7203=ORIENTED_EDGE('',*,*,#6787,.T.);
#7204=ORIENTED_EDGE('',*,*,#6262,.T.);
#7205=ORIENTED_EDGE('',*,*,#7185,.T.);
#7206=EDGE_LOOP('',(#7202,#7203,#7204,#7205));
#7207=FACE_OUTER_BOUND('',#7206,.T.);
#7208=ADVANCED_FACE('',(#7207),#7195,.F.);
#7209=CARTESIAN_POINT('',(0.55,1.95,2.099999999999999));
#7210=DIRECTION('',(0.0,0.0,-1.0));
#7211=DIRECTION('',(0.707106781186547,0.707106781186548,0.0));
#7212=AXIS2_PLACEMENT_3D('',#7209,#7210,#7211);
#7213=CYLINDRICAL_SURFACE('',#7212,0.15);
#7214=CARTESIAN_POINT('',(0.55,2.1,1.699999999999999));
#7215=VERTEX_POINT('',#7214);
#7216=CARTESIAN_POINT('',(0.55,1.95,1.7));
#7217=DIRECTION('',(0.0,0.0,1.0));
#7218=DIRECTION('',(0.707106781186547,0.707106781186548,0.0));
#7219=AXIS2_PLACEMENT_3D('',#7216,#7217,#7218);
#7220=CIRCLE('',#7219,0.15);
#7221=EDGE_CURVE('',#6669,#7215,#7220,.T.);
#7222=ORIENTED_EDGE('',*,*,#7221,.F.);
#7223=ORIENTED_EDGE('',*,*,#6674,.T.);
#7224=ORIENTED_EDGE('',*,*,#6382,.T.);
#7225=CARTESIAN_POINT('',(0.55,2.1,2.099999999999999));
#7226=DIRECTION('',(0.0,0.0,-1.0));
#7227=VECTOR('',#7226,0.4);
#7228=LINE('',#7225,#7227);
#7229=EDGE_CURVE('',#6368,#7215,#7228,.T.);
#7230=ORIENTED_EDGE('',*,*,#7229,.T.);
#7231=EDGE_LOOP('',(#7222,#7223,#7224,#7230));
#7232=FACE_OUTER_BOUND('',#7231,.T.);
#7233=ADVANCED_FACE('',(#7232),#7213,.F.);
#7234=CARTESIAN_POINT('',(-0.7,2.1,2.099999999999999));
#7235=DIRECTION('',(0.0,1.0,0.0));
#7236=DIRECTION('',(1.0,0.0,0.0));
#7237=AXIS2_PLACEMENT_3D('',#7234,#7235,#7236);
#7238=PLANE('',#7237);
#7239=ORIENTED_EDGE('',*,*,#7229,.F.);
#7240=ORIENTED_EDGE('',*,*,#6373,.F.);
#7241=CARTESIAN_POINT('',(-0.55,2.1,1.699999999999999));
#7242=VERTEX_POINT('',#7241);
#7243=CARTESIAN_POINT('',(-0.55,2.1,1.699999999999999));
#7244=DIRECTION('',(0.0,0.0,1.0));
#7245=VECTOR('',#7244,0.4);
#7246=LINE('',#7243,#7245);
#7247=EDGE_CURVE('',#7242,#6359,#7246,.T.);
#7248=ORIENTED_EDGE('',*,*,#7247,.F.);
#7249=CARTESIAN_POINT('',(0.55,2.1,1.699999999999999));
#7250=DIRECTION('',(-1.0,0.0,0.0));
#7251=VECTOR('',#7250,1.1);
#7252=LINE('',#7249,#7251);
#7253=EDGE_CURVE('',#7215,#7242,#7252,.T.);
#7254=ORIENTED_EDGE('',*,*,#7253,.F.);
#7255=EDGE_LOOP('',(#7239,#7240,#7248,#7254));
#7256=FACE_OUTER_BOUND('',#7255,.T.);
#7257=ADVANCED_FACE('',(#7256),#7238,.F.);
#7258=CARTESIAN_POINT('',(-0.55,1.95,2.099999999999999));
#7259=DIRECTION('',(0.0,0.0,-1.0));
#7260=DIRECTION('',(-0.707106781186547,0.707106781186548,0.0));
#7261=AXIS2_PLACEMENT_3D('',#7258,#7259,#7260);
#7262=CYLINDRICAL_SURFACE('',#7261,0.15);
#7263=CARTESIAN_POINT('',(-0.7,1.95,1.699999999999999));
#7264=VERTEX_POINT('',#7263);
#7265=CARTESIAN_POINT('',(-0.55,1.95,1.7));
#7266=DIRECTION('',(0.0,0.0,1.0));
#7267=DIRECTION('',(-0.707106781186547,0.707106781186548,0.0));
#7268=AXIS2_PLACEMENT_3D('',#7265,#7266,#7267);
#7269=CIRCLE('',#7268,0.15);
#7270=EDGE_CURVE('',#7242,#7264,#7269,.T.);
#7271=ORIENTED_EDGE('',*,*,#7270,.F.);
#7272=ORIENTED_EDGE('',*,*,#7247,.T.);
#7273=ORIENTED_EDGE('',*,*,#6365,.T.);
#7274=CARTESIAN_POINT('',(-0.7,1.95,2.099999999999999));
#7275=DIRECTION('',(0.0,0.0,-1.0));
#7276=VECTOR('',#7275,0.4);
#7277=LINE('',#7274,#7276);
#7278=EDGE_CURVE('',#6351,#7264,#7277,.T.);
#7279=ORIENTED_EDGE('',*,*,#7278,.T.);
#7280=EDGE_LOOP('',(#7271,#7272,#7273,#7279));
#7281=FACE_OUTER_BOUND('',#7280,.T.);
#7282=ADVANCED_FACE('',(#7281),#7262,.F.);
#7283=CARTESIAN_POINT('',(0.7,-2.1,2.099999999999999));
#7284=DIRECTION('',(-1.0,0.0,0.0));
#7285=DIRECTION('',(0.0,1.0,0.0));
#7286=AXIS2_PLACEMENT_3D('',#7283,#7284,#7285);
#7287=PLANE('',#7286);
#7288=ORIENTED_EDGE('',*,*,#6825,.F.);
#7289=CARTESIAN_POINT('',(0.7,-1.95,1.699999999999999));
#7290=DIRECTION('',(0.0,1.0,0.0));
#7291=VECTOR('',#7290,0.139613300976833);
#7292=LINE('',#7289,#7291);
#7293=EDGE_CURVE('',#7143,#6813,#7292,.T.);
#7294=ORIENTED_EDGE('',*,*,#7293,.F.);
#7295=ORIENTED_EDGE('',*,*,#7162,.F.);
#7296=ORIENTED_EDGE('',*,*,#6474,.F.);
#7297=EDGE_LOOP('',(#7288,#7294,#7295,#7296));
#7298=FACE_OUTER_BOUND('',#7297,.T.);
#7299=ADVANCED_FACE('',(#7298),#7287,.T.);
#7300=CARTESIAN_POINT('',(-0.7,1.6,2.099999999999999));
#7301=DIRECTION('',(-1.0,0.0,0.0));
#7302=DIRECTION('',(0.0,1.0,0.0));
#7303=AXIS2_PLACEMENT_3D('',#7300,#7301,#7302);
#7304=PLANE('',#7303);
#7305=ORIENTED_EDGE('',*,*,#6712,.F.);
#7306=CARTESIAN_POINT('',(-0.7,1.95,1.7));
#7307=DIRECTION('',(0.0,-1.0,0.0));
#7308=VECTOR('',#7307,0.139613300976833);
#7309=LINE('',#7306,#7308);
#7310=EDGE_CURVE('',#7264,#6700,#7309,.T.);
#7311=ORIENTED_EDGE('',*,*,#7310,.F.);
#7312=ORIENTED_EDGE('',*,*,#7278,.F.);
#7313=ORIENTED_EDGE('',*,*,#6356,.F.);
#7314=EDGE_LOOP('',(#7305,#7311,#7312,#7313));
#7315=FACE_OUTER_BOUND('',#7314,.T.);
#7316=ADVANCED_FACE('',(#7315),#7304,.F.);
#7317=CARTESIAN_POINT('',(-0.586834729715274,-0.125000000000001,1.85));
#7318=DIRECTION('',(0.0,-1.0,0.0));
#7319=DIRECTION('',(0.0,0.0,1.0));
#7320=AXIS2_PLACEMENT_3D('',#7317,#7318,#7319);
#7321=PLANE('',#7320);
#7322=CARTESIAN_POINT('',(-0.586834729715275,-0.125000000000001,1.7));
#7323=VERTEX_POINT('',#7322);
#7324=CARTESIAN_POINT('',(0.586834729715276,-0.124999999999999,1.699999999999999));
#7325=VERTEX_POINT('',#7324);
#7326=CARTESIAN_POINT('',(-0.586834729715275,-0.125000000000001,1.7));
#7327=DIRECTION('',(1.0,0.0,0.0));
#7328=VECTOR('',#7327,1.17366945943055);
#7329=LINE('',#7326,#7328);
#7330=EDGE_CURVE('',#7323,#7325,#7329,.T.);
#7331=ORIENTED_EDGE('',*,*,#7330,.F.);
#7332=CARTESIAN_POINT('',(-0.586834729715274,-0.125000000000001,1.85));
#7333=VERTEX_POINT('',#7332);
#7334=CARTESIAN_POINT('',(-0.586834729715274,-0.125000000000001,1.85));
#7335=DIRECTION('',(0.0,0.0,-1.0));
#7336=VECTOR('',#7335,0.15);
#7337=LINE('',#7334,#7336);
#7338=EDGE_CURVE('',#7333,#7323,#7337,.T.);
#7339=ORIENTED_EDGE('',*,*,#7338,.F.);
#7340=CARTESIAN_POINT('',(0.586834729715276,-0.124999999999999,1.849999999999999));
#7341=VERTEX_POINT('',#7340);
#7342=CARTESIAN_POINT('',(0.586834729715276,-0.125,1.849999999999999));
#7343=DIRECTION('',(-1.0,0.0,0.0));
#7344=VECTOR('',#7343,1.17366945943055);
#7345=LINE('',#7342,#7344);
#7346=EDGE_CURVE('',#7341,#7333,#7345,.T.);
#7347=ORIENTED_EDGE('',*,*,#7346,.F.);
#7348=CARTESIAN_POINT('',(0.586834729715276,-0.124999999999999,1.699999999999999));
#7349=DIRECTION('',(0.0,0.0,1.0));
#7350=VECTOR('',#7349,0.15);
#7351=LINE('',#7348,#7350);
#7352=EDGE_CURVE('',#7325,#7341,#7351,.T.);
#7353=ORIENTED_EDGE('',*,*,#7352,.F.);
#7354=EDGE_LOOP('',(#7331,#7339,#7347,#7353));
#7355=FACE_OUTER_BOUND('',#7354,.T.);
#7356=ADVANCED_FACE('',(#7355),#7321,.F.);
#7357=CARTESIAN_POINT('',(0.586834729715276,0.125000000000001,1.849999999999999));
#7358=DIRECTION('',(0.0,1.0,0.0));
#7359=DIRECTION('',(0.0,0.0,-1.0));
#7360=AXIS2_PLACEMENT_3D('',#7357,#7358,#7359);
#7361=PLANE('',#7360);
#7362=CARTESIAN_POINT('',(0.586834729715276,0.125000000000001,1.699999999999999));
#7363=VERTEX_POINT('',#7362);
#7364=CARTESIAN_POINT('',(-0.586834729715275,0.125,1.7));
#7365=VERTEX_POINT('',#7364);
#7366=CARTESIAN_POINT('',(0.586834729715276,0.125000000000001,1.699999999999999));
#7367=DIRECTION('',(-1.0,0.0,0.0));
#7368=VECTOR('',#7367,1.17366945943055);
#7369=LINE('',#7366,#7368);
#7370=EDGE_CURVE('',#7363,#7365,#7369,.T.);
#7371=ORIENTED_EDGE('',*,*,#7370,.F.);
#7372=CARTESIAN_POINT('',(0.586834729715276,0.125000000000001,1.849999999999999));
#7373=VERTEX_POINT('',#7372);
#7374=CARTESIAN_POINT('',(0.586834729715276,0.125000000000001,1.849999999999999));
#7375=DIRECTION('',(0.0,0.0,-1.0));
#7376=VECTOR('',#7375,0.15);
#7377=LINE('',#7374,#7376);
#7378=EDGE_CURVE('',#7373,#7363,#7377,.T.);
#7379=ORIENTED_EDGE('',*,*,#7378,.F.);
#7380=CARTESIAN_POINT('',(-0.586834729715275,0.125,1.85));
#7381=VERTEX_POINT('',#7380);
#7382=CARTESIAN_POINT('',(-0.586834729715275,0.125,1.849999999999999));
#7383=DIRECTION('',(1.0,0.0,0.0));
#7384=VECTOR('',#7383,1.17366945943055);
#7385=LINE('',#7382,#7384);
#7386=EDGE_CURVE('',#7381,#7373,#7385,.T.);
#7387=ORIENTED_EDGE('',*,*,#7386,.F.);
#7388=CARTESIAN_POINT('',(-0.586834729715275,0.125,1.7));
#7389=DIRECTION('',(0.0,0.0,1.0));
#7390=VECTOR('',#7389,0.15);
#7391=LINE('',#7388,#7390);
#7392=EDGE_CURVE('',#7365,#7381,#7391,.T.);
#7393=ORIENTED_EDGE('',*,*,#7392,.F.);
#7394=EDGE_LOOP('',(#7371,#7379,#7387,#7393));
#7395=FACE_OUTER_BOUND('',#7394,.T.);
#7396=ADVANCED_FACE('',(#7395),#7361,.F.);
#7397=CARTESIAN_POINT('',(6.339135E-016,-3.771256E-031,1.849999999999999));
#7398=DIRECTION('',(0.0,0.0,-1.0));
#7399=DIRECTION('',(1.0,0.0,0.0));
#7400=AXIS2_PLACEMENT_3D('',#7397,#7398,#7399);
#7401=PLANE('',#7400);
#7402=ORIENTED_EDGE('',*,*,#7386,.T.);
#7403=CARTESIAN_POINT('',(6.339135E-016,-3.771256E-031,1.849999999999999));
#7404=DIRECTION('',(0.0,0.0,-1.0));
#7405=DIRECTION('',(1.0,0.0,0.0));
#7406=AXIS2_PLACEMENT_3D('',#7403,#7404,#7405);
#7407=CIRCLE('',#7406,0.6);
#7408=EDGE_CURVE('',#7381,#7373,#7407,.T.);
#7409=ORIENTED_EDGE('',*,*,#7408,.F.);
#7410=EDGE_LOOP('',(#7402,#7409));
#7411=FACE_OUTER_BOUND('',#7410,.T.);
#7412=ADVANCED_FACE('',(#7411),#7401,.F.);
#7413=CARTESIAN_POINT('',(6.339135E-016,-3.771256E-031,1.849999999999999));
#7414=DIRECTION('',(0.0,0.0,-1.0));
#7415=DIRECTION('',(1.0,0.0,0.0));
#7416=AXIS2_PLACEMENT_3D('',#7413,#7414,#7415);
#7417=PLANE('',#7416);
#7418=ORIENTED_EDGE('',*,*,#7346,.T.);
#7419=CARTESIAN_POINT('',(6.339135E-016,-3.771256E-031,1.849999999999999));
#7420=DIRECTION('',(0.0,0.0,-1.0));
#7421=DIRECTION('',(1.0,0.0,0.0));
#7422=AXIS2_PLACEMENT_3D('',#7419,#7420,#7421);
#7423=CIRCLE('',#7422,0.6);
#7424=EDGE_CURVE('',#7341,#7333,#7423,.T.);
#7425=ORIENTED_EDGE('',*,*,#7424,.F.);
#7426=EDGE_LOOP('',(#7418,#7425));
#7427=FACE_OUTER_BOUND('',#7426,.T.);
#7428=ADVANCED_FACE('',(#7427),#7417,.F.);
#7429=CARTESIAN_POINT('',(5.220464E-016,-2.996982E-031,1.699999999999999));
#7430=DIRECTION('',(7.457806E-016,-5.161827E-031,1.0));
#7431=DIRECTION('',(1.0,0.0,0.0));
#7432=AXIS2_PLACEMENT_3D('',#7429,#7430,#7431);
#7433=CYLINDRICAL_SURFACE('',#7432,0.6);
#7434=ORIENTED_EDGE('',*,*,#7378,.T.);
#7435=CARTESIAN_POINT('',(5.220464E-016,-2.996982E-031,1.699999999999999));
#7436=DIRECTION('',(0.0,0.0,-1.0));
#7437=DIRECTION('',(1.0,0.0,0.0));
#7438=AXIS2_PLACEMENT_3D('',#7435,#7436,#7437);
#7439=CIRCLE('',#7438,0.6);
#7440=EDGE_CURVE('',#7365,#7363,#7439,.T.);
#7441=ORIENTED_EDGE('',*,*,#7440,.F.);
#7442=ORIENTED_EDGE('',*,*,#7392,.T.);
#7443=ORIENTED_EDGE('',*,*,#7408,.T.);
#7444=EDGE_LOOP('',(#7434,#7441,#7442,#7443));
#7445=FACE_OUTER_BOUND('',#7444,.T.);
#7446=ADVANCED_FACE('',(#7445),#7433,.T.);
#7447=CARTESIAN_POINT('',(5.220464E-016,-2.996982E-031,1.699999999999999));
#7448=DIRECTION('',(7.457806E-016,-5.161827E-031,1.0));
#7449=DIRECTION('',(1.0,0.0,0.0));
#7450=AXIS2_PLACEMENT_3D('',#7447,#7448,#7449);
#7451=CYLINDRICAL_SURFACE('',#7450,0.6);
#7452=ORIENTED_EDGE('',*,*,#7352,.T.);
#7453=ORIENTED_EDGE('',*,*,#7424,.T.);
#7454=ORIENTED_EDGE('',*,*,#7338,.T.);
#7455=CARTESIAN_POINT('',(5.220464E-016,-2.996982E-031,1.699999999999999));
#7456=DIRECTION('',(0.0,0.0,-1.0));
#7457=DIRECTION('',(1.0,0.0,0.0));
#7458=AXIS2_PLACEMENT_3D('',#7455,#7456,#7457);
#7459=CIRCLE('',#7458,0.6);
#7460=EDGE_CURVE('',#7325,#7323,#7459,.T.);
#7461=ORIENTED_EDGE('',*,*,#7460,.F.);
#7462=EDGE_LOOP('',(#7452,#7453,#7454,#7461));
#7463=FACE_OUTER_BOUND('',#7462,.T.);
#7464=ADVANCED_FACE('',(#7463),#7451,.T.);
#7465=CARTESIAN_POINT('',(-3.522542E-016,1.749999999999991,1.7));
#7466=DIRECTION('',(0.0,0.0,-1.0));
#7467=DIRECTION('',(-1.0,0.0,0.0));
#7468=AXIS2_PLACEMENT_3D('',#7465,#7466,#7467);
#7469=PLANE('',#7468);
#7470=ORIENTED_EDGE('',*,*,#6947,.T.);
#7471=ORIENTED_EDGE('',*,*,#6650,.T.);
#7472=ORIENTED_EDGE('',*,*,#6680,.T.);
#7473=ORIENTED_EDGE('',*,*,#7221,.T.);
#7474=ORIENTED_EDGE('',*,*,#7253,.T.);
#7475=ORIENTED_EDGE('',*,*,#7270,.T.);
#7476=ORIENTED_EDGE('',*,*,#7310,.T.);
#7477=ORIENTED_EDGE('',*,*,#6706,.T.);
#7478=ORIENTED_EDGE('',*,*,#6737,.F.);
#7479=ORIENTED_EDGE('',*,*,#7023,.F.);
#7480=ORIENTED_EDGE('',*,*,#7048,.F.);
#7481=ORIENTED_EDGE('',*,*,#7105,.F.);
#7482=ORIENTED_EDGE('',*,*,#7128,.F.);
#7483=ORIENTED_EDGE('',*,*,#6975,.F.);
#7484=ORIENTED_EDGE('',*,*,#6997,.T.);
#7485=ORIENTED_EDGE('',*,*,#6763,.T.);
#7486=ORIENTED_EDGE('',*,*,#6793,.T.);
#7487=ORIENTED_EDGE('',*,*,#7201,.T.);
#7488=ORIENTED_EDGE('',*,*,#7179,.T.);
#7489=ORIENTED_EDGE('',*,*,#7149,.T.);
#7490=ORIENTED_EDGE('',*,*,#7293,.T.);
#7491=ORIENTED_EDGE('',*,*,#6819,.T.);
#7492=ORIENTED_EDGE('',*,*,#6850,.T.);
#7493=ORIENTED_EDGE('',*,*,#6874,.F.);
#7494=ORIENTED_EDGE('',*,*,#6899,.T.);
#7495=ORIENTED_EDGE('',*,*,#7086,.T.);
#7496=ORIENTED_EDGE('',*,*,#7065,.T.);
#7497=ORIENTED_EDGE('',*,*,#6925,.F.);
#7498=EDGE_LOOP('',(#7470,#7471,#7472,#7473,#7474,#7475,#7476,#7477,#7478,#7479,#7480,#7481,#7482,#7483,#7484,#7485,#7486,#7487,#7488,#7489,#7490,#7491,#7492,#7493,#7494,#7495,#7496,#7497));
#7499=FACE_OUTER_BOUND('',#7498,.T.);
#7500=CARTESIAN_POINT('',(0.500000000000002,-1.449999999999992,1.699999999999999));
#7501=VERTEX_POINT('',#7500);
#7502=CARTESIAN_POINT('',(0.500000000000003,-1.899999999999992,1.699999999999999));
#7503=VERTEX_POINT('',#7502);
#7504=CARTESIAN_POINT('',(0.500000000000002,-1.449999999999992,1.699999999999999));
#7505=DIRECTION('',(0.0,-1.0,0.0));
#7506=VECTOR('',#7505,0.45);
#7507=LINE('',#7504,#7506);
#7508=EDGE_CURVE('',#7501,#7503,#7507,.T.);
#7509=ORIENTED_EDGE('',*,*,#7508,.T.);
#7510=CARTESIAN_POINT('',(-0.499999999999998,-1.89999999999999,1.7));
#7511=VERTEX_POINT('',#7510);
#7512=CARTESIAN_POINT('',(0.500000000000003,-1.899999999999992,1.699999999999999));
#7513=DIRECTION('',(-1.0,0.0,0.0));
#7514=VECTOR('',#7513,1.0);
#7515=LINE('',#7512,#7514);
#7516=EDGE_CURVE('',#7503,#7511,#7515,.T.);
#7517=ORIENTED_EDGE('',*,*,#7516,.T.);
#7518=CARTESIAN_POINT('',(-0.499999999999998,-1.44999999999999,1.7));
#7519=VERTEX_POINT('',#7518);
#7520=CARTESIAN_POINT('',(-0.499999999999998,-1.89999999999999,1.7));
#7521=DIRECTION('',(0.0,1.0,0.0));
#7522=VECTOR('',#7521,0.45);
#7523=LINE('',#7520,#7522);
#7524=EDGE_CURVE('',#7511,#7519,#7523,.T.);
#7525=ORIENTED_EDGE('',*,*,#7524,.T.);
#7526=CARTESIAN_POINT('',(-0.499999999999998,-1.44999999999999,1.7));
#7527=DIRECTION('',(1.0,0.0,0.0));
#7528=VECTOR('',#7527,1.0);
#7529=LINE('',#7526,#7528);
#7530=EDGE_CURVE('',#7519,#7501,#7529,.T.);
#7531=ORIENTED_EDGE('',*,*,#7530,.T.);
#7532=EDGE_LOOP('',(#7509,#7517,#7525,#7531));
#7533=FACE_BOUND('',#7532,.T.);
#7534=ORIENTED_EDGE('',*,*,#7460,.T.);
#7535=ORIENTED_EDGE('',*,*,#7330,.T.);
#7536=EDGE_LOOP('',(#7534,#7535));
#7537=FACE_BOUND('',#7536,.T.);
#7538=ORIENTED_EDGE('',*,*,#7370,.T.);
#7539=ORIENTED_EDGE('',*,*,#7440,.T.);
#7540=EDGE_LOOP('',(#7538,#7539));
#7541=FACE_BOUND('',#7540,.T.);
#7542=CARTESIAN_POINT('',(0.5,1.449999999999992,1.699999999999999));
#7543=VERTEX_POINT('',#7542);
#7544=CARTESIAN_POINT('',(0.5,1.899999999999993,1.699999999999999));
#7545=VERTEX_POINT('',#7544);
#7546=CARTESIAN_POINT('',(0.5,1.449999999999992,1.699999999999999));
#7547=DIRECTION('',(0.0,1.0,0.0));
#7548=VECTOR('',#7547,0.45);
#7549=LINE('',#7546,#7548);
#7550=EDGE_CURVE('',#7543,#7545,#7549,.T.);
#7551=ORIENTED_EDGE('',*,*,#7550,.F.);
#7552=CARTESIAN_POINT('',(-0.5,1.449999999999989,1.7));
#7553=VERTEX_POINT('',#7552);
#7554=CARTESIAN_POINT('',(-0.5,1.449999999999989,1.7));
#7555=DIRECTION('',(1.0,0.0,0.0));
#7556=VECTOR('',#7555,1.0);
#7557=LINE('',#7554,#7556);
#7558=EDGE_CURVE('',#7553,#7543,#7557,.T.);
#7559=ORIENTED_EDGE('',*,*,#7558,.F.);
#7560=CARTESIAN_POINT('',(-0.500000000000001,1.899999999999989,1.7));
#7561=VERTEX_POINT('',#7560);
#7562=CARTESIAN_POINT('',(-0.500000000000001,1.899999999999989,1.7));
#7563=DIRECTION('',(0.0,-1.0,0.0));
#7564=VECTOR('',#7563,0.45);
#7565=LINE('',#7562,#7564);
#7566=EDGE_CURVE('',#7561,#7553,#7565,.T.);
#7567=ORIENTED_EDGE('',*,*,#7566,.F.);
#7568=CARTESIAN_POINT('',(0.5,1.899999999999993,1.699999999999999));
#7569=DIRECTION('',(-1.0,0.0,0.0));
#7570=VECTOR('',#7569,1.0);
#7571=LINE('',#7568,#7570);
#7572=EDGE_CURVE('',#7545,#7561,#7571,.T.);
#7573=ORIENTED_EDGE('',*,*,#7572,.F.);
#7574=EDGE_LOOP('',(#7551,#7559,#7567,#7573));
#7575=FACE_BOUND('',#7574,.T.);
#7576=ADVANCED_FACE('',(#7499,#7533,#7537,#7541,#7575),#7469,.F.);
#7577=CARTESIAN_POINT('',(0.5,1.449999999999992,1.699999999999999));
#7578=DIRECTION('',(-1.0,0.0,0.0));
#7579=DIRECTION('',(0.0,0.0,1.0));
#7580=AXIS2_PLACEMENT_3D('',#7577,#7578,#7579);
#7581=PLANE('',#7580);
#7582=ORIENTED_EDGE('',*,*,#6587,.F.);
#7583=CARTESIAN_POINT('',(0.5,1.449999999999992,1.699999999999999));
#7584=DIRECTION('',(0.0,0.0,1.0));
#7585=VECTOR('',#7584,0.2);
#7586=LINE('',#7583,#7585);
#7587=EDGE_CURVE('',#7543,#6576,#7586,.T.);
#7588=ORIENTED_EDGE('',*,*,#7587,.F.);
#7589=ORIENTED_EDGE('',*,*,#7550,.T.);
#7590=CARTESIAN_POINT('',(0.5,1.899999999999993,1.9));
#7591=VERTEX_POINT('',#7590);
#7592=CARTESIAN_POINT('',(0.5,1.899999999999993,1.699999999999999));
#7593=DIRECTION('',(0.0,0.0,1.0));
#7594=VECTOR('',#7593,0.2);
#7595=LINE('',#7592,#7594);
#7596=EDGE_CURVE('',#7545,#7591,#7595,.T.);
#7597=ORIENTED_EDGE('',*,*,#7596,.T.);
#7598=CARTESIAN_POINT('',(0.5,1.666613332479974,1.899999999999999));
#7599=DIRECTION('',(0.0,1.0,0.0));
#7600=VECTOR('',#7599,0.233386667520019);
#7601=LINE('',#7598,#7600);
#7602=EDGE_CURVE('',#6502,#7591,#7601,.T.);
#7603=ORIENTED_EDGE('',*,*,#7602,.F.);
#7604=EDGE_LOOP('',(#7582,#7588,#7589,#7597,#7603));
#7605=FACE_OUTER_BOUND('',#7604,.T.);
#7606=ADVANCED_FACE('',(#7605),#7581,.F.);
#7607=CARTESIAN_POINT('',(0.5,1.899999999999993,1.699999999999999));
#7608=DIRECTION('',(0.0,-1.0,0.0));
#7609=DIRECTION('',(0.0,0.0,1.0));
#7610=AXIS2_PLACEMENT_3D('',#7607,#7608,#7609);
#7611=PLANE('',#7610);
#7612=CARTESIAN_POINT('',(-0.5,1.899999999999989,1.9));
#7613=VERTEX_POINT('',#7612);
#7614=CARTESIAN_POINT('',(0.5,1.899999999999993,1.899999999999999));
#7615=DIRECTION('',(-1.0,0.0,0.0));
#7616=VECTOR('',#7615,1.0);
#7617=LINE('',#7614,#7616);
#7618=EDGE_CURVE('',#7591,#7613,#7617,.T.);
#7619=ORIENTED_EDGE('',*,*,#7618,.F.);
#7620=ORIENTED_EDGE('',*,*,#7596,.F.);
#7621=ORIENTED_EDGE('',*,*,#7572,.T.);
#7622=CARTESIAN_POINT('',(-0.500000000000001,1.899999999999989,1.7));
#7623=DIRECTION('',(0.0,0.0,1.0));
#7624=VECTOR('',#7623,0.2);
#7625=LINE('',#7622,#7624);
#7626=EDGE_CURVE('',#7561,#7613,#7625,.T.);
#7627=ORIENTED_EDGE('',*,*,#7626,.T.);
#7628=EDGE_LOOP('',(#7619,#7620,#7621,#7627));
#7629=FACE_OUTER_BOUND('',#7628,.T.);
#7630=ADVANCED_FACE('',(#7629),#7611,.F.);
#7631=CARTESIAN_POINT('',(-0.500000000000001,1.899999999999989,1.7));
#7632=DIRECTION('',(1.0,0.0,0.0));
#7633=DIRECTION('',(0.0,0.0,-1.0));
#7634=AXIS2_PLACEMENT_3D('',#7631,#7632,#7633);
#7635=PLANE('',#7634);
#7636=CARTESIAN_POINT('',(-0.5,1.899999999999989,1.9));
#7637=DIRECTION('',(0.0,-1.0,0.0));
#7638=VECTOR('',#7637,0.233386667520016);
#7639=LINE('',#7636,#7638);
#7640=EDGE_CURVE('',#7613,#6513,#7639,.T.);
#7641=ORIENTED_EDGE('',*,*,#7640,.F.);
#7642=ORIENTED_EDGE('',*,*,#7626,.F.);
#7643=ORIENTED_EDGE('',*,*,#7566,.T.);
#7644=CARTESIAN_POINT('',(-0.5,1.449999999999989,1.7));
#7645=DIRECTION('',(0.0,0.0,1.0));
#7646=VECTOR('',#7645,0.2);
#7647=LINE('',#7644,#7646);
#7648=EDGE_CURVE('',#7553,#6568,#7647,.T.);
#7649=ORIENTED_EDGE('',*,*,#7648,.T.);
#7650=ORIENTED_EDGE('',*,*,#6573,.F.);
#7651=EDGE_LOOP('',(#7641,#7642,#7643,#7649,#7650));
#7652=FACE_OUTER_BOUND('',#7651,.T.);
#7653=ADVANCED_FACE('',(#7652),#7635,.F.);
#7654=CARTESIAN_POINT('',(-0.5,1.449999999999989,1.7));
#7655=DIRECTION('',(0.0,1.0,0.0));
#7656=DIRECTION('',(0.0,0.0,-1.0));
#7657=AXIS2_PLACEMENT_3D('',#7654,#7655,#7656);
#7658=PLANE('',#7657);
#7659=ORIENTED_EDGE('',*,*,#6581,.F.);
#7660=ORIENTED_EDGE('',*,*,#7648,.F.);
#7661=ORIENTED_EDGE('',*,*,#7558,.T.);
#7662=ORIENTED_EDGE('',*,*,#7587,.T.);
#7663=EDGE_LOOP('',(#7659,#7660,#7661,#7662));
#7664=FACE_OUTER_BOUND('',#7663,.T.);
#7665=ADVANCED_FACE('',(#7664),#7658,.F.);
#7666=CARTESIAN_POINT('',(-1.448114E-016,1.674999999999991,1.9));
#7667=DIRECTION('',(0.0,0.0,-1.0));
#7668=DIRECTION('',(-1.0,0.0,0.0));
#7669=AXIS2_PLACEMENT_3D('',#7666,#7667,#7668);
#7670=PLANE('',#7669);
#7671=ORIENTED_EDGE('',*,*,#6565,.T.);
#7672=ORIENTED_EDGE('',*,*,#7602,.T.);
#7673=ORIENTED_EDGE('',*,*,#7618,.T.);
#7674=ORIENTED_EDGE('',*,*,#7640,.T.);
#7675=EDGE_LOOP('',(#7671,#7672,#7673,#7674));
#7676=FACE_OUTER_BOUND('',#7675,.T.);
#7677=ADVANCED_FACE('',(#7676),#7670,.F.);
#7678=CARTESIAN_POINT('',(0.500000000000002,-1.449999999999992,1.699999999999999));
#7679=DIRECTION('',(1.0,0.0,0.0));
#7680=DIRECTION('',(0.0,0.0,1.0));
#7681=AXIS2_PLACEMENT_3D('',#7678,#7679,#7680);
#7682=PLANE('',#7681);
#7683=ORIENTED_EDGE('',*,*,#6610,.T.);
#7684=CARTESIAN_POINT('',(0.500000000000003,-1.899999999999992,1.9));
#7685=VERTEX_POINT('',#7684);
#7686=CARTESIAN_POINT('',(0.500000000000003,-1.666613332479972,1.899999999999999));
#7687=DIRECTION('',(0.0,-1.0,0.0));
#7688=VECTOR('',#7687,0.23338666752002);
#7689=LINE('',#7686,#7688);
#7690=EDGE_CURVE('',#6504,#7685,#7689,.T.);
#7691=ORIENTED_EDGE('',*,*,#7690,.T.);
#7692=CARTESIAN_POINT('',(0.500000000000003,-1.899999999999992,1.699999999999999));
#7693=DIRECTION('',(0.0,0.0,1.0));
#7694=VECTOR('',#7693,0.2);
#7695=LINE('',#7692,#7694);
#7696=EDGE_CURVE('',#7503,#7685,#7695,.T.);
#7697=ORIENTED_EDGE('',*,*,#7696,.F.);
#7698=ORIENTED_EDGE('',*,*,#7508,.F.);
#7699=CARTESIAN_POINT('',(0.500000000000002,-1.449999999999992,1.699999999999999));
#7700=DIRECTION('',(0.0,0.0,1.0));
#7701=VECTOR('',#7700,0.2);
#7702=LINE('',#7699,#7701);
#7703=EDGE_CURVE('',#7501,#6605,#7702,.T.);
#7704=ORIENTED_EDGE('',*,*,#7703,.T.);
#7705=EDGE_LOOP('',(#7683,#7691,#7697,#7698,#7704));
#7706=FACE_OUTER_BOUND('',#7705,.T.);
#7707=ADVANCED_FACE('',(#7706),#7682,.T.);
#7708=CARTESIAN_POINT('',(0.500000000000003,-1.899999999999992,1.699999999999999));
#7709=DIRECTION('',(0.0,-1.0,0.0));
#7710=DIRECTION('',(0.0,0.0,1.0));
#7711=AXIS2_PLACEMENT_3D('',#7708,#7709,#7710);
#7712=PLANE('',#7711);
#7713=CARTESIAN_POINT('',(-0.499999999999998,-1.89999999999999,1.9));
#7714=VERTEX_POINT('',#7713);
#7715=CARTESIAN_POINT('',(0.500000000000003,-1.899999999999992,1.899999999999999));
#7716=DIRECTION('',(-1.0,0.0,0.0));
#7717=VECTOR('',#7716,1.0);
#7718=LINE('',#7715,#7717);
#7719=EDGE_CURVE('',#7685,#7714,#7718,.T.);
#7720=ORIENTED_EDGE('',*,*,#7719,.T.);
#7721=CARTESIAN_POINT('',(-0.499999999999998,-1.89999999999999,1.7));
#7722=DIRECTION('',(0.0,0.0,1.0));
#7723=VECTOR('',#7722,0.2);
#7724=LINE('',#7721,#7723);
#7725=EDGE_CURVE('',#7511,#7714,#7724,.T.);
#7726=ORIENTED_EDGE('',*,*,#7725,.F.);
#7727=ORIENTED_EDGE('',*,*,#7516,.F.);
#7728=ORIENTED_EDGE('',*,*,#7696,.T.);
#7729=EDGE_LOOP('',(#7720,#7726,#7727,#7728));
#7730=FACE_OUTER_BOUND('',#7729,.T.);
#7731=ADVANCED_FACE('',(#7730),#7712,.T.);
#7732=CARTESIAN_POINT('',(-0.499999999999998,-1.89999999999999,1.7));
#7733=DIRECTION('',(-1.0,0.0,0.0));
#7734=DIRECTION('',(0.0,0.0,-1.0));
#7735=AXIS2_PLACEMENT_3D('',#7732,#7733,#7734);
#7736=PLANE('',#7735);
#7737=CARTESIAN_POINT('',(-0.499999999999998,-1.89999999999999,1.9));
#7738=DIRECTION('',(0.0,1.0,0.0));
#7739=VECTOR('',#7738,0.233386667520017);
#7740=LINE('',#7737,#7739);
#7741=EDGE_CURVE('',#7714,#6522,#7740,.T.);
#7742=ORIENTED_EDGE('',*,*,#7741,.T.);
#7743=ORIENTED_EDGE('',*,*,#6624,.T.);
#7744=CARTESIAN_POINT('',(-0.499999999999998,-1.44999999999999,1.7));
#7745=DIRECTION('',(0.0,0.0,1.0));
#7746=VECTOR('',#7745,0.2);
#7747=LINE('',#7744,#7746);
#7748=EDGE_CURVE('',#7519,#6613,#7747,.T.);
#7749=ORIENTED_EDGE('',*,*,#7748,.F.);
#7750=ORIENTED_EDGE('',*,*,#7524,.F.);
#7751=ORIENTED_EDGE('',*,*,#7725,.T.);
#7752=EDGE_LOOP('',(#7742,#7743,#7749,#7750,#7751));
#7753=FACE_OUTER_BOUND('',#7752,.T.);
#7754=ADVANCED_FACE('',(#7753),#7736,.T.);
#7755=CARTESIAN_POINT('',(-0.499999999999998,-1.44999999999999,1.7));
#7756=DIRECTION('',(0.0,1.0,0.0));
#7757=DIRECTION('',(0.0,0.0,-1.0));
#7758=AXIS2_PLACEMENT_3D('',#7755,#7756,#7757);
#7759=PLANE('',#7758);
#7760=ORIENTED_EDGE('',*,*,#6618,.T.);
#7761=ORIENTED_EDGE('',*,*,#7703,.F.);
#7762=ORIENTED_EDGE('',*,*,#7530,.F.);
#7763=ORIENTED_EDGE('',*,*,#7748,.T.);
#7764=EDGE_LOOP('',(#7760,#7761,#7762,#7763));
#7765=FACE_OUTER_BOUND('',#7764,.T.);
#7766=ADVANCED_FACE('',(#7765),#7759,.T.);
#7767=CARTESIAN_POINT('',(2.458662E-015,-1.674999999999991,1.9));
#7768=DIRECTION('',(0.0,0.0,1.0));
#7769=DIRECTION('',(-1.0,0.0,0.0));
#7770=AXIS2_PLACEMENT_3D('',#7767,#7768,#7769);
#7771=PLANE('',#7770);
#7772=ORIENTED_EDGE('',*,*,#6602,.T.);
#7773=ORIENTED_EDGE('',*,*,#7741,.F.);
#7774=ORIENTED_EDGE('',*,*,#7719,.F.);
#7775=ORIENTED_EDGE('',*,*,#7690,.F.);
#7776=EDGE_LOOP('',(#7772,#7773,#7774,#7775));
#7777=FACE_OUTER_BOUND('',#7776,.T.);
#7778=ADVANCED_FACE('',(#7777),#7771,.T.);
#7779=CLOSED_SHELL('',(#6478,#6495,#6542,#6554,#6591,#6628,#6660,#6684,#6716,#6741,#6773,#6797,#6829,#6854,#6879,#6903,#6935,#6953,#6985,#7003,#7028,#7052,#7076,#7093,#7117,#7134,#7166,#7190,#7208,#7233,#7257,#7282,#7299,#7316,#7356,#7396,#7412,#7428,#7446,#7464,#7576,#7606,#7630,#7653,#7665,#7677,#7707,#7731,#7754,#7766,#7778));
#7780=ORIENTED_CLOSED_SHELL('',*,#7779,.F.);
#7781=CARTESIAN_POINT('',(4.614364E-015,-4.951170E-015,2.899999999999998));
#7782=DIRECTION('',(0.0,0.0,-1.0));
#7783=DIRECTION('',(0.0,1.0,0.0));
#7784=AXIS2_PLACEMENT_3D('',#7781,#7782,#7783);
#7785=PLANE('',#7784);
#7786=CARTESIAN_POINT('',(2.6,3.184082E-016,2.9));
#7787=VERTEX_POINT('',#7786);
#7788=CARTESIAN_POINT('',(0.0,0.0,2.9));
#7789=DIRECTION('',(0.0,0.0,1.0));
#7790=DIRECTION('',(-1.0,0.0,0.0));
#7791=AXIS2_PLACEMENT_3D('',#7788,#7789,#7790);
#7792=CIRCLE('',#7791,2.6);
#7793=EDGE_CURVE('',#7787,#7787,#7792,.T.);
#7794=ORIENTED_EDGE('',*,*,#7793,.F.);
#7795=EDGE_LOOP('',(#7794));
#7796=FACE_OUTER_BOUND('',#7795,.T.);
#7797=CARTESIAN_POINT('',(2.250000000000004,-3.453828E-015,2.9));
#7798=VERTEX_POINT('',#7797);
#7799=CARTESIAN_POINT('',(4.088396E-015,-5.176684E-015,2.899999999999998));
#7800=DIRECTION('',(0.0,0.0,-1.0));
#7801=DIRECTION('',(-1.0,0.0,0.0));
#7802=AXIS2_PLACEMENT_3D('',#7799,#7800,#7801);
#7803=CIRCLE('',#7802,2.25);
#7804=EDGE_CURVE('',#7798,#7798,#7803,.T.);
#7805=ORIENTED_EDGE('',*,*,#7804,.F.);
#7806=EDGE_LOOP('',(#7805));
#7807=FACE_BOUND('',#7806,.T.);
#7808=ADVANCED_FACE('',(#7796,#7807),#7785,.T.);
#7809=CARTESIAN_POINT('',(4.426895E-015,-4.813498E-015,2.599999999999998));
#7810=DIRECTION('',(-1.109826E-015,-1.210622E-015,1.0));
#7811=DIRECTION('',(0.0,-1.0,0.0));
#7812=AXIS2_PLACEMENT_3D('',#7809,#7810,#7811);
#7813=CONICAL_SURFACE('',#7812,0.85,16.6992442339936);
#7814=CARTESIAN_POINT('',(4.760161E-015,-1.000000000000005,3.099999999999997));
#7815=VERTEX_POINT('',#7814);
#7816=CARTESIAN_POINT('',(3.871982E-015,-5.418809E-015,3.099999999999998));
#7817=DIRECTION('',(0.0,0.0,1.0));
#7818=DIRECTION('',(0.0,-1.0,0.0));
#7819=AXIS2_PLACEMENT_3D('',#7816,#7817,#7818);
#7820=CIRCLE('',#7819,0.999999999999999);
#7821=EDGE_CURVE('',#7815,#7815,#7820,.T.);
#7822=ORIENTED_EDGE('',*,*,#7821,.F.);
#7823=EDGE_LOOP('',(#7822));
#7824=FACE_OUTER_BOUND('',#7823,.T.);
#7825=CARTESIAN_POINT('',(4.378832E-015,0.714999999999996,2.15));
#7826=VERTEX_POINT('',#7825);
#7827=CARTESIAN_POINT('',(4.926317E-015,-4.268718E-015,2.15));
#7828=DIRECTION('',(0.0,0.0,-1.0));
#7829=DIRECTION('',(0.0,-1.0,0.0));
#7830=AXIS2_PLACEMENT_3D('',#7827,#7828,#7829);
#7831=CIRCLE('',#7830,0.715);
#7832=EDGE_CURVE('',#7826,#7826,#7831,.T.);
#7833=ORIENTED_EDGE('',*,*,#7832,.F.);
#7834=EDGE_LOOP('',(#7833));
#7835=FACE_BOUND('',#7834,.T.);
#7836=ADVANCED_FACE('',(#7824,#7835),#7813,.T.);
#7837=CARTESIAN_POINT('',(3.982965E-015,-5.297746E-015,2.999999999999998));
#7838=DIRECTION('',(-1.054315E-015,-1.210622E-015,1.0));
#7839=DIRECTION('',(0.0,-1.0,0.0));
#7840=AXIS2_PLACEMENT_3D('',#7837,#7838,#7839);
#7841=TOROIDAL_SURFACE('',#7840,1.65,0.1);
#7842=CARTESIAN_POINT('',(1.550000000000005,-4.110890E-015,3.0));
#7843=VERTEX_POINT('',#7842);
#7844=CARTESIAN_POINT('',(3.982965E-015,-5.297746E-015,2.999999999999998));
#7845=DIRECTION('',(0.0,0.0,-1.0));
#7846=DIRECTION('',(-1.0,0.0,0.0));
#7847=AXIS2_PLACEMENT_3D('',#7844,#7845,#7846);
#7848=CIRCLE('',#7847,1.55);
#7849=EDGE_CURVE('',#7843,#7843,#7848,.T.);
#7850=ORIENTED_EDGE('',*,*,#7849,.F.);
#7851=EDGE_LOOP('',(#7850));
#7852=FACE_OUTER_BOUND('',#7851,.T.);
#7853=CARTESIAN_POINT('',(1.650000000000005,-3.913257E-015,2.9));
#7854=VERTEX_POINT('',#7853);
#7855=CARTESIAN_POINT('',(4.088396E-015,-5.176684E-015,2.899999999999998));
#7856=DIRECTION('',(0.0,0.0,-1.0));
#7857=DIRECTION('',(-1.0,0.0,0.0));
#7858=AXIS2_PLACEMENT_3D('',#7855,#7856,#7857);
#7859=CIRCLE('',#7858,1.65);
#7860=EDGE_CURVE('',#7854,#7854,#7859,.T.);
#7861=ORIENTED_EDGE('',*,*,#7860,.T.);
#7862=EDGE_LOOP('',(#7861));
#7863=FACE_BOUND('',#7862,.T.);
#7864=ADVANCED_FACE('',(#7852,#7863),#7841,.T.);
#7865=CARTESIAN_POINT('',(4.614364E-015,-4.951170E-015,2.899999999999998));
#7866=DIRECTION('',(0.0,0.0,-1.0));
#7867=DIRECTION('',(0.0,1.0,0.0));
#7868=AXIS2_PLACEMENT_3D('',#7865,#7866,#7867);
#7869=PLANE('',#7868);
#7870=CARTESIAN_POINT('',(1.950000000000004,-3.205930E-015,2.9));
#7871=VERTEX_POINT('',#7870);
#7872=CARTESIAN_POINT('',(4.088396E-015,-5.176684E-015,2.899999999999998));
#7873=DIRECTION('',(0.0,0.0,1.0));
#7874=DIRECTION('',(-1.0,0.0,0.0));
#7875=AXIS2_PLACEMENT_3D('',#7872,#7873,#7874);
#7876=CIRCLE('',#7875,1.95);
#7877=EDGE_CURVE('',#7871,#7871,#7876,.T.);
#7878=ORIENTED_EDGE('',*,*,#7877,.F.);
#7879=EDGE_LOOP('',(#7878));
#7880=FACE_OUTER_BOUND('',#7879,.T.);
#7881=ORIENTED_EDGE('',*,*,#7860,.F.);
#7882=EDGE_LOOP('',(#7881));
#7883=FACE_BOUND('',#7882,.T.);
#7884=ADVANCED_FACE('',(#7880,#7883),#7869,.T.);
#7885=CARTESIAN_POINT('',(3.982965E-015,-5.297746E-015,2.999999999999998));
#7886=DIRECTION('',(-1.054315E-015,-1.210622E-015,1.0));
#7887=DIRECTION('',(0.0,-1.0,0.0));
#7888=AXIS2_PLACEMENT_3D('',#7885,#7886,#7887);
#7889=TOROIDAL_SURFACE('',#7888,1.45,0.1);
#7890=CARTESIAN_POINT('',(1.450000000000004,-3.953376E-015,3.1));
#7891=VERTEX_POINT('',#7890);
#7892=CARTESIAN_POINT('',(3.877533E-015,-5.418809E-015,3.099999999999998));
#7893=DIRECTION('',(0.0,0.0,1.0));
#7894=DIRECTION('',(-1.0,0.0,0.0));
#7895=AXIS2_PLACEMENT_3D('',#7892,#7893,#7894);
#7896=CIRCLE('',#7895,1.45);
#7897=EDGE_CURVE('',#7891,#7891,#7896,.T.);
#7898=ORIENTED_EDGE('',*,*,#7897,.T.);
#7899=EDGE_LOOP('',(#7898));
#7900=FACE_OUTER_BOUND('',#7899,.T.);
#7901=ORIENTED_EDGE('',*,*,#7849,.T.);
#7902=EDGE_LOOP('',(#7901));
#7903=FACE_BOUND('',#7902,.T.);
#7904=ADVANCED_FACE('',(#7900,#7903),#7889,.F.);
#7905=CARTESIAN_POINT('',(3.781552E-015,-5.381503E-015,3.099999999999998));
#7906=DIRECTION('',(0.0,0.0,-1.0));
#7907=DIRECTION('',(0.0,1.0,0.0));
#7908=AXIS2_PLACEMENT_3D('',#7905,#7906,#7907);
#7909=PLANE('',#7908);
#7910=ORIENTED_EDGE('',*,*,#7897,.F.);
#7911=EDGE_LOOP('',(#7910));
#7912=FACE_OUTER_BOUND('',#7911,.T.);
#7913=ORIENTED_EDGE('',*,*,#7821,.T.);
#7914=EDGE_LOOP('',(#7913));
#7915=FACE_BOUND('',#7914,.T.);
#7916=ADVANCED_FACE('',(#7912,#7915),#7909,.T.);
#7917=CARTESIAN_POINT('',(3.982965E-015,-5.297746E-015,2.999999999999998));
#7918=DIRECTION('',(1.054315E-015,1.210622E-015,-1.0));
#7919=DIRECTION('',(0.0,1.0,0.0));
#7920=AXIS2_PLACEMENT_3D('',#7917,#7918,#7919);
#7921=TOROIDAL_SURFACE('',#7920,1.95,0.1);
#7922=CARTESIAN_POINT('',(2.050000000000004,-3.728033E-015,3.0));
#7923=VERTEX_POINT('',#7922);
#7924=CARTESIAN_POINT('',(3.982965E-015,-5.297746E-015,2.999999999999998));
#7925=DIRECTION('',(0.0,0.0,-1.0));
#7926=DIRECTION('',(-1.0,0.0,0.0));
#7927=AXIS2_PLACEMENT_3D('',#7924,#7925,#7926);
#7928=CIRCLE('',#7927,2.05);
#7929=EDGE_CURVE('',#7923,#7923,#7928,.T.);
#7930=ORIENTED_EDGE('',*,*,#7929,.T.);
#7931=EDGE_LOOP('',(#7930));
#7932=FACE_OUTER_BOUND('',#7931,.T.);
#7933=ORIENTED_EDGE('',*,*,#7877,.T.);
#7934=EDGE_LOOP('',(#7933));
#7935=FACE_BOUND('',#7934,.T.);
#7936=ADVANCED_FACE('',(#7932,#7935),#7921,.T.);
#7937=CARTESIAN_POINT('',(4.093947E-015,-5.176684E-015,2.899999999999998));
#7938=DIRECTION('',(-1.109826E-015,-1.210622E-015,1.0));
#7939=DIRECTION('',(-1.0,0.0,0.0));
#7940=AXIS2_PLACEMENT_3D('',#7937,#7938,#7939);
#7941=CYLINDRICAL_SURFACE('',#7940,2.05);
#7942=CARTESIAN_POINT('',(2.050000000000004,-3.286459E-015,3.050000000000001));
#7943=VERTEX_POINT('',#7942);
#7944=CARTESIAN_POINT('',(3.927473E-015,-5.358278E-015,3.049999999999998));
#7945=DIRECTION('',(0.0,0.0,1.0));
#7946=DIRECTION('',(-1.0,0.0,0.0));
#7947=AXIS2_PLACEMENT_3D('',#7944,#7945,#7946);
#7948=CIRCLE('',#7947,2.05);
#7949=EDGE_CURVE('',#7943,#7943,#7948,.T.);
#7950=ORIENTED_EDGE('',*,*,#7949,.F.);
#7951=EDGE_LOOP('',(#7950));
#7952=FACE_OUTER_BOUND('',#7951,.T.);
#7953=ORIENTED_EDGE('',*,*,#7929,.F.);
#7954=EDGE_LOOP('',(#7953));
#7955=FACE_BOUND('',#7954,.T.);
#7956=ADVANCED_FACE('',(#7952,#7955),#7941,.T.);
#7957=CARTESIAN_POINT('',(3.982965E-015,-5.297746E-015,2.999999999999998));
#7958=DIRECTION('',(-1.054315E-015,-1.210622E-015,1.0));
#7959=DIRECTION('',(0.0,-1.0,0.0));
#7960=AXIS2_PLACEMENT_3D('',#7957,#7958,#7959);
#7961=TOROIDAL_SURFACE('',#7960,2.25,0.1);
#7962=CARTESIAN_POINT('',(2.150000000000004,-3.124864E-015,3.0));
#7963=VERTEX_POINT('',#7962);
#7964=CARTESIAN_POINT('',(3.982965E-015,-5.297746E-015,2.999999999999998));
#7965=DIRECTION('',(0.0,0.0,1.0));
#7966=DIRECTION('',(-1.0,0.0,0.0));
#7967=AXIS2_PLACEMENT_3D('',#7964,#7965,#7966);
#7968=CIRCLE('',#7967,2.15);
#7969=EDGE_CURVE('',#7963,#7963,#7968,.T.);
#7970=ORIENTED_EDGE('',*,*,#7969,.T.);
#7971=EDGE_LOOP('',(#7970));
#7972=FACE_OUTER_BOUND('',#7971,.T.);
#7973=ORIENTED_EDGE('',*,*,#7804,.T.);
#7974=EDGE_LOOP('',(#7973));
#7975=FACE_BOUND('',#7974,.T.);
#7976=ADVANCED_FACE('',(#7972,#7975),#7961,.T.);
#7977=CARTESIAN_POINT('',(4.093947E-015,-5.176684E-015,2.899999999999998));
#7978=DIRECTION('',(-1.109826E-015,-1.210622E-015,1.0));
#7979=DIRECTION('',(-1.0,0.0,0.0));
#7980=AXIS2_PLACEMENT_3D('',#7977,#7978,#7979);
#7981=CYLINDRICAL_SURFACE('',#7980,2.15);
#7982=CARTESIAN_POINT('',(2.150000000000004,-3.711993E-015,3.050000000000001));
#7983=VERTEX_POINT('',#7982);
#7984=CARTESIAN_POINT('',(3.927473E-015,-5.358278E-015,3.049999999999998));
#7985=DIRECTION('',(0.0,0.0,-1.0));
#7986=DIRECTION('',(-1.0,0.0,0.0));
#7987=AXIS2_PLACEMENT_3D('',#7984,#7985,#7986);
#7988=CIRCLE('',#7987,2.15);
#7989=EDGE_CURVE('',#7983,#7983,#7988,.T.);
#7990=ORIENTED_EDGE('',*,*,#7989,.F.);
#7991=EDGE_LOOP('',(#7990));
#7992=FACE_OUTER_BOUND('',#7991,.T.);
#7993=ORIENTED_EDGE('',*,*,#7969,.F.);
#7994=EDGE_LOOP('',(#7993));
#7995=FACE_BOUND('',#7994,.T.);
#7996=ADVANCED_FACE('',(#7992,#7995),#7981,.F.);
#7997=CARTESIAN_POINT('',(3.927473E-015,-5.358278E-015,3.049999999999998));
#7998=DIRECTION('',(1.054315E-015,1.210622E-015,-1.0));
#7999=DIRECTION('',(0.0,1.0,0.0));
#8000=AXIS2_PLACEMENT_3D('',#7997,#7998,#7999);
#8001=TOROIDAL_SURFACE('',#8000,2.1,0.05);
#8002=ORIENTED_EDGE('',*,*,#7989,.T.);
#8003=EDGE_LOOP('',(#8002));
#8004=FACE_OUTER_BOUND('',#8003,.T.);
#8005=ORIENTED_EDGE('',*,*,#7949,.T.);
#8006=EDGE_LOOP('',(#8005));
#8007=FACE_BOUND('',#8006,.T.);
#8008=ADVANCED_FACE('',(#8004,#8007),#8001,.F.);
#8009=CARTESIAN_POINT('',(0.0,0.0,3.3));
#8010=DIRECTION('',(0.0,0.0,-1.0));
#8011=DIRECTION('',(-1.0,0.0,0.0));
#8012=AXIS2_PLACEMENT_3D('',#8009,#8010,#8011);
#8013=CYLINDRICAL_SURFACE('',#8012,2.6);
#8014=ORIENTED_EDGE('',*,*,#7793,.T.);
#8015=EDGE_LOOP('',(#8014));
#8016=FACE_OUTER_BOUND('',#8015,.T.);
#8017=CARTESIAN_POINT('',(2.6,3.184082E-016,2.1));
#8018=VERTEX_POINT('',#8017);
#8019=CARTESIAN_POINT('',(0.0,0.0,2.1));
#8020=DIRECTION('',(0.0,0.0,-1.0));
#8021=DIRECTION('',(-1.0,0.0,0.0));
#8022=AXIS2_PLACEMENT_3D('',#8019,#8020,#8021);
#8023=CIRCLE('',#8022,2.6);
#8024=EDGE_CURVE('',#8018,#8018,#8023,.T.);
#8025=ORIENTED_EDGE('',*,*,#8024,.T.);
#8026=EDGE_LOOP('',(#8025));
#8027=FACE_BOUND('',#8026,.T.);
#8028=ADVANCED_FACE('',(#8016,#8027),#8013,.F.);
#8029=CARTESIAN_POINT('',(-1.154942E-016,-4.448009E-017,2.099999999999999));
#8030=DIRECTION('',(0.0,0.0,1.0));
#8031=DIRECTION('',(1.0,0.0,0.0));
#8032=AXIS2_PLACEMENT_3D('',#8029,#8030,#8031);
#8033=PLANE('',#8032);
#8034=ORIENTED_EDGE('',*,*,#8024,.F.);
#8035=EDGE_LOOP('',(#8034));
#8036=FACE_OUTER_BOUND('',#8035,.T.);
#8037=CARTESIAN_POINT('',(1.807359006522027,1.76325789989545,2.099999999999999));
#8038=VERTEX_POINT('',#8037);
#8039=CARTESIAN_POINT('',(-5.551115E-016,5.551115E-016,2.099999999999999));
#8040=DIRECTION('',(-4.381587E-017,-4.274672E-017,-1.0));
#8041=DIRECTION('',(-0.715785745157239,-0.698319960354633,6.121366E-017));
#8042=AXIS2_PLACEMENT_3D('',#8039,#8040,#8041);
#8043=CIRCLE('',#8042,2.525);
#8044=EDGE_CURVE('',#8038,#8038,#8043,.T.);
#8045=ORIENTED_EDGE('',*,*,#8044,.T.);
#8046=EDGE_LOOP('',(#8045));
#8047=FACE_BOUND('',#8046,.T.);
#8048=ADVANCED_FACE('',(#8036,#8047),#8033,.T.);
#8049=CARTESIAN_POINT('',(-5.551115E-016,5.551115E-016,2.15));
#8050=DIRECTION('',(0.0,0.0,-1.0));
#8051=DIRECTION('',(-0.715785745157239,-0.698319960354633,0.0));
#8052=AXIS2_PLACEMENT_3D('',#8049,#8050,#8051);
#8053=PLANE('',#8052);
#8054=CARTESIAN_POINT('',(1.807359006522027,1.76325789989545,2.15));
#8055=VERTEX_POINT('',#8054);
#8056=CARTESIAN_POINT('',(-5.551115E-016,5.551115E-016,2.15));
#8057=DIRECTION('',(-4.381587E-017,-4.274672E-017,-1.0));
#8058=DIRECTION('',(-0.715785745157239,-0.698319960354633,6.121366E-017));
#8059=AXIS2_PLACEMENT_3D('',#8056,#8057,#8058);
#8060=CIRCLE('',#8059,2.525);
#8061=EDGE_CURVE('',#8055,#8055,#8060,.T.);
#8062=ORIENTED_EDGE('',*,*,#8061,.F.);
#8063=EDGE_LOOP('',(#8062));
#8064=FACE_OUTER_BOUND('',#8063,.T.);
#8065=ORIENTED_EDGE('',*,*,#7832,.T.);
#8066=EDGE_LOOP('',(#8065));
#8067=FACE_BOUND('',#8066,.T.);
#8068=ADVANCED_FACE('',(#8064,#8067),#8053,.F.);
#8069=CARTESIAN_POINT('',(-5.551115E-016,5.551115E-016,2.1));
#8070=DIRECTION('',(8.551953E-017,-1.232595E-032,1.0));
#8071=DIRECTION('',(-0.715785745157239,-0.698319960354633,6.121366E-017));
#8072=AXIS2_PLACEMENT_3D('',#8069,#8070,#8071);
#8073=CYLINDRICAL_SURFACE('',#8072,2.525000000000001);
#8074=ORIENTED_EDGE('',*,*,#8061,.T.);
#8075=EDGE_LOOP('',(#8074));
#8076=FACE_OUTER_BOUND('',#8075,.T.);
#8077=ORIENTED_EDGE('',*,*,#8044,.F.);
#8078=EDGE_LOOP('',(#8077));
#8079=FACE_BOUND('',#8078,.T.);
#8080=ADVANCED_FACE('',(#8076,#8079),#8073,.T.);
#8081=CLOSED_SHELL('',(#7808,#7836,#7864,#7884,#7904,#7916,#7936,#7956,#7976,#7996,#8008,#8028,#8048,#8068,#8080));
#8082=ORIENTED_CLOSED_SHELL('',*,#8081,.F.);
#8083=CARTESIAN_POINT('',(-2.396547730216192,-2.35449592145705,3.7));
#8084=DIRECTION('',(0.0,0.0,-1.0));
#8085=DIRECTION('',(0.617983685828195,-0.786190920864773,0.0));
#8086=AXIS2_PLACEMENT_3D('',#8083,#8084,#8085);
#8087=PLANE('',#8086);
#8088=CARTESIAN_POINT('',(-2.614999999999999,-2.2,3.7));
#8089=VERTEX_POINT('',#8088);
#8090=CARTESIAN_POINT('',(-2.199999999999999,-2.2,3.7));
#8091=DIRECTION('',(0.0,0.0,-1.0));
#8092=DIRECTION('',(1.0,0.0,0.0));
#8093=AXIS2_PLACEMENT_3D('',#8090,#8091,#8092);
#8094=CIRCLE('',#8093,0.415);
#8095=EDGE_CURVE('',#8089,#8089,#8094,.T.);
#8096=ORIENTED_EDGE('',*,*,#8095,.T.);
#8097=EDGE_LOOP('',(#8096));
#8098=FACE_OUTER_BOUND('',#8097,.T.);
#8099=CARTESIAN_POINT('',(-1.799999999999999,-2.2,3.700000000000001));
#8100=VERTEX_POINT('',#8099);
#8101=CARTESIAN_POINT('',(-2.2,-2.2,3.700000000000001));
#8102=DIRECTION('',(0.0,0.0,-1.0));
#8103=DIRECTION('',(-1.0,0.0,0.0));
#8104=AXIS2_PLACEMENT_3D('',#8101,#8102,#8103);
#8105=CIRCLE('',#8104,0.4);
#8106=EDGE_CURVE('',#8100,#8100,#8105,.T.);
#8107=ORIENTED_EDGE('',*,*,#8106,.F.);
#8108=EDGE_LOOP('',(#8107));
#8109=FACE_BOUND('',#8108,.T.);
#8110=ADVANCED_FACE('',(#8098,#8109),#8087,.T.);
#8111=CARTESIAN_POINT('',(-2.2,-2.2,3.3));
#8112=DIRECTION('',(0.0,0.0,1.0));
#8113=DIRECTION('',(-1.0,0.0,0.0));
#8114=AXIS2_PLACEMENT_3D('',#8111,#8112,#8113);
#8115=CYLINDRICAL_SURFACE('',#8114,0.4);
#8116=ORIENTED_EDGE('',*,*,#8106,.T.);
#8117=EDGE_LOOP('',(#8116));
#8118=FACE_OUTER_BOUND('',#8117,.T.);
#8119=CARTESIAN_POINT('',(-1.8,-2.2,2.9));
#8120=VERTEX_POINT('',#8119);
#8121=CARTESIAN_POINT('',(-2.2,-2.2,2.9));
#8122=DIRECTION('',(0.0,0.0,1.0));
#8123=DIRECTION('',(-1.0,0.0,0.0));
#8124=AXIS2_PLACEMENT_3D('',#8121,#8122,#8123);
#8125=CIRCLE('',#8124,0.4);
#8126=EDGE_CURVE('',#8120,#8120,#8125,.T.);
#8127=ORIENTED_EDGE('',*,*,#8126,.T.);
#8128=EDGE_LOOP('',(#8127));
#8129=FACE_BOUND('',#8128,.T.);
#8130=ADVANCED_FACE('',(#8118,#8129),#8115,.T.);
#8131=CARTESIAN_POINT('',(-2.199999999999999,-2.2,3.7));
#8132=DIRECTION('',(8.033937E-017,5.574664E-034,-1.0));
#8133=DIRECTION('',(1.0,0.0,0.0));
#8134=AXIS2_PLACEMENT_3D('',#8131,#8132,#8133);
#8135=CYLINDRICAL_SURFACE('',#8134,0.415);
#8136=CARTESIAN_POINT('',(-2.614999999999999,-2.2,3.3));
#8137=VERTEX_POINT('',#8136);
#8138=CARTESIAN_POINT('',(-2.199999999999999,-2.2,3.3));
#8139=DIRECTION('',(0.0,0.0,1.0));
#8140=DIRECTION('',(1.0,0.0,0.0));
#8141=AXIS2_PLACEMENT_3D('',#8138,#8139,#8140);
#8142=CIRCLE('',#8141,0.415);
#8143=EDGE_CURVE('',#8137,#8137,#8142,.T.);
#8144=ORIENTED_EDGE('',*,*,#8143,.F.);
#8145=EDGE_LOOP('',(#8144));
#8146=FACE_OUTER_BOUND('',#8145,.T.);
#8147=ORIENTED_EDGE('',*,*,#8095,.F.);
#8148=EDGE_LOOP('',(#8147));
#8149=FACE_BOUND('',#8148,.T.);
#8150=ADVANCED_FACE('',(#8146,#8149),#8135,.F.);
#8151=CARTESIAN_POINT('',(-1.865601E-016,0.0,2.9));
#8152=DIRECTION('',(0.0,0.0,1.0));
#8153=DIRECTION('',(1.0,0.0,0.0));
#8154=AXIS2_PLACEMENT_3D('',#8151,#8152,#8153);
#8155=PLANE('',#8154);
#8156=CARTESIAN_POINT('',(-2.199999999999994,-1.775000000000008,2.899999999999994));
#8157=VERTEX_POINT('',#8156);
#8158=CARTESIAN_POINT('',(-2.199999999999994,-2.200000000000007,2.899999999999995));
#8159=DIRECTION('',(0.0,0.0,1.0));
#8160=DIRECTION('',(0.0,-1.0,0.0));
#8161=AXIS2_PLACEMENT_3D('',#8158,#8159,#8160);
#8162=CIRCLE('',#8161,0.425);
#8163=EDGE_CURVE('',#8157,#8157,#8162,.T.);
#8164=ORIENTED_EDGE('',*,*,#8163,.T.);
#8165=EDGE_LOOP('',(#8164));
#8166=FACE_OUTER_BOUND('',#8165,.T.);
#8167=ORIENTED_EDGE('',*,*,#8126,.F.);
#8168=EDGE_LOOP('',(#8167));
#8169=FACE_BOUND('',#8168,.T.);
#8170=ADVANCED_FACE('',(#8166,#8169),#8155,.T.);
#8171=CARTESIAN_POINT('',(3.538836E-016,0.3,3.3));
#8172=DIRECTION('',(0.0,0.0,1.0));
#8173=DIRECTION('',(-1.0,0.0,0.0));
#8174=AXIS2_PLACEMENT_3D('',#8171,#8172,#8173);
#8175=PLANE('',#8174);
#8176=CARTESIAN_POINT('',(-2.199999999999995,-1.775000000000008,3.299999999999994));
#8177=VERTEX_POINT('',#8176);
#8178=CARTESIAN_POINT('',(-2.199999999999995,-2.200000000000008,3.299999999999995));
#8179=DIRECTION('',(0.0,0.0,-1.0));
#8180=DIRECTION('',(0.0,-1.0,0.0));
#8181=AXIS2_PLACEMENT_3D('',#8178,#8179,#8180);
#8182=CIRCLE('',#8181,0.425);
#8183=EDGE_CURVE('',#8177,#8177,#8182,.T.);
#8184=ORIENTED_EDGE('',*,*,#8183,.T.);
#8185=EDGE_LOOP('',(#8184));
#8186=FACE_OUTER_BOUND('',#8185,.T.);
#8187=ORIENTED_EDGE('',*,*,#8143,.T.);
#8188=EDGE_LOOP('',(#8187));
#8189=FACE_BOUND('',#8188,.T.);
#8190=ADVANCED_FACE('',(#8186,#8189),#8175,.F.);
#8191=CARTESIAN_POINT('',(-2.199999999999995,-2.200000000000008,3.299999999999994));
#8192=DIRECTION('',(1.109826E-015,1.210622E-015,-1.0));
#8193=DIRECTION('',(0.0,-1.0,0.0));
#8194=AXIS2_PLACEMENT_3D('',#8191,#8192,#8193);
#8195=CYLINDRICAL_SURFACE('',#8194,0.425);
#8196=ORIENTED_EDGE('',*,*,#8163,.F.);
#8197=EDGE_LOOP('',(#8196));
#8198=FACE_OUTER_BOUND('',#8197,.T.);
#8199=ORIENTED_EDGE('',*,*,#8183,.F.);
#8200=EDGE_LOOP('',(#8199));
#8201=FACE_BOUND('',#8200,.T.);
#8202=ADVANCED_FACE('',(#8198,#8201),#8195,.F.);
#8203=CLOSED_SHELL('',(#8110,#8130,#8150,#8170,#8190,#8202));
#8204=ORIENTED_CLOSED_SHELL('',*,#8203,.F.);
#8205=CARTESIAN_POINT('',(2.200000000000006,-2.200000000000004,3.299999999999998));
#8206=DIRECTION('',(1.109826E-015,1.210622E-015,-1.0));
#8207=DIRECTION('',(1.0,0.0,0.0));
#8208=AXIS2_PLACEMENT_3D('',#8205,#8206,#8207);
#8209=CYLINDRICAL_SURFACE('',#8208,0.425);
#8210=CARTESIAN_POINT('',(1.775000000000006,-2.200000000000004,2.899999999999998));
#8211=VERTEX_POINT('',#8210);
#8212=CARTESIAN_POINT('',(2.200000000000006,-2.200000000000004,2.9));
#8213=DIRECTION('',(0.0,0.0,1.0));
#8214=DIRECTION('',(1.0,0.0,0.0));
#8215=AXIS2_PLACEMENT_3D('',#8212,#8213,#8214);
#8216=CIRCLE('',#8215,0.425);
#8217=EDGE_CURVE('',#8211,#8211,#8216,.T.);
#8218=ORIENTED_EDGE('',*,*,#8217,.F.);
#8219=EDGE_LOOP('',(#8218));
#8220=FACE_OUTER_BOUND('',#8219,.T.);
#8221=CARTESIAN_POINT('',(1.775000000000006,-2.200000000000005,3.299999999999997));
#8222=VERTEX_POINT('',#8221);
#8223=CARTESIAN_POINT('',(2.200000000000006,-2.200000000000004,3.3));
#8224=DIRECTION('',(0.0,0.0,-1.0));
#8225=DIRECTION('',(1.0,0.0,0.0));
#8226=AXIS2_PLACEMENT_3D('',#8223,#8224,#8225);
#8227=CIRCLE('',#8226,0.425);
#8228=EDGE_CURVE('',#8222,#8222,#8227,.T.);
#8229=ORIENTED_EDGE('',*,*,#8228,.F.);
#8230=EDGE_LOOP('',(#8229));
#8231=FACE_BOUND('',#8230,.T.);
#8232=ADVANCED_FACE('',(#8220,#8231),#8209,.F.);
#8233=CARTESIAN_POINT('',(3.538836E-016,0.3,3.3));
#8234=DIRECTION('',(0.0,0.0,1.0));
#8235=DIRECTION('',(-1.0,0.0,0.0));
#8236=AXIS2_PLACEMENT_3D('',#8233,#8234,#8235);
#8237=PLANE('',#8236);
#8238=ORIENTED_EDGE('',*,*,#8228,.T.);
#8239=EDGE_LOOP('',(#8238));
#8240=FACE_OUTER_BOUND('',#8239,.T.);
#8241=CARTESIAN_POINT('',(1.785000000000001,-2.199999999999999,3.3));
#8242=VERTEX_POINT('',#8241);
#8243=CARTESIAN_POINT('',(2.200000000000001,-2.199999999999999,3.3));
#8244=DIRECTION('',(0.0,0.0,1.0));
#8245=DIRECTION('',(1.0,0.0,0.0));
#8246=AXIS2_PLACEMENT_3D('',#8243,#8244,#8245);
#8247=CIRCLE('',#8246,0.415);
#8248=EDGE_CURVE('',#8242,#8242,#8247,.T.);
#8249=ORIENTED_EDGE('',*,*,#8248,.T.);
#8250=EDGE_LOOP('',(#8249));
#8251=FACE_BOUND('',#8250,.T.);
#8252=ADVANCED_FACE('',(#8240,#8251),#8237,.F.);
#8253=CARTESIAN_POINT('',(-1.865601E-016,0.0,2.9));
#8254=DIRECTION('',(0.0,0.0,1.0));
#8255=DIRECTION('',(1.0,0.0,0.0));
#8256=AXIS2_PLACEMENT_3D('',#8253,#8254,#8255);
#8257=PLANE('',#8256);
#8258=ORIENTED_EDGE('',*,*,#8217,.T.);
#8259=EDGE_LOOP('',(#8258));
#8260=FACE_OUTER_BOUND('',#8259,.T.);
#8261=CARTESIAN_POINT('',(2.600000000000001,-2.2,2.9));
#8262=VERTEX_POINT('',#8261);
#8263=CARTESIAN_POINT('',(2.200000000000001,-2.2,2.9));
#8264=DIRECTION('',(0.0,0.0,1.0));
#8265=DIRECTION('',(-1.0,0.0,0.0));
#8266=AXIS2_PLACEMENT_3D('',#8263,#8264,#8265);
#8267=CIRCLE('',#8266,0.4);
#8268=EDGE_CURVE('',#8262,#8262,#8267,.T.);
#8269=ORIENTED_EDGE('',*,*,#8268,.F.);
#8270=EDGE_LOOP('',(#8269));
#8271=FACE_BOUND('',#8270,.T.);
#8272=ADVANCED_FACE('',(#8260,#8271),#8257,.T.);
#8273=CARTESIAN_POINT('',(2.200000000000001,-2.199999999999999,3.700000000000001));
#8274=DIRECTION('',(8.033937E-017,5.574664E-034,-1.0));
#8275=DIRECTION('',(1.0,0.0,0.0));
#8276=AXIS2_PLACEMENT_3D('',#8273,#8274,#8275);
#8277=CYLINDRICAL_SURFACE('',#8276,0.415);
#8278=ORIENTED_EDGE('',*,*,#8248,.F.);
#8279=EDGE_LOOP('',(#8278));
#8280=FACE_OUTER_BOUND('',#8279,.T.);
#8281=CARTESIAN_POINT('',(1.785000000000001,-2.199999999999999,3.700000000000001));
#8282=VERTEX_POINT('',#8281);
#8283=CARTESIAN_POINT('',(2.200000000000001,-2.199999999999999,3.700000000000001));
#8284=DIRECTION('',(0.0,0.0,-1.0));
#8285=DIRECTION('',(1.0,0.0,0.0));
#8286=AXIS2_PLACEMENT_3D('',#8283,#8284,#8285);
#8287=CIRCLE('',#8286,0.415);
#8288=EDGE_CURVE('',#8282,#8282,#8287,.T.);
#8289=ORIENTED_EDGE('',*,*,#8288,.F.);
#8290=EDGE_LOOP('',(#8289));
#8291=FACE_BOUND('',#8290,.T.);
#8292=ADVANCED_FACE('',(#8280,#8291),#8277,.F.);
#8293=CARTESIAN_POINT('',(2.200000000000001,-2.2,3.3));
#8294=DIRECTION('',(0.0,0.0,1.0));
#8295=DIRECTION('',(-1.0,0.0,0.0));
#8296=AXIS2_PLACEMENT_3D('',#8293,#8294,#8295);
#8297=CYLINDRICAL_SURFACE('',#8296,0.4);
#8298=CARTESIAN_POINT('',(2.600000000000001,-2.2,3.700000000000001));
#8299=VERTEX_POINT('',#8298);
#8300=CARTESIAN_POINT('',(2.200000000000001,-2.2,3.700000000000001));
#8301=DIRECTION('',(0.0,0.0,-1.0));
#8302=DIRECTION('',(-1.0,0.0,0.0));
#8303=AXIS2_PLACEMENT_3D('',#8300,#8301,#8302);
#8304=CIRCLE('',#8303,0.4);
#8305=EDGE_CURVE('',#8299,#8299,#8304,.T.);
#8306=ORIENTED_EDGE('',*,*,#8305,.T.);
#8307=EDGE_LOOP('',(#8306));
#8308=FACE_OUTER_BOUND('',#8307,.T.);
#8309=ORIENTED_EDGE('',*,*,#8268,.T.);
#8310=EDGE_LOOP('',(#8309));
#8311=FACE_BOUND('',#8310,.T.);
#8312=ADVANCED_FACE('',(#8308,#8311),#8297,.T.);
#8313=CARTESIAN_POINT('',(2.354495921457049,-2.396547730216193,3.700000000000001));
#8314=DIRECTION('',(0.0,0.0,-1.0));
#8315=DIRECTION('',(0.786190920864773,0.617983685828195,0.0));
#8316=AXIS2_PLACEMENT_3D('',#8313,#8314,#8315);
#8317=PLANE('',#8316);
#8318=ORIENTED_EDGE('',*,*,#8288,.T.);
#8319=EDGE_LOOP('',(#8318));
#8320=FACE_OUTER_BOUND('',#8319,.T.);
#8321=ORIENTED_EDGE('',*,*,#8305,.F.);
#8322=EDGE_LOOP('',(#8321));
#8323=FACE_BOUND('',#8322,.T.);
#8324=ADVANCED_FACE('',(#8320,#8323),#8317,.T.);
#8325=CLOSED_SHELL('',(#8232,#8252,#8272,#8292,#8312,#8324));
#8326=ORIENTED_CLOSED_SHELL('',*,#8325,.F.);
#8327=CARTESIAN_POINT('',(-2.35449592145705,2.396547730216192,3.7));
#8328=DIRECTION('',(0.0,0.0,-1.0));
#8329=DIRECTION('',(-0.786190920864773,-0.617983685828195,0.0));
#8330=AXIS2_PLACEMENT_3D('',#8327,#8328,#8329);
#8331=PLANE('',#8330);
#8332=CARTESIAN_POINT('',(-2.615000000000001,2.2,3.7));
#8333=VERTEX_POINT('',#8332);
#8334=CARTESIAN_POINT('',(-2.200000000000001,2.2,3.7));
#8335=DIRECTION('',(0.0,0.0,-1.0));
#8336=DIRECTION('',(1.0,0.0,0.0));
#8337=AXIS2_PLACEMENT_3D('',#8334,#8335,#8336);
#8338=CIRCLE('',#8337,0.415);
#8339=EDGE_CURVE('',#8333,#8333,#8338,.T.);
#8340=ORIENTED_EDGE('',*,*,#8339,.T.);
#8341=EDGE_LOOP('',(#8340));
#8342=FACE_OUTER_BOUND('',#8341,.T.);
#8343=CARTESIAN_POINT('',(-1.800000000000001,2.2,3.700000000000001));
#8344=VERTEX_POINT('',#8343);
#8345=CARTESIAN_POINT('',(-2.200000000000001,2.2,3.700000000000001));
#8346=DIRECTION('',(0.0,0.0,-1.0));
#8347=DIRECTION('',(-1.0,0.0,0.0));
#8348=AXIS2_PLACEMENT_3D('',#8345,#8346,#8347);
#8349=CIRCLE('',#8348,0.4);
#8350=EDGE_CURVE('',#8344,#8344,#8349,.T.);
#8351=ORIENTED_EDGE('',*,*,#8350,.F.);
#8352=EDGE_LOOP('',(#8351));
#8353=FACE_BOUND('',#8352,.T.);
#8354=ADVANCED_FACE('',(#8342,#8353),#8331,.T.);
#8355=CARTESIAN_POINT('',(-2.200000000000001,2.2,3.3));
#8356=DIRECTION('',(0.0,0.0,1.0));
#8357=DIRECTION('',(-1.0,0.0,0.0));
#8358=AXIS2_PLACEMENT_3D('',#8355,#8356,#8357);
#8359=CYLINDRICAL_SURFACE('',#8358,0.4);
#8360=ORIENTED_EDGE('',*,*,#8350,.T.);
#8361=EDGE_LOOP('',(#8360));
#8362=FACE_OUTER_BOUND('',#8361,.T.);
#8363=CARTESIAN_POINT('',(-1.800000000000001,2.2,2.9));
#8364=VERTEX_POINT('',#8363);
#8365=CARTESIAN_POINT('',(-2.200000000000001,2.2,2.9));
#8366=DIRECTION('',(0.0,0.0,1.0));
#8367=DIRECTION('',(-1.0,0.0,0.0));
#8368=AXIS2_PLACEMENT_3D('',#8365,#8366,#8367);
#8369=CIRCLE('',#8368,0.4);
#8370=EDGE_CURVE('',#8364,#8364,#8369,.T.);
#8371=ORIENTED_EDGE('',*,*,#8370,.T.);
#8372=EDGE_LOOP('',(#8371));
#8373=FACE_BOUND('',#8372,.T.);
#8374=ADVANCED_FACE('',(#8362,#8373),#8359,.T.);
#8375=CARTESIAN_POINT('',(-2.200000000000001,2.2,3.7));
#8376=DIRECTION('',(8.033937E-017,5.574664E-034,-1.0));
#8377=DIRECTION('',(1.0,0.0,0.0));
#8378=AXIS2_PLACEMENT_3D('',#8375,#8376,#8377);
#8379=CYLINDRICAL_SURFACE('',#8378,0.415);
#8380=CARTESIAN_POINT('',(-2.615000000000001,2.2,3.3));
#8381=VERTEX_POINT('',#8380);
#8382=CARTESIAN_POINT('',(-2.200000000000001,2.2,3.3));
#8383=DIRECTION('',(0.0,0.0,1.0));
#8384=DIRECTION('',(1.0,0.0,0.0));
#8385=AXIS2_PLACEMENT_3D('',#8382,#8383,#8384);
#8386=CIRCLE('',#8385,0.415);
#8387=EDGE_CURVE('',#8381,#8381,#8386,.T.);
#8388=ORIENTED_EDGE('',*,*,#8387,.F.);
#8389=EDGE_LOOP('',(#8388));
#8390=FACE_OUTER_BOUND('',#8389,.T.);
#8391=ORIENTED_EDGE('',*,*,#8339,.F.);
#8392=EDGE_LOOP('',(#8391));
#8393=FACE_BOUND('',#8392,.T.);
#8394=ADVANCED_FACE('',(#8390,#8393),#8379,.F.);
#8395=CARTESIAN_POINT('',(-1.865601E-016,0.0,2.9));
#8396=DIRECTION('',(0.0,0.0,1.0));
#8397=DIRECTION('',(1.0,0.0,0.0));
#8398=AXIS2_PLACEMENT_3D('',#8395,#8396,#8397);
#8399=PLANE('',#8398);
#8400=CARTESIAN_POINT('',(-1.774999999999998,2.199999999999994,2.899999999999999));
#8401=VERTEX_POINT('',#8400);
#8402=CARTESIAN_POINT('',(-2.199999999999998,2.199999999999993,2.9));
#8403=DIRECTION('',(0.0,0.0,1.0));
#8404=DIRECTION('',(-1.0,0.0,0.0));
#8405=AXIS2_PLACEMENT_3D('',#8402,#8403,#8404);
#8406=CIRCLE('',#8405,0.425);
#8407=EDGE_CURVE('',#8401,#8401,#8406,.T.);
#8408=ORIENTED_EDGE('',*,*,#8407,.T.);
#8409=EDGE_LOOP('',(#8408));
#8410=FACE_OUTER_BOUND('',#8409,.T.);
#8411=ORIENTED_EDGE('',*,*,#8370,.F.);
#8412=EDGE_LOOP('',(#8411));
#8413=FACE_BOUND('',#8412,.T.);
#8414=ADVANCED_FACE('',(#8410,#8413),#8399,.T.);
#8415=CARTESIAN_POINT('',(3.538836E-016,0.3,3.3));
#8416=DIRECTION('',(0.0,0.0,1.0));
#8417=DIRECTION('',(-1.0,0.0,0.0));
#8418=AXIS2_PLACEMENT_3D('',#8415,#8416,#8417);
#8419=PLANE('',#8418);
#8420=CARTESIAN_POINT('',(-1.774999999999999,2.199999999999993,3.299999999999999));
#8421=VERTEX_POINT('',#8420);
#8422=CARTESIAN_POINT('',(-2.199999999999998,2.199999999999993,3.3));
#8423=DIRECTION('',(0.0,0.0,-1.0));
#8424=DIRECTION('',(-1.0,0.0,0.0));
#8425=AXIS2_PLACEMENT_3D('',#8422,#8423,#8424);
#8426=CIRCLE('',#8425,0.425);
#8427=EDGE_CURVE('',#8421,#8421,#8426,.T.);
#8428=ORIENTED_EDGE('',*,*,#8427,.T.);
#8429=EDGE_LOOP('',(#8428));
#8430=FACE_OUTER_BOUND('',#8429,.T.);
#8431=ORIENTED_EDGE('',*,*,#8387,.T.);
#8432=EDGE_LOOP('',(#8431));
#8433=FACE_BOUND('',#8432,.T.);
#8434=ADVANCED_FACE('',(#8430,#8433),#8419,.F.);
#8435=CARTESIAN_POINT('',(-2.199999999999998,2.199999999999993,3.299999999999999));
#8436=DIRECTION('',(1.109826E-015,1.210622E-015,-1.0));
#8437=DIRECTION('',(-1.0,0.0,0.0));
#8438=AXIS2_PLACEMENT_3D('',#8435,#8436,#8437);
#8439=CYLINDRICAL_SURFACE('',#8438,0.425);
#8440=ORIENTED_EDGE('',*,*,#8407,.F.);
#8441=EDGE_LOOP('',(#8440));
#8442=FACE_OUTER_BOUND('',#8441,.T.);
#8443=ORIENTED_EDGE('',*,*,#8427,.F.);
#8444=EDGE_LOOP('',(#8443));
#8445=FACE_BOUND('',#8444,.T.);
#8446=ADVANCED_FACE('',(#8442,#8445),#8439,.F.);
#8447=CLOSED_SHELL('',(#8354,#8374,#8394,#8414,#8434,#8446));
#8448=ORIENTED_CLOSED_SHELL('',*,#8447,.F.);
#8449=CARTESIAN_POINT('',(2.396547730216193,2.35449592145705,3.7));
#8450=DIRECTION('',(0.0,0.0,-1.0));
#8451=DIRECTION('',(-0.617983685828195,0.786190920864773,0.0));
#8452=AXIS2_PLACEMENT_3D('',#8449,#8450,#8451);
#8453=PLANE('',#8452);
#8454=CARTESIAN_POINT('',(1.784999999999999,2.200000000000001,3.700000000000001));
#8455=VERTEX_POINT('',#8454);
#8456=CARTESIAN_POINT('',(2.199999999999999,2.200000000000002,3.7));
#8457=DIRECTION('',(0.0,0.0,-1.0));
#8458=DIRECTION('',(1.0,0.0,0.0));
#8459=AXIS2_PLACEMENT_3D('',#8456,#8457,#8458);
#8460=CIRCLE('',#8459,0.415);
#8461=EDGE_CURVE('',#8455,#8455,#8460,.T.);
#8462=ORIENTED_EDGE('',*,*,#8461,.T.);
#8463=EDGE_LOOP('',(#8462));
#8464=FACE_OUTER_BOUND('',#8463,.T.);
#8465=CARTESIAN_POINT('',(2.6,2.2,3.700000000000001));
#8466=VERTEX_POINT('',#8465);
#8467=CARTESIAN_POINT('',(2.2,2.2,3.700000000000001));
#8468=DIRECTION('',(0.0,0.0,-1.0));
#8469=DIRECTION('',(-1.0,0.0,0.0));
#8470=AXIS2_PLACEMENT_3D('',#8467,#8468,#8469);
#8471=CIRCLE('',#8470,0.4);
#8472=EDGE_CURVE('',#8466,#8466,#8471,.T.);
#8473=ORIENTED_EDGE('',*,*,#8472,.F.);
#8474=EDGE_LOOP('',(#8473));
#8475=FACE_BOUND('',#8474,.T.);
#8476=ADVANCED_FACE('',(#8464,#8475),#8453,.T.);
#8477=CARTESIAN_POINT('',(-1.865601E-016,0.0,2.9));
#8478=DIRECTION('',(0.0,0.0,1.0));
#8479=DIRECTION('',(1.0,0.0,0.0));
#8480=AXIS2_PLACEMENT_3D('',#8477,#8478,#8479);
#8481=PLANE('',#8480);
#8482=CARTESIAN_POINT('',(2.200000000000003,1.774999999999997,2.900000000000003));
#8483=VERTEX_POINT('',#8482);
#8484=CARTESIAN_POINT('',(2.200000000000003,2.199999999999997,2.900000000000005));
#8485=DIRECTION('',(0.0,0.0,1.0));
#8486=DIRECTION('',(0.0,1.0,0.0));
#8487=AXIS2_PLACEMENT_3D('',#8484,#8485,#8486);
#8488=CIRCLE('',#8487,0.425);
#8489=EDGE_CURVE('',#8483,#8483,#8488,.T.);
#8490=ORIENTED_EDGE('',*,*,#8489,.T.);
#8491=EDGE_LOOP('',(#8490));
#8492=FACE_OUTER_BOUND('',#8491,.T.);
#8493=CARTESIAN_POINT('',(2.6,2.2,2.9));
#8494=VERTEX_POINT('',#8493);
#8495=CARTESIAN_POINT('',(2.2,2.2,2.9));
#8496=DIRECTION('',(0.0,0.0,1.0));
#8497=DIRECTION('',(-1.0,0.0,0.0));
#8498=AXIS2_PLACEMENT_3D('',#8495,#8496,#8497);
#8499=CIRCLE('',#8498,0.4);
#8500=EDGE_CURVE('',#8494,#8494,#8499,.T.);
#8501=ORIENTED_EDGE('',*,*,#8500,.F.);
#8502=EDGE_LOOP('',(#8501));
#8503=FACE_BOUND('',#8502,.T.);
#8504=ADVANCED_FACE('',(#8492,#8503),#8481,.T.);
#8505=CARTESIAN_POINT('',(2.2,2.2,3.3));
#8506=DIRECTION('',(0.0,0.0,1.0));
#8507=DIRECTION('',(-1.0,0.0,0.0));
#8508=AXIS2_PLACEMENT_3D('',#8505,#8506,#8507);
#8509=CYLINDRICAL_SURFACE('',#8508,0.4);
#8510=ORIENTED_EDGE('',*,*,#8472,.T.);
#8511=EDGE_LOOP('',(#8510));
#8512=FACE_OUTER_BOUND('',#8511,.T.);
#8513=ORIENTED_EDGE('',*,*,#8500,.T.);
#8514=EDGE_LOOP('',(#8513));
#8515=FACE_BOUND('',#8514,.T.);
#8516=ADVANCED_FACE('',(#8512,#8515),#8509,.T.);
#8517=CARTESIAN_POINT('',(2.199999999999999,2.200000000000002,3.700000000000001));
#8518=DIRECTION('',(8.033937E-017,5.574664E-034,-1.0));
#8519=DIRECTION('',(1.0,0.0,0.0));
#8520=AXIS2_PLACEMENT_3D('',#8517,#8518,#8519);
#8521=CYLINDRICAL_SURFACE('',#8520,0.415);
#8522=CARTESIAN_POINT('',(1.784999999999999,2.200000000000001,3.3));
#8523=VERTEX_POINT('',#8522);
#8524=CARTESIAN_POINT('',(2.199999999999999,2.200000000000002,3.3));
#8525=DIRECTION('',(0.0,0.0,1.0));
#8526=DIRECTION('',(1.0,0.0,0.0));
#8527=AXIS2_PLACEMENT_3D('',#8524,#8525,#8526);
#8528=CIRCLE('',#8527,0.415);
#8529=EDGE_CURVE('',#8523,#8523,#8528,.T.);
#8530=ORIENTED_EDGE('',*,*,#8529,.F.);
#8531=EDGE_LOOP('',(#8530));
#8532=FACE_OUTER_BOUND('',#8531,.T.);
#8533=ORIENTED_EDGE('',*,*,#8461,.F.);
#8534=EDGE_LOOP('',(#8533));
#8535=FACE_BOUND('',#8534,.T.);
#8536=ADVANCED_FACE('',(#8532,#8535),#8521,.F.);
#8537=CARTESIAN_POINT('',(3.538836E-016,0.3,3.3));
#8538=DIRECTION('',(0.0,0.0,1.0));
#8539=DIRECTION('',(-1.0,0.0,0.0));
#8540=AXIS2_PLACEMENT_3D('',#8537,#8538,#8539);
#8541=PLANE('',#8540);
#8542=CARTESIAN_POINT('',(2.200000000000002,1.774999999999996,3.300000000000003));
#8543=VERTEX_POINT('',#8542);
#8544=CARTESIAN_POINT('',(2.200000000000002,2.199999999999996,3.300000000000005));
#8545=DIRECTION('',(0.0,0.0,-1.0));
#8546=DIRECTION('',(0.0,1.0,0.0));
#8547=AXIS2_PLACEMENT_3D('',#8544,#8545,#8546);
#8548=CIRCLE('',#8547,0.425);
#8549=EDGE_CURVE('',#8543,#8543,#8548,.T.);
#8550=ORIENTED_EDGE('',*,*,#8549,.T.);
#8551=EDGE_LOOP('',(#8550));
#8552=FACE_OUTER_BOUND('',#8551,.T.);
#8553=ORIENTED_EDGE('',*,*,#8529,.T.);
#8554=EDGE_LOOP('',(#8553));
#8555=FACE_BOUND('',#8554,.T.);
#8556=ADVANCED_FACE('',(#8552,#8555),#8541,.F.);
#8557=CARTESIAN_POINT('',(2.200000000000002,2.199999999999996,3.300000000000003));
#8558=DIRECTION('',(1.109826E-015,1.210622E-015,-1.0));
#8559=DIRECTION('',(0.0,1.0,0.0));
#8560=AXIS2_PLACEMENT_3D('',#8557,#8558,#8559);
#8561=CYLINDRICAL_SURFACE('',#8560,0.425);
#8562=ORIENTED_EDGE('',*,*,#8489,.F.);
#8563=EDGE_LOOP('',(#8562));
#8564=FACE_OUTER_BOUND('',#8563,.T.);
#8565=ORIENTED_EDGE('',*,*,#8549,.F.);
#8566=EDGE_LOOP('',(#8565));
#8567=FACE_BOUND('',#8566,.T.);
#8568=ADVANCED_FACE('',(#8564,#8567),#8561,.F.);
#8569=CLOSED_SHELL('',(#8476,#8504,#8516,#8536,#8556,#8568));
#8570=ORIENTED_CLOSED_SHELL('',*,#8569,.F.);
#8571=BREP_WITH_VOIDS('\X2\C194B9ACB4DC\X0\1',#6230,(#7780,#8082,#8204,#8326,#8448,#8570));
#8572=COLOUR_RGB('',0.019999999552965,0.019999999552965,0.019999999552965);
#8573=FILL_AREA_STYLE_COLOUR('',#8572);
#8574=FILL_AREA_STYLE('',(#8573));
#8575=SURFACE_STYLE_FILL_AREA(#8574);
#8576=SURFACE_SIDE_STYLE('',(#8575));
#8577=SURFACE_STYLE_USAGE(.BOTH.,#8576);
#8578=PRESENTATION_STYLE_ASSIGNMENT((#8577));
#8579=STYLED_ITEM('',(#8578),#95);
#8580=STYLED_ITEM('',(#8578),#115);
#8581=STYLED_ITEM('',(#8578),#135);
#8582=STYLED_ITEM('',(#8578),#155);
#8583=STYLED_ITEM('',(#8578),#175);
#8584=STYLED_ITEM('',(#8578),#184);
#8585=COLOUR_RGB('',0.878431379795074,0.874509811401367,0.858823537826538);
#8586=FILL_AREA_STYLE_COLOUR('',#8585);
#8587=FILL_AREA_STYLE('',(#8586));
#8588=SURFACE_STYLE_FILL_AREA(#8587);
#8589=SURFACE_SIDE_STYLE('',(#8588));
#8590=SURFACE_STYLE_USAGE(.BOTH.,#8589);
#8591=PRESENTATION_STYLE_ASSIGNMENT((#8590));
#8592=STYLED_ITEM('',(#8591),#217);
#8593=STYLED_ITEM('',(#8591),#250);
#8594=STYLED_ITEM('',(#8591),#290);
#8595=STYLED_ITEM('',(#8591),#330);
#8596=STYLED_ITEM('',(#8591),#350);
#8597=STYLED_ITEM('',(#8591),#623);
#8598=STYLED_ITEM('',(#8591),#655);
#8599=STYLED_ITEM('',(#8591),#679);
#8600=STYLED_ITEM('',(#8591),#711);
#8601=STYLED_ITEM('',(#8591),#735);
#8602=STYLED_ITEM('',(#8591),#759);
#8603=STYLED_ITEM('',(#8591),#890);
#8604=STYLED_ITEM('',(#8591),#907);
#8605=STYLED_ITEM('',(#8591),#924);
#8606=STYLED_ITEM('',(#8591),#941);
#8607=STYLED_ITEM('',(#8591),#958);
#8608=STYLED_ITEM('',(#8591),#975);
#8609=STYLED_ITEM('',(#8591),#992);
#8610=STYLED_ITEM('',(#8591),#1009);
#8611=STYLED_ITEM('',(#8591),#1031);
#8612=STYLED_ITEM('',(#8591),#1043);
#8613=STYLED_ITEM('',(#8591),#1055);
#8614=STYLED_ITEM('',(#8591),#1224);
#8615=STYLED_ITEM('',(#8591),#1392);
#8616=STYLED_ITEM('',(#8591),#1423);
#8617=STYLED_ITEM('',(#8591),#1447);
#8618=STYLED_ITEM('',(#8591),#1478);
#8619=STYLED_ITEM('',(#8591),#1527);
#8620=STYLED_ITEM('',(#8591),#1679);
#8621=STYLED_ITEM('',(#8591),#1721);
#8622=STYLED_ITEM('',(#8591),#1752);
#8623=STYLED_ITEM('',(#8591),#1793);
#8624=STYLED_ITEM('',(#8591),#1817);
#8625=STYLED_ITEM('',(#8591),#1834);
#8626=STYLED_ITEM('',(#8591),#1853);
#8627=STYLED_ITEM('',(#8591),#1904);
#8628=STYLED_ITEM('',(#8591),#2048);
#8629=STYLED_ITEM('',(#8591),#2096);
#8630=STYLED_ITEM('',(#8591),#2120);
#8631=STYLED_ITEM('',(#8591),#2144);
#8632=STYLED_ITEM('',(#8591),#2161);
#8633=STYLED_ITEM('',(#8591),#2183);
#8634=STYLED_ITEM('',(#8591),#2200);
#8635=STYLED_ITEM('',(#8591),#2217);
#8636=STYLED_ITEM('',(#8591),#2234);
#8637=STYLED_ITEM('',(#8591),#2251);
#8638=STYLED_ITEM('',(#8591),#2273);
#8639=STYLED_ITEM('',(#8591),#2290);
#8640=STYLED_ITEM('',(#8591),#2307);
#8641=STYLED_ITEM('',(#8591),#2324);
#8642=STYLED_ITEM('',(#8591),#2357);
#8643=STYLED_ITEM('',(#8591),#2391);
#8644=STYLED_ITEM('',(#8591),#2416);
#8645=STYLED_ITEM('',(#8591),#2440);
#8646=STYLED_ITEM('',(#8591),#2467);
#8647=STYLED_ITEM('',(#8591),#2484);
#8648=STYLED_ITEM('',(#8591),#2496);
#8649=STYLED_ITEM('',(#8591),#2520);
#8650=STYLED_ITEM('',(#8591),#2544);
#8651=STYLED_ITEM('',(#8591),#2561);
#8652=STYLED_ITEM('',(#8591),#2594);
#8653=STYLED_ITEM('',(#8591),#2628);
#8654=STYLED_ITEM('',(#8591),#2661);
#8655=STYLED_ITEM('',(#8591),#2700);
#8656=STYLED_ITEM('',(#8591),#2724);
#8657=STYLED_ITEM('',(#8591),#2748);
#8658=STYLED_ITEM('',(#8591),#2772);
#8659=STYLED_ITEM('',(#8591),#2796);
#8660=STYLED_ITEM('',(#8591),#2808);
#8661=STYLED_ITEM('',(#8591),#2825);
#8662=STYLED_ITEM('',(#8591),#2843);
#8663=STYLED_ITEM('',(#8591),#2868);
#8664=STYLED_ITEM('',(#8591),#2885);
#8665=STYLED_ITEM('',(#8591),#2902);
#8666=STYLED_ITEM('',(#8591),#2917);
#8667=STYLED_ITEM('',(#8591),#2934);
#8668=STYLED_ITEM('',(#8591),#2947);
#8669=STYLED_ITEM('',(#8591),#2965);
#8670=STYLED_ITEM('',(#8591),#2990);
#8671=STYLED_ITEM('',(#8591),#3007);
#8672=STYLED_ITEM('',(#8591),#3024);
#8673=STYLED_ITEM('',(#8591),#3039);
#8674=STYLED_ITEM('',(#8591),#3056);
#8675=STYLED_ITEM('',(#8591),#3071);
#8676=STYLED_ITEM('',(#8591),#3089);
#8677=STYLED_ITEM('',(#8591),#3103);
#8678=COLOUR_RGB('',0.5,0.5,0.5);
#8679=FILL_AREA_STYLE_COLOUR('',#8678);
#8680=FILL_AREA_STYLE('',(#8679));
#8681=SURFACE_STYLE_FILL_AREA(#8680);
#8682=SURFACE_SIDE_STYLE('',(#8681));
#8683=SURFACE_STYLE_USAGE(.BOTH.,#8682);
#8684=PRESENTATION_STYLE_ASSIGNMENT((#8683));
#8685=STYLED_ITEM('',(#8684),#3179);
#8686=STYLED_ITEM('',(#8684),#3255);
#8687=STYLED_ITEM('',(#8591),#3267);
#8688=STYLED_ITEM('',(#8684),#3370);
#8689=STYLED_ITEM('',(#8684),#4144);
#8690=STYLED_ITEM('',(#8684),#4169);
#8691=STYLED_ITEM('',(#8684),#4200);
#8692=STYLED_ITEM('',(#8684),#4231);
#8693=STYLED_ITEM('',(#8684),#4271);
#8694=STYLED_ITEM('',(#8684),#4311);
#8695=STYLED_ITEM('',(#8684),#4386);
#8696=STYLED_ITEM('',(#8684),#4410);
#8697=STYLED_ITEM('',(#8684),#4442);
#8698=STYLED_ITEM('',(#8684),#4474);
#8699=STYLED_ITEM('',(#8684),#4542);
#8700=STYLED_ITEM('',(#8684),#4566);
#8701=STYLED_ITEM('',(#8684),#4598);
#8702=STYLED_ITEM('',(#8684),#4630);
#8703=STYLED_ITEM('',(#8684),#4757);
#8704=STYLED_ITEM('',(#8684),#4797);
#8705=STYLED_ITEM('',(#8684),#4828);
#8706=STYLED_ITEM('',(#8684),#4868);
#8707=STYLED_ITEM('',(#8684),#4907);
#8708=STYLED_ITEM('',(#8684),#4940);
#8709=STYLED_ITEM('',(#8684),#4972);
#8710=STYLED_ITEM('',(#8684),#5003);
#8711=STYLED_ITEM('',(#8684),#5027);
#8712=STYLED_ITEM('',(#8684),#5060);
#8713=STYLED_ITEM('',(#8684),#5078);
#8714=STYLED_ITEM('',(#8684),#5101);
#8715=STYLED_ITEM('',(#8684),#5121);
#8716=STYLED_ITEM('',(#8684),#5133);
#8717=STYLED_ITEM('',(#8684),#5158);
#8718=STYLED_ITEM('',(#8684),#5176);
#8719=STYLED_ITEM('',(#8684),#5201);
#8720=STYLED_ITEM('',(#8684),#5218);
#8721=STYLED_ITEM('',(#8684),#5236);
#8722=STYLED_ITEM('',(#8684),#5261);
#8723=STYLED_ITEM('',(#8684),#5278);
#8724=STYLED_ITEM('',(#8684),#5296);
#8725=STYLED_ITEM('',(#8684),#5307);
#8726=STYLED_ITEM('',(#8684),#5339);
#8727=STYLED_ITEM('',(#8684),#5362);
#8728=STYLED_ITEM('',(#8684),#5386);
#8729=STYLED_ITEM('',(#8684),#5404);
#8730=STYLED_ITEM('',(#8684),#5429);
#8731=STYLED_ITEM('',(#8684),#5446);
#8732=STYLED_ITEM('',(#8684),#5471);
#8733=STYLED_ITEM('',(#8684),#5488);
#8734=STYLED_ITEM('',(#8684),#5506);
#8735=STYLED_ITEM('',(#8684),#5523);
#8736=STYLED_ITEM('',(#8684),#5547);
#8737=STYLED_ITEM('',(#8684),#5565);
#8738=STYLED_ITEM('',(#8684),#5583);
#8739=STYLED_ITEM('',(#8684),#5600);
#8740=STYLED_ITEM('',(#8684),#5612);
#8741=STYLED_ITEM('',(#8684),#5637);
#8742=STYLED_ITEM('',(#8684),#5660);
#8743=STYLED_ITEM('',(#8684),#5699);
#8744=STYLED_ITEM('',(#8684),#5723);
#8745=STYLED_ITEM('',(#8684),#5741);
#8746=STYLED_ITEM('',(#8684),#5758);
#8747=STYLED_ITEM('',(#8684),#5770);
#8748=STYLED_ITEM('',(#8684),#5801);
#8749=STYLED_ITEM('',(#8684),#5826);
#8750=STYLED_ITEM('',(#8684),#5853);
#8751=STYLED_ITEM('',(#8684),#5870);
#8752=STYLED_ITEM('',(#8684),#5902);
#8753=STYLED_ITEM('',(#8684),#5920);
#8754=STYLED_ITEM('',(#8684),#5945);
#8755=STYLED_ITEM('',(#8684),#5971);
#8756=STYLED_ITEM('',(#8684),#5988);
#8757=STYLED_ITEM('',(#8684),#6006);
#8758=STYLED_ITEM('',(#8684),#6020);
#8759=STYLED_ITEM('',(#8684),#6032);
#8760=STYLED_ITEM('',(#8684),#6049);
#8761=STYLED_ITEM('',(#8684),#6073);
#8762=STYLED_ITEM('',(#8684),#6112);
#8763=STYLED_ITEM('',(#8684),#6151);
#8764=STYLED_ITEM('',(#8684),#6190);
#8765=STYLED_ITEM('',(#8684),#6229);
#8766=COLOUR_RGB('',0.829999983310699,0.810000002384186,0.0);
#8767=FILL_AREA_STYLE_COLOUR('',#8766);
#8768=FILL_AREA_STYLE('',(#8767));
#8769=SURFACE_STYLE_FILL_AREA(#8768);
#8770=SURFACE_SIDE_STYLE('',(#8769));
#8771=SURFACE_STYLE_USAGE(.BOTH.,#8770);
#8772=PRESENTATION_STYLE_ASSIGNMENT((#8771));
#8773=STYLED_ITEM('',(#8772),#6478);
#8774=STYLED_ITEM('',(#8684),#6660);
#8775=STYLED_ITEM('',(#8684),#6684);
#8776=STYLED_ITEM('',(#8684),#6716);
#8777=STYLED_ITEM('',(#8684),#6741);
#8778=STYLED_ITEM('',(#8684),#6773);
#8779=STYLED_ITEM('',(#8684),#6797);
#8780=STYLED_ITEM('',(#8684),#6829);
#8781=STYLED_ITEM('',(#8684),#6854);
#8782=STYLED_ITEM('',(#8684),#6879);
#8783=STYLED_ITEM('',(#8684),#6903);
#8784=STYLED_ITEM('',(#8684),#6935);
#8785=STYLED_ITEM('',(#8684),#6953);
#8786=STYLED_ITEM('',(#8684),#6985);
#8787=STYLED_ITEM('',(#8684),#7003);
#8788=STYLED_ITEM('',(#8684),#7028);
#8789=STYLED_ITEM('',(#8684),#7052);
#8790=STYLED_ITEM('',(#8684),#7076);
#8791=STYLED_ITEM('',(#8684),#7093);
#8792=STYLED_ITEM('',(#8684),#7117);
#8793=STYLED_ITEM('',(#8684),#7134);
#8794=STYLED_ITEM('',(#8684),#7166);
#8795=STYLED_ITEM('',(#8684),#7190);
#8796=STYLED_ITEM('',(#8684),#7208);
#8797=STYLED_ITEM('',(#8684),#7233);
#8798=STYLED_ITEM('',(#8684),#7257);
#8799=STYLED_ITEM('',(#8684),#7282);
#8800=STYLED_ITEM('',(#8684),#7299);
#8801=STYLED_ITEM('',(#8684),#7316);
#8802=STYLED_ITEM('',(#8684),#7576);
#8803=STYLED_ITEM('',(#8578),#7808);
#8804=STYLED_ITEM('',(#8578),#7836);
#8805=STYLED_ITEM('',(#8578),#7864);
#8806=STYLED_ITEM('',(#8578),#7884);
#8807=STYLED_ITEM('',(#8578),#7904);
#8808=STYLED_ITEM('',(#8578),#7916);
#8809=STYLED_ITEM('',(#8578),#7936);
#8810=STYLED_ITEM('',(#8578),#7956);
#8811=STYLED_ITEM('',(#8578),#7976);
#8812=STYLED_ITEM('',(#8578),#7996);
#8813=STYLED_ITEM('',(#8578),#8008);
#8814=STYLED_ITEM('',(#8684),#8028);
#8815=STYLED_ITEM('',(#8684),#8048);
#8816=STYLED_ITEM('',(#8772),#8068);
#8817=STYLED_ITEM('',(#8772),#8080);
#8818=STYLED_ITEM('',(#8684),#8110);
#8819=STYLED_ITEM('',(#8684),#8130);
#8820=STYLED_ITEM('',(#8591),#8150);
#8821=STYLED_ITEM('',(#8684),#8170);
#8822=STYLED_ITEM('',(#8591),#8190);
#8823=STYLED_ITEM('',(#8578),#8202);
#8824=STYLED_ITEM('',(#8578),#8232);
#8825=STYLED_ITEM('',(#8591),#8252);
#8826=STYLED_ITEM('',(#8684),#8272);
#8827=STYLED_ITEM('',(#8591),#8292);
#8828=STYLED_ITEM('',(#8684),#8312);
#8829=STYLED_ITEM('',(#8684),#8324);
#8830=STYLED_ITEM('',(#8684),#8354);
#8831=STYLED_ITEM('',(#8684),#8374);
#8832=STYLED_ITEM('',(#8591),#8394);
#8833=STYLED_ITEM('',(#8684),#8414);
#8834=STYLED_ITEM('',(#8591),#8434);
#8835=STYLED_ITEM('',(#8578),#8446);
#8836=STYLED_ITEM('',(#8684),#8476);
#8837=STYLED_ITEM('',(#8684),#8504);
#8838=STYLED_ITEM('',(#8684),#8516);
#8839=STYLED_ITEM('',(#8591),#8536);
#8840=STYLED_ITEM('',(#8591),#8556);
#8841=STYLED_ITEM('',(#8578),#8568);
#8842=MECHANICAL_DESIGN_GEOMETRIC_PRESENTATION_REPRESENTATION('',(#8579,#8580,#8581,#8582,#8583,#8584,#8592,#8593,#8594,#8595,#8596,#8597,#8598,#8599,#8600,#8601,#8602,#8603,#8604,#8605,#8606,#8607,#8608,#8609,#8610,#8611,#8612,#8613,#8614,#8615,#8616,#8617,#8618,#8619,#8620,#8621,#8622,#8623,#8624,#8625,#8626,#8627,#8628,#8629,#8630,#8631,#8632,#8633,#8634,#8635,#8636,#8637,#8638,#8639,#8640,#8641,#8642,#8643,#8644,#8645,#8646,#8647,#8648,#8649,#8650,#8651,#8652,#8653,#8654,#8655,#8656,#8657,#8658,#8659,#8660,#8661,#8662,#8663,#8664,#8665,#8666,#8667,#8668,#8669,#8670,#8671,#8672,#8673,#8674,#8675,#8676,#8677,#8685,#8686,#8687,#8688,#8689,#8690,#8691,#8692,#8693,#8694,#8695,#8696,#8697,#8698,#8699,#8700,#8701,#8702,#8703,#8704,#8705,#8706,#8707,#8708,#8709,#8710,#8711,#8712,#8713,#8714,#8715,#8716,#8717,#8718,#8719,#8720,#8721,#8722,#8723,#8724,#8725,#8726,#8727,#8728,#8729,#8730,#8731,#8732,#8733,#8734,#8735,#8736,#8737,#8738,#8739,#8740,#8741,#8742,#8743,#8744,#8745,#8746,#8747,#8748,#8749,#8750,#8751,#8752,#8753,#8754,#8755,#8756,#8757,#8758,#8759,#8760,#8761,#8762,#8763,#8764,#8765,#8773,#8774,#8775,#8776,#8777,#8778,#8779,#8780,#8781,#8782,#8783,#8784,#8785,#8786,#8787,#8788,#8789,#8790,#8791,#8792,#8793,#8794,#8795,#8796,#8797,#8798,#8799,#8800,#8801,#8802,#8803,#8804,#8805,#8806,#8807,#8808,#8809,#8810,#8811,#8812,#8813,#8814,#8815,#8816,#8817,#8818,#8819,#8820,#8821,#8822,#8823,#8824,#8825,#8826,#8827,#8828,#8829,#8830,#8831,#8832,#8833,#8834,#8835,#8836,#8837,#8838,#8839,#8840,#8841,#8850),#67);
#8843=COLOUR_RGB('\X2\FFFD2EBBFFFDFFFD\X0\',0.75,0.75,0.75);
#8844=FILL_AREA_STYLE_COLOUR('\X2\FFFD2EBBFFFDFFFD\X0\',#8843);
#8845=FILL_AREA_STYLE('\X2\FFFD2EBBFFFDFFFD\X0\',(#8844));
#8846=SURFACE_STYLE_FILL_AREA(#8845);
#8847=SURFACE_SIDE_STYLE('\X2\FFFD2EBBFFFDFFFD\X0\',(#8846));
#8848=SURFACE_STYLE_USAGE(.BOTH.,#8847);
#8849=PRESENTATION_STYLE_ASSIGNMENT((#8848));
#8850=STYLED_ITEM('',(#8849),#8571);
#8851=ADVANCED_BREP_SHAPE_REPRESENTATION('ABSR',(#8571),#36);
#8852=SHAPE_REPRESENTATION_RELATIONSHIP('SRR','None',#8851,#41);
ENDSEC;
END-ISO-10303-21;
